product_name,date,region,brand,category,sales_quantity,price,original_price,discount_percentage,stock_level,customer_rating,review_count,delivery_days,seller,is_weekend,is_holiday,day_of_week,month,quarter,sales_quantity_lag_1,price_lag_1,sales_quantity_lag_3,price_lag_3,sales_quantity_lag_7,price_lag_7,sales_quantity_rolling_mean_3,price_rolling_mean_3,sales_quantity_rolling_mean_7,price_rolling_mean_7,price_target,sales_target
Детская книга Гарри Поттер Дж. Роулинг,2025-03-01,Нижний Новгород,Махаон,Книги,24,970.0,970.0,0.0,200.0,4.9,701.0,7.0,АО «Владимиров Константинов»,True,False,5,3,1,,,,,,,,,,,579.5,207.0
Детская книга Гарри Поттер Дж. Роулинг,2025-03-01,Новосибирск,Махаон,Книги,27,840.0,840.0,0.0,108.0,4.9,312.0,2.0,"ООО «Логинова, Лазарев и Молчанова»",True,False,5,3,1,24.0,970.0,,,,,,,,,515.0,191.0
Детская книга Гарри Поттер Дж. Роулинг,2025-03-01,Ростов-на-Дону,Махаон,Книги,24,779.5,779.5,0.0,322.5,5.0,457.0,4.0,Media Direction Group,True,False,5,3,1,27.0,840.0,,,,,25.0,863.1666666666666,,,910.0,185.0
Детская книга Гарри Поттер Дж. Роулинг,2025-03-01,Санкт-Петербург,Махаон,Книги,50,875.0,875.0,0.0,215.5,4.9,694.0,3.5,Кулаков и партнеры,True,False,5,3,1,24.0,779.5,24.0,970.0,,,33.666666666666664,831.5,,,889.0,147.0
Детская книга Гарри Поттер Дж. Роулинг,2025-03-02,Москва,Махаон,Книги,21,800.0,800.0,0.0,487.0,5.0,323.0,7.0,НПО «Ермаков»,True,False,6,3,1,50.0,875.0,27.0,840.0,,,31.666666666666668,818.1666666666666,,,980.0,134.0
Детская книга Гарри Поттер Дж. Роулинг,2025-03-02,Нижний Новгород,Махаон,Книги,21,610.0,769.0,19.0,511.0,5.0,682.0,7.0,Нортгаз,True,False,6,3,1,21.0,800.0,24.0,779.5,,,30.666666666666668,761.6666666666666,,,990.0,140.0
Детская книга Гарри Поттер Дж. Роулинг,2025-03-02,Самара,Махаон,Книги,17,900.0,900.0,0.0,284.0,5.0,365.0,2.0,ИП «Костин»,True,False,6,3,1,21.0,610.0,50.0,875.0,,,19.666666666666668,770.0,26.285714285714285,824.9285714285714,780.0,133.0
Детская книга Гарри Поттер Дж. Роулинг,2025-03-02,Санкт-Петербург,Махаон,Книги,47,579.5,775.0,24.5,91.0,4.85,393.0,2.5,Проктер Энд Гэмбл. Дистрибьюторская компания (Procter & Gamble),True,False,6,3,1,17.0,900.0,21.0,800.0,24.0,970.0,28.333333333333332,696.5,29.571428571428573,769.1428571428571,1025.0,100.0
Детская книга Гарри Поттер Дж. Роулинг,2025-03-02,Челябинск,Махаон,Книги,11,515.0,965.0,46.0,247.0,5.0,728.0,5.0,Зыков Инк,True,False,6,3,1,47.0,579.5,21.0,610.0,27.0,840.0,25.0,664.8333333333334,27.285714285714285,722.7142857142857,910.0,96.0
Детская книга Гарри Поттер Дж. Роулинг,2025-03-03,Санкт-Петербург,Махаон,Книги,18,910.0,910.0,0.0,81.0,5.0,675.0,7.0,"АО «Шестакова, Мельникова и Никифорова»",False,False,0,3,1,11.0,515.0,17.0,900.0,24.0,779.5,25.333333333333332,668.1666666666666,26.428571428571427,741.3571428571429,765.0,83.0
Детская книга Гарри Поттер Дж. Роулинг,2025-03-03,Уфа,Махаон,Книги,12,889.0,889.0,0.0,379.0,4.6,305.0,5.0,НПО «Воробьева»,False,False,0,3,1,18.0,910.0,47.0,579.5,50.0,875.0,13.666666666666666,771.3333333333334,21.0,743.3571428571429,840.0,77.0
Детская книга Гарри Поттер Дж. Роулинг,2025-03-03,Челябинск,Махаон,Книги,8,980.0,980.0,0.0,283.0,4.7,713.0,5.0,"АО «Зыкова, Назарова и Кулакова»",False,False,0,3,1,12.0,889.0,11.0,515.0,21.0,800.0,12.666666666666666,926.3333333333334,19.142857142857142,769.0714285714286,940.0,90.0
Детская книга Гарри Поттер Дж. Роулинг,2025-03-04,Москва,Махаон,Книги,27,990.0,990.0,0.0,129.0,5.0,731.0,5.0,Норникель,False,False,1,3,1,8.0,980.0,18.0,910.0,21.0,610.0,15.666666666666666,953.0,20.0,823.3571428571429,980.0,80.0
Детская книга Гарри Поттер Дж. Роулинг,2025-03-04,Самара,Махаон,Книги,10,780.0,780.0,0.0,128.0,4.8,412.0,1.0,РАО «Артемьева-Юдина»,False,False,1,3,1,27.0,990.0,12.0,889.0,17.0,900.0,15.0,916.6666666666666,19.0,806.2142857142857,899.0,98.0
Детская книга Гарри Поттер Дж. Роулинг,2025-03-04,Санкт-Петербург,Махаон,Книги,14,1025.0,1025.0,0.0,266.0,4.8,292.0,2.0,ОАО «Комиссарова»,False,False,1,3,1,10.0,780.0,8.0,980.0,47.0,579.5,17.0,931.6666666666666,14.285714285714286,869.8571428571429,912.0,108.0
Детская книга Гарри Поттер Дж. Роулинг,2025-03-04,Уфа,Махаон,Книги,7,910.0,910.0,0.0,230.0,4.9,573.0,3.0,НПО «Кошелев»,False,False,1,3,1,14.0,1025.0,27.0,990.0,11.0,515.0,10.333333333333334,905.0,13.714285714285714,926.2857142857143,805.0,108.0
Детская книга Гарри Поттер Дж. Роулинг,2025-03-04,Челябинск,Махаон,Книги,5,765.0,765.0,0.0,262.0,5.0,341.0,2.0,АО «Евдокимов-Овчинникова»,False,False,1,3,1,7.0,910.0,10.0,780.0,18.0,910.0,8.666666666666666,900.0,11.857142857142858,905.5714285714286,915.0,122.0
Детская книга Гарри Поттер Дж. Роулинг,2025-03-05,Казань,Махаон,Книги,6,840.0,840.0,0.0,467.0,4.9,374.0,7.0,РАО «Большаков Кириллова»,False,False,2,3,1,5.0,765.0,14.0,1025.0,12.0,889.0,6.0,838.3333333333334,11.0,898.5714285714286,1039.0,122.0
Детская книга Гарри Поттер Дж. Роулинг,2025-03-05,Москва,Махаон,Книги,21,940.0,940.0,0.0,498.0,5.0,712.0,3.0,"ИП «Яковлев, Давыдов и Коновалова»",False,False,2,3,1,6.0,840.0,7.0,910.0,8.0,980.0,10.666666666666666,848.3333333333334,12.857142857142858,892.8571428571429,610.0,128.0
Детская книга Гарри Поттер Дж. Роулинг,2025-03-05,Новосибирск,Махаон,Книги,17,980.0,980.0,0.0,455.0,4.8,396.0,5.0,ООО «Тимофеева Ильин»,False,False,2,3,1,21.0,940.0,5.0,765.0,27.0,990.0,14.666666666666666,920.0,11.428571428571429,891.4285714285714,869.5,149.0
Детская книга Гарри Поттер Дж. Роулинг,2025-03-05,Санкт-Петербург,Махаон,Книги,28,899.0,899.0,0.0,306.0,5.0,265.0,3.0,Дорофеева Инк,False,False,2,3,1,17.0,980.0,6.0,840.0,10.0,780.0,22.0,939.6666666666666,14.0,908.4285714285714,809.0,131.0
Детская книга Гарри Поттер Дж. Роулинг,2025-03-05,Уфа,Махаон,Книги,24,912.0,912.0,0.0,209.0,4.6,434.0,4.5,РАО «Воронцова Миронова»,False,False,2,3,1,28.0,899.0,21.0,940.0,14.0,1025.0,23.0,930.3333333333334,15.428571428571429,892.2857142857143,830.0,139.0
Детская книга Гарри Поттер Дж. Роулинг,2025-03-06,Екатеринбург,Махаон,Книги,7,805.0,805.0,0.0,29.0,5.0,420.0,5.0,РАО «Моисеев»,False,False,3,3,1,24.0,912.0,17.0,980.0,7.0,910.0,19.666666666666668,872.0,15.428571428571429,877.2857142857143,605.0,160.0
Детская книга Гарри Поттер Дж. Роулинг,2025-03-06,Москва,Махаон,Книги,19,915.0,915.0,0.0,425.0,4.6,321.0,3.0,РусВинил,False,False,3,3,1,7.0,805.0,28.0,899.0,5.0,765.0,16.666666666666668,877.3333333333334,17.428571428571427,898.7142857142857,785.0,165.0
Детская книга Гарри Поттер Дж. Роулинг,2025-03-06,Ростов-на-Дону,Махаон,Книги,6,1039.0,1039.0,0.0,135.0,4.8,417.0,3.0,Морской терминал Тамань,False,False,3,3,1,19.0,915.0,24.0,912.0,6.0,840.0,10.666666666666666,919.6666666666666,17.428571428571427,927.1428571428571,820.0,217.0
Детская книга Гарри Поттер Дж. Роулинг,2025-03-06,Санкт-Петербург,Махаон,Книги,27,610.0,850.0,28.0,204.0,4.6,566.0,5.0,Архипов Групп,False,False,3,3,1,6.0,1039.0,7.0,805.0,21.0,940.0,17.333333333333332,854.6666666666666,18.285714285714285,880.0,910.0,210.0
Детская книга Гарри Поттер Дж. Роулинг,2025-03-07,Москва,Махаон,Книги,38,869.5,869.5,0.0,259.0,4.8,404.0,4.0,НПО «Ильина-Кириллова»,False,False,4,3,1,27.0,610.0,19.0,915.0,17.0,980.0,23.666666666666668,839.5,21.285714285714285,864.2142857142857,910.0,190.0
Детская книга Гарри Поттер Дж. Роулинг,2025-03-07,Новосибирск,Махаон,Книги,10,809.0,809.0,0.0,166.0,4.9,722.0,5.0,"ООО «Устинова, Аксенов и Боброва»",False,False,4,3,1,38.0,869.5,6.0,1039.0,28.0,899.0,25.0,762.8333333333334,18.714285714285715,851.3571428571429,1010.0,189.0
Детская книга Гарри Поттер Дж. Роулинг,2025-03-08,Нижний Новгород,Махаон,Книги,32,830.0,830.0,0.0,200.0,4.6,248.0,7.0,"НПО «Зуева, Лебедева и Журавлева»",True,True,5,3,1,10.0,809.0,27.0,610.0,24.0,912.0,26.666666666666668,836.1666666666666,19.857142857142858,839.6428571428571,800.0,188.0
Детская книга Гарри Поттер Дж. Роулинг,2025-03-08,Уфа,Махаон,Книги,28,605.0,949.0,36.0,199.0,4.9,333.0,3.0,НПО «Гуляева»,True,True,5,3,1,32.0,830.0,38.0,869.5,7.0,805.0,23.333333333333332,748.0,22.857142857142858,811.0714285714286,780.0,173.0
Детская книга Гарри Поттер Дж. Роулинг,2025-03-09,Екатеринбург,Махаон,Книги,24,785.0,785.0,0.0,385.0,4.8,315.0,3.0,ИП «Моисеева-Носова»,True,False,6,3,1,28.0,605.0,10.0,809.0,19.0,915.0,28.0,740.0,23.571428571428573,792.5,785.0,156.0
Детская книга Гарри Поттер Дж. Роулинг,2025-03-09,Москва,Махаон,Книги,58,820.0,957.0,14.0,313.0,4.9,302.5,3.5,Кулакова Групп,True,False,6,3,1,24.0,785.0,32.0,830.0,6.0,1039.0,36.666666666666664,736.6666666666666,31.0,761.2142857142857,799.0,121.0
Детская книга Гарри Поттер Дж. Роулинг,2025-03-09,Новосибирск,Махаон,Книги,20,910.0,910.0,0.0,385.0,4.7,706.0,3.0,Мишлен (Michelin),True,False,6,3,1,58.0,820.0,28.0,605.0,27.0,610.0,34.0,838.3333333333334,30.0,804.0714285714286,975.0,106.0
Детская книга Гарри Поттер Дж. Роулинг,2025-03-09,Челябинск,Махаон,Книги,18,910.0,910.0,0.0,235.0,4.6,331.0,1.0,РАО «Мамонтова-Гришин»,True,False,6,3,1,20.0,910.0,24.0,785.0,38.0,869.5,32.0,880.0,27.142857142857142,809.8571428571429,759.0,96.0
Детская книга Гарри Поттер Дж. Роулинг,2025-03-10,Екатеринбург,Махаон,Книги,9,1010.0,1010.0,0.0,494.0,5.0,622.0,2.0,ОАО «Кулакова»,False,False,0,3,1,18.0,910.0,58.0,820.0,10.0,809.0,15.666666666666666,943.3333333333334,27.0,838.5714285714286,519.0,111.0
Детская книга Гарри Поттер Дж. Роулинг,2025-03-10,Москва,Махаон,Книги,31,800.0,800.0,0.0,181.0,5.0,325.0,2.0,Сорокина Групп,False,False,0,3,1,9.0,1010.0,20.0,910.0,32.0,830.0,19.333333333333332,906.6666666666666,26.857142857142858,834.2857142857143,909.0,86.0
Детская книга Гарри Поттер Дж. Роулинг,2025-03-10,Челябинск,Махаон,Книги,13,780.0,780.0,0.0,186.0,4.9,582.0,3.0,Группа Ренессанс Страхование,False,False,0,3,1,31.0,800.0,18.0,910.0,28.0,605.0,17.666666666666668,863.3333333333334,24.714285714285715,859.2857142857143,670.0,84.0
Детская книга Гарри Поттер Дж. Роулинг,2025-03-11,Казань,Махаон,Книги,7,785.0,785.0,0.0,487.0,4.6,281.0,3.0,ОАО «Красильникова»,False,False,1,3,1,13.0,780.0,9.0,1010.0,24.0,785.0,17.0,788.3333333333334,22.285714285714285,859.2857142857143,835.0,103.0
Детская книга Гарри Поттер Дж. Роулинг,2025-03-11,Москва,Махаон,Книги,23,799.0,799.0,0.0,429.0,4.6,567.0,1.0,НПО «Дементьева Кононов»,False,False,1,3,1,7.0,785.0,31.0,800.0,58.0,820.0,14.333333333333334,788.0,17.285714285714285,856.2857142857143,789.0,85.0
Детская книга Гарри Поттер Дж. Роулинг,2025-03-11,Ростов-на-Дону,Махаон,Книги,5,975.0,975.0,0.0,412.0,5.0,625.0,3.0,ВЭБ.РФ,False,False,1,3,1,23.0,799.0,13.0,780.0,20.0,910.0,11.666666666666666,853.0,15.142857142857142,865.5714285714286,867.5,99.0
Детская книга Гарри Поттер Дж. Роулинг,2025-03-11,Самара,Махаон,Книги,8,759.0,759.0,0.0,420.0,5.0,515.0,5.0,"РАО «Ковалев, Сысоев и Абрамова»",False,False,1,3,1,5.0,975.0,7.0,785.0,18.0,910.0,12.0,844.3333333333334,13.714285714285714,844.0,850.0,103.0
Детская книга Гарри Поттер Дж. Роулинг,2025-03-11,Санкт-Петербург,Махаон,Книги,24,519.0,849.0,39.0,440.0,4.7,414.0,5.0,ООО «Щукин Дорофеева»,False,False,1,3,1,8.0,759.0,23.0,799.0,9.0,1010.0,12.333333333333334,751.0,15.857142857142858,773.8571428571429,825.0,97.0
Детская книга Гарри Поттер Дж. Роулинг,2025-03-11,Уфа,Махаон,Книги,6,909.0,909.0,0.0,220.0,5.0,673.0,2.0,ОАО «Савин Игнатьев»,False,False,1,3,1,24.0,519.0,5.0,975.0,31.0,800.0,12.666666666666666,729.0,12.285714285714286,789.4285714285714,944.0,176.0
Детская книга Гарри Поттер Дж. Роулинг,2025-03-13,Нижний Новгород,Махаон,Книги,11,670.0,790.0,14.0,340.0,5.0,353.0,2.0,АО «Белов»,False,False,3,3,1,6.0,909.0,8.0,759.0,13.0,780.0,13.666666666666666,699.3333333333334,12.0,773.7142857142857,930.0,187.0
Детская книга Гарри Поттер Дж. Роулинг,2025-03-13,Санкт-Петербург,Махаон,Книги,26,835.0,835.0,0.0,309.0,4.8,646.0,3.0,ЗАО «Королева Александров»,False,False,3,3,1,11.0,670.0,24.0,519.0,7.0,785.0,14.333333333333334,804.6666666666666,14.714285714285714,780.8571428571429,1010.0,190.0
Детская книга Гарри Поттер Дж. Роулинг,2025-03-13,Уфа,Махаон,Книги,5,789.0,789.0,0.0,126.0,5.0,456.0,3.0,Госкорпорация по ОрВД,False,False,3,3,1,26.0,835.0,6.0,909.0,23.0,799.0,14.0,764.6666666666666,12.142857142857142,779.4285714285714,929.0,196.0
Детская книга Гарри Поттер Дж. Роулинг,2025-03-14,Новосибирск,Махаон,Книги,19,867.5,867.5,0.0,141.0,4.85,418.0,4.5,Щукина Инк,False,False,4,3,1,5.0,789.0,11.0,670.0,5.0,975.0,16.666666666666668,830.5,14.142857142857142,764.0714285714286,980.0,190.0
Детская книга Гарри Поттер Дж. Роулинг,2025-03-14,Самара,Махаон,Книги,12,850.0,850.0,0.0,421.0,4.9,404.0,5.0,Макдоналдc (McDonald`s),False,False,4,3,1,19.0,867.5,26.0,835.0,8.0,759.0,12.0,835.5,14.714285714285714,777.0714285714286,1039.0,186.0
Детская книга Гарри Поттер Дж. Роулинг,2025-03-14,Санкт-Петербург,Махаон,Книги,18,825.0,825.0,0.0,357.0,5.0,302.0,2.0,Шилова Инкорпорэйтед,False,False,4,3,1,12.0,850.0,5.0,789.0,24.0,519.0,16.333333333333332,847.5,13.857142857142858,820.7857142857143,957.0,206.0
Детская книга Гарри Поттер Дж. Роулинг,2025-03-15,Москва,Махаон,Книги,85,944.0,944.0,0.0,102.5,4.95,480.5,1.5,"РАО «Алексеев, Сидорова и Вишнякова»",True,False,5,3,1,18.0,825.0,19.0,867.5,6.0,909.0,38.333333333333336,873.0,25.142857142857142,825.7857142857143,635.0,138.0
Детская книга Гарри Поттер Дж. Роулинг,2025-03-15,Челябинск,Махаон,Книги,22,930.0,930.0,0.0,472.0,5.0,274.0,1.0,ООО «Носкова Михайлова»,True,False,5,3,1,85.0,944.0,12.0,850.0,11.0,670.0,41.666666666666664,899.6666666666666,26.714285714285715,862.9285714285714,795.0,126.0
Детская книга Гарри Поттер Дж. Роулинг,2025-03-16,Новосибирск,Махаон,Книги,29,1010.0,1010.0,0.0,35.0,4.6,656.0,2.0,ОАО «Ефремова»,True,False,6,3,1,22.0,930.0,18.0,825.0,26.0,835.0,45.333333333333336,961.3333333333334,27.142857142857142,887.9285714285714,920.0,118.0
Детская книга Гарри Поттер Дж. Роулинг,2025-03-16,Самара,Махаон,Книги,11,929.0,929.0,0.0,190.0,4.8,713.0,3.0,РАО «Беспалова-Цветкова»,True,False,6,3,1,29.0,1010.0,85.0,944.0,5.0,789.0,20.666666666666668,956.3333333333334,28.0,907.9285714285714,687.0,130.0
Детская книга Гарри Поттер Дж. Роулинг,2025-03-17,Екатеринбург,Махаон,Книги,13,980.0,980.0,0.0,280.0,4.8,627.0,2.0,АО «Лихачев Моисеева»,False,False,0,3,1,11.0,929.0,22.0,930.0,19.0,867.5,17.666666666666668,973.0,27.142857142857142,924.0,1010.0,132.0
Детская книга Гарри Поттер Дж. Роулинг,2025-03-17,Казань,Махаон,Книги,8,1039.0,1039.0,0.0,181.0,4.7,463.0,3.0,Нефтьмагистраль,False,False,0,3,1,13.0,980.0,29.0,1010.0,12.0,850.0,10.666666666666666,982.6666666666666,26.571428571428573,951.0,930.0,135.0
Детская книга Гарри Поттер Дж. Роулинг,2025-03-17,Москва,Махаон,Книги,38,957.0,957.0,0.0,361.5,4.95,493.5,2.5,Савельева Лимитед,False,False,0,3,1,8.0,1039.0,11.0,929.0,18.0,825.0,19.666666666666668,992.0,29.428571428571427,969.8571428571429,882.5,136.0
Детская книга Гарри Поттер Дж. Роулинг,2025-03-17,Нижний Новгород,Махаон,Книги,17,635.0,900.0,29.0,175.0,4.6,290.0,3.0,"РАО «Казакова, Воронцов и Денисова»",False,False,0,3,1,38.0,957.0,13.0,980.0,85.0,944.0,21.0,877.0,19.714285714285715,925.7142857142857,790.0,125.0
Детская книга Гарри Поттер Дж. Роулинг,2025-03-17,Уфа,Махаон,Книги,10,795.0,795.0,0.0,335.0,5.0,436.0,5.0,ООО «Воронцов»,False,False,0,3,1,17.0,635.0,8.0,1039.0,22.0,930.0,21.666666666666668,795.6666666666666,18.0,906.4285714285714,849.0,128.0
Детская книга Гарри Поттер Дж. Роулинг,2025-03-18,Екатеринбург,Махаон,Книги,21,920.0,920.0,0.0,200.0,4.8,512.0,7.0,"ОАО «Брагина, Зуев и Воронцов»",False,False,1,3,1,10.0,795.0,38.0,957.0,29.0,1010.0,16.0,783.3333333333334,16.857142857142858,893.5714285714286,1020.0,122.0
Детская книга Гарри Поттер Дж. Роулинг,2025-03-18,Казань,Махаон,Книги,23,687.0,850.0,20.0,260.0,4.8,365.0,3.0,ИП «Гуляева»,False,False,1,3,1,21.0,920.0,17.0,635.0,11.0,929.0,18.0,800.6666666666666,18.571428571428573,859.0,878.75,154.0
Детская книга Гарри Поттер Дж. Роулинг,2025-03-18,Новосибирск,Махаон,Книги,15,1010.0,1010.0,0.0,484.0,5.0,572.0,2.0,ИП «Игнатова»,False,False,1,3,1,23.0,687.0,10.0,795.0,13.0,980.0,19.666666666666668,872.3333333333334,18.857142857142858,863.2857142857143,840.0,159.0
Детская книга Гарри Поттер Дж. Роулинг,2025-03-18,Уфа,Махаон,Книги,11,930.0,930.0,0.0,180.0,5.0,565.0,5.0,ЗАО «Тарасова-Лихачева»,False,False,1,3,1,15.0,1010.0,21.0,920.0,8.0,1039.0,16.333333333333332,875.6666666666666,19.285714285714285,847.7142857142857,1010.0,159.0
Детская книга Гарри Поттер Дж. Роулинг,2025-03-19,Екатеринбург,Махаон,Книги,39,882.5,882.5,0.0,305.5,5.0,319.0,5.0,"ЗАО «Архипова, Фокин и Павлова»",False,False,2,3,1,11.0,930.0,23.0,687.0,38.0,957.0,21.666666666666668,940.8333333333334,19.428571428571427,837.0714285714286,469.0,127.0
Детская книга Гарри Поттер Дж. Роулинг,2025-03-19,Уфа,Махаон,Книги,6,790.0,790.0,0.0,281.0,4.6,453.0,1.0,НПО «Евсеева Морозов»,False,False,2,3,1,39.0,882.5,15.0,1010.0,17.0,635.0,18.666666666666668,867.5,17.857142857142858,859.2142857142857,909.0,134.0
Детская книга Гарри Поттер Дж. Роулинг,2025-03-19,Челябинск,Махаон,Книги,13,849.0,849.0,0.0,332.0,4.8,353.0,2.0,ЗАО «Уварова»,False,False,2,3,1,6.0,790.0,11.0,930.0,10.0,795.0,19.333333333333332,840.5,18.285714285714285,866.9285714285714,835.0,130.0
Детская книга Маленький принц А. де Сент-Экзюпери,2025-03-01,Екатеринбург,Эксмо,Книги,11,455.0,455.0,0.0,22.0,4.5,543.0,2.0,"ОАО «Орлов, Шилов и Белозеров»",True,False,5,3,1,,,,,,,,,,,445.0,156.0
Детская книга Маленький принц А. де Сент-Экзюпери,2025-03-01,Казань,Эксмо,Книги,13,450.0,450.0,0.0,67.0,5.0,443.0,3.0,РАО «Петухов»,True,False,5,3,1,11.0,455.0,,,,,,,,,450.0,183.0
Детская книга Маленький принц А. де Сент-Экзюпери,2025-03-01,Москва,Эксмо,Книги,36,565.0,565.0,0.0,353.0,5.0,250.0,5.0,Меркушева Инкорпорэйтед,True,False,5,3,1,13.0,450.0,,,,,20.0,490.0,,,429.0,175.0
Детская книга Маленький принц А. де Сент-Экзюпери,2025-03-01,Нижний Новгород,Эксмо,Книги,28,500.0,500.0,0.0,446.0,4.75,521.5,1.0,ООО «Кононов Комиссарова»,True,False,5,3,1,36.0,565.0,11.0,455.0,,,25.666666666666668,505.0,,,565.0,154.0
Детская книга Маленький принц А. де Сент-Экзюпери,2025-03-01,Новосибирск,Эксмо,Книги,14,420.0,420.0,0.0,502.0,4.9,384.0,2.0,Гришина Инк,True,False,5,3,1,28.0,500.0,13.0,450.0,,,26.0,495.0,,,400.0,161.0
Детская книга Маленький принц А. де Сент-Экзюпери,2025-03-01,Уфа,Эксмо,Книги,19,510.0,510.0,0.0,432.0,4.8,468.0,1.0,Самойлова Инкорпорэйтед,True,False,5,3,1,14.0,420.0,36.0,565.0,,,20.333333333333332,476.6666666666667,,,499.0,158.0
Детская книга Маленький принц А. де Сент-Экзюпери,2025-03-02,Екатеринбург,Эксмо,Книги,27,460.0,460.0,0.0,127.0,4.5,326.0,2.0,"ИП «Гришин, Гаврилов и Пахомова»",True,False,6,3,1,19.0,510.0,28.0,500.0,,,20.0,463.3333333333333,21.142857142857142,480.0,539.5,162.0
Детская книга Маленький принц А. де Сент-Экзюпери,2025-03-02,Казань,Эксмо,Книги,19,445.0,445.0,0.0,374.0,4.6,371.0,2.0,ИП «Тетерина-Михеева»,True,False,6,3,1,27.0,460.0,14.0,420.0,11.0,455.0,21.666666666666668,471.6666666666667,22.285714285714285,478.57142857142856,420.0,150.0
Детская книга Маленький принц А. де Сент-Экзюпери,2025-03-02,Москва,Эксмо,Книги,40,450.0,450.0,0.0,217.0,4.8,251.0,5.0,Владимирова Инкорпорэйтед,True,False,6,3,1,19.0,445.0,19.0,510.0,13.0,450.0,28.666666666666668,451.6666666666667,26.142857142857142,478.57142857142856,525.0,131.0
Детская книга Маленький принц А. де Сент-Экзюпери,2025-03-03,Москва,Эксмо,Книги,28,429.0,429.0,0.0,491.0,5.0,533.0,7.0,ЗАО «Чернов-Фомина»,False,False,0,3,1,40.0,450.0,27.0,460.0,36.0,565.0,29.0,441.3333333333333,25.0,459.14285714285717,455.0,112.0
Детская книга Маленький принц А. де Сент-Экзюпери,2025-03-03,Самара,Эксмо,Книги,7,565.0,565.0,0.0,362.0,4.6,625.0,2.0,Уралкалий,False,False,0,3,1,28.0,429.0,19.0,445.0,28.0,500.0,25.0,481.3333333333333,22.0,468.42857142857144,560.0,113.0
Детская книга Маленький принц А. де Сент-Экзюпери,2025-03-03,Санкт-Петербург,Эксмо,Книги,21,400.0,400.0,0.0,102.0,5.0,675.0,3.0,ОАО «Ефимов Галкина»,False,False,0,3,1,7.0,565.0,40.0,450.0,14.0,420.0,18.666666666666668,464.6666666666667,23.0,465.57142857142856,490.0,103.0
Детская книга Маленький принц А. де Сент-Экзюпери,2025-03-04,Казань,Эксмо,Книги,16,499.0,499.0,0.0,220.0,4.6,327.0,3.0,Стройтранснефтегаз,False,False,1,3,1,21.0,400.0,28.0,429.0,19.0,510.0,14.666666666666666,488.0,22.571428571428573,464.0,390.0,105.0
Детская книга Маленький принц А. де Сент-Экзюпери,2025-03-04,Москва,Эксмо,Книги,31,539.5,539.5,0.0,192.5,4.800000000000001,615.5,4.0,Скания-Русь (Scania),False,False,1,3,1,16.0,499.0,7.0,565.0,27.0,460.0,22.666666666666668,479.5,23.142857142857142,475.35714285714283,585.0,81.0
Детская книга Маленький принц А. де Сент-Экзюпери,2025-03-04,Новосибирск,Эксмо,Книги,7,420.0,420.0,0.0,389.0,5.0,633.0,7.0,Билла (Rewe),False,False,1,3,1,31.0,539.5,21.0,400.0,19.0,445.0,18.0,486.1666666666667,21.428571428571427,471.7857142857143,495.0,86.0
Детская книга Маленький принц А. де Сент-Экзюпери,2025-03-04,Санкт-Петербург,Эксмо,Книги,21,525.0,525.0,0.0,236.0,4.7,312.0,2.0,Большаков Лтд,False,False,1,3,1,7.0,420.0,16.0,499.0,40.0,450.0,19.666666666666668,494.8333333333333,18.714285714285715,482.5,427.5,115.0
Детская книга Маленький принц А. де Сент-Экзюпери,2025-03-04,Челябинск,Эксмо,Книги,9,455.0,455.0,0.0,484.0,4.7,407.0,5.0,НПО «Емельянов Борисов»,False,False,1,3,1,21.0,525.0,31.0,539.5,28.0,429.0,12.333333333333334,466.6666666666667,16.0,486.2142857142857,500.0,112.0
Детская книга Маленький принц А. де Сент-Экзюпери,2025-03-05,Казань,Эксмо,Книги,8,560.0,560.0,0.0,173.0,4.9,379.0,5.0,"НПО «Лобанова, Власов и Власов»",False,False,2,3,1,9.0,455.0,7.0,420.0,7.0,565.0,12.666666666666666,513.3333333333334,16.142857142857142,485.5,374.5,133.0
Детская книга Маленький принц А. де Сент-Экзюпери,2025-03-05,Нижний Новгород,Эксмо,Книги,11,490.0,490.0,0.0,309.0,5.0,391.0,2.0,"ООО «Волкова, Калинин и Журавлева»",False,False,2,3,1,8.0,560.0,21.0,525.0,21.0,400.0,9.333333333333334,501.6666666666667,14.714285714285714,498.35714285714283,409.0,170.0
Детская книга Маленький принц А. де Сент-Экзюпери,2025-03-05,Новосибирск,Эксмо,Книги,18,390.0,390.0,0.0,117.0,4.6,292.0,7.0,ЗАО «Наумов»,False,False,2,3,1,11.0,490.0,9.0,455.0,16.0,499.0,12.333333333333334,480.0,15.0,482.7857142857143,550.0,215.0
Детская книга Маленький принц А. де Сент-Экзюпери,2025-03-05,Самара,Эксмо,Книги,7,585.0,585.0,0.0,154.0,4.9,328.0,1.0,Группа Магнезит,False,False,2,3,1,18.0,390.0,8.0,560.0,31.0,539.5,12.0,488.3333333333333,11.571428571428571,489.2857142857143,450.0,244.0
Детская книга Маленький принц А. де Сент-Экзюпери,2025-03-05,Челябинск,Эксмо,Книги,12,495.0,495.0,0.0,373.0,4.7,637.0,7.0,АО «Гурьев»,False,False,2,3,1,7.0,585.0,11.0,490.0,7.0,420.0,12.333333333333334,490.0,12.285714285714286,500.0,500.0,292.0
Детская книга Маленький принц А. де Сент-Экзюпери,2025-03-06,Москва,Эксмо,Книги,50,427.5,427.5,0.0,304.5,4.7,470.5,5.0,Лаврентьев Лтд,False,False,3,3,1,12.0,495.0,18.0,390.0,21.0,525.0,23.0,502.5,16.428571428571427,486.07142857142856,590.0,273.0
Детская книга Маленький принц А. де Сент-Экзюпери,2025-03-06,Челябинск,Эксмо,Книги,6,500.0,500.0,0.0,349.0,4.7,267.0,2.0,Максимов Инк,False,False,3,3,1,50.0,427.5,7.0,585.0,9.0,455.0,22.666666666666668,474.1666666666667,16.0,492.5,509.0,281.0
Детская книга Маленький принц А. де Сент-Экзюпери,2025-03-07,Екатеринбург,Эксмо,Книги,29,374.5,489.0,23.5,98.0,4.75,646.5,1.5,Белоусова и партнеры,False,False,4,3,1,6.0,500.0,12.0,495.0,8.0,560.0,28.333333333333332,434.0,19.0,466.0,455.0,264.0
Детская книга Маленький принц А. де Сент-Экзюпери,2025-03-08,Екатеринбург,Эксмо,Книги,48,409.0,409.0,0.0,484.0,4.6,523.0,5.0,Абрамов Групп,True,True,5,3,1,29.0,374.5,50.0,427.5,11.0,490.0,27.666666666666668,427.8333333333333,24.285714285714285,454.42857142857144,445.0,251.0
Детская книга Маленький принц А. де Сент-Экзюпери,2025-03-08,Новосибирск,Эксмо,Книги,63,550.0,550.0,0.0,91.0,5.0,413.0,3.0,Рябова Групп,True,True,5,3,1,48.0,409.0,6.0,500.0,18.0,390.0,46.666666666666664,444.5,30.714285714285715,477.2857142857143,494.3333333333333,228.0
Детская книга Маленький принц А. де Сент-Экзюпери,2025-03-08,Ростов-на-Дону,Эксмо,Книги,36,450.0,450.0,0.0,63.0,5.0,573.0,3.0,ОАО «Мамонтова-Дроздова»,True,True,5,3,1,63.0,550.0,29.0,374.5,7.0,585.0,49.0,469.6666666666667,34.857142857142854,458.0,480.0,203.0
Детская книга Маленький принц А. де Сент-Экзюпери,2025-03-08,Санкт-Петербург,Эксмо,Книги,60,500.0,500.0,0.0,115.0,4.5,550.0,3.0,ИП «Кошелева»,True,True,5,3,1,36.0,450.0,48.0,409.0,12.0,495.0,53.0,500.0,41.714285714285715,458.7142857142857,420.0,154.0
Детская книга Маленький принц А. де Сент-Экзюпери,2025-03-08,Челябинск,Эксмо,Книги,31,590.0,590.0,0.0,171.0,4.8,357.0,3.0,ИП «Борисов-Соловьев»,True,True,5,3,1,60.0,500.0,63.0,550.0,50.0,427.5,42.333333333333336,513.3333333333334,39.0,481.92857142857144,417.5,173.0
Детская книга Маленький принц А. де Сент-Экзюпери,2025-03-09,Екатеринбург,Эксмо,Книги,14,509.0,509.0,0.0,488.0,4.5,626.0,5.0,АО «Сергеева»,True,False,6,3,1,31.0,590.0,36.0,450.0,6.0,500.0,35.0,533.0,40.142857142857146,483.2142857142857,589.0,167.0
Детская книга Маленький принц А. де Сент-Экзюпери,2025-03-09,Казань,Эксмо,Книги,12,455.0,455.0,0.0,400.0,4.8,476.0,5.0,РАО «Молчанова Пестова»,True,False,6,3,1,14.0,509.0,60.0,500.0,29.0,374.5,19.0,518.0,37.714285714285715,494.7142857142857,452.0,190.0
Детская книга Маленький принц А. де Сент-Экзюпери,2025-03-09,Москва,Эксмо,Книги,35,445.0,445.0,0.0,219.0,5.0,502.0,2.0,"ИП «Шашкова, Блохин и Максимова»",True,False,6,3,1,12.0,455.0,31.0,590.0,48.0,409.0,20.333333333333332,469.6666666666667,35.857142857142854,499.85714285714283,490.0,189.0
Детская книга Маленький принц А. де Сент-Экзюпери,2025-03-09,Новосибирск,Эксмо,Книги,40,494.3333333333333,494.3333333333333,0.0,220.33333333333334,4.866666666666667,555.6666666666666,6.333333333333333,ОАО «Кондратьев Уваров»,True,False,6,3,1,35.0,445.0,14.0,509.0,63.0,550.0,29.0,464.77777777777777,32.57142857142857,491.9047619047619,425.0,155.0
Детская книга Маленький принц А. де Сент-Экзюпери,2025-03-09,Ростов-на-Дону,Эксмо,Книги,11,480.0,580.0,15.0,441.0,4.9,682.0,3.0,Саткинский чугуноплавильный завод,True,False,6,3,1,40.0,494.3333333333333,12.0,455.0,36.0,450.0,28.666666666666668,473.1111111111111,29.0,496.1904761904762,495.0,151.0
Детская книга Маленький принц А. де Сент-Экзюпери,2025-03-09,Самара,Эксмо,Книги,11,420.0,420.0,0.0,443.0,4.9,630.0,2.0,Селиверстова Инкорпорэйтед,True,False,6,3,1,11.0,480.0,35.0,445.0,60.0,500.0,20.666666666666668,464.77777777777777,22.0,484.76190476190476,557.0,157.0
Детская книга Маленький принц А. де Сент-Экзюпери,2025-03-09,Санкт-Петербург,Эксмо,Книги,50,417.5,417.5,0.0,225.5,4.8,452.5,4.0,"АО «Кабанов, Шубин и Матвеева»",True,False,6,3,1,11.0,420.0,40.0,494.3333333333333,31.0,590.0,24.0,439.1666666666667,24.714285714285715,460.11904761904765,487.5,131.0
Детская книга Маленький принц А. де Сент-Экзюпери,2025-03-10,Екатеринбург,Эксмо,Книги,8,589.0,589.0,0.0,315.0,4.9,256.0,3.0,ОАО «Трофимов»,False,False,0,3,1,50.0,417.5,11.0,480.0,14.0,509.0,23.0,475.5,23.857142857142858,471.547619047619,410.0,134.0
Детская книга Маленький принц А. де Сент-Экзюпери,2025-03-10,Москва,Эксмо,Книги,35,452.0,549.5,16.5,131.0,5.0,522.5,3.0,ЗАО «Пестов»,False,False,0,3,1,8.0,589.0,11.0,420.0,12.0,455.0,31.0,486.1666666666667,27.142857142857142,471.1190476190476,420.0,107.0
Детская книга Маленький принц А. де Сент-Экзюпери,2025-03-10,Санкт-Петербург,Эксмо,Книги,34,490.0,490.0,0.0,148.5,4.85,592.0,3.0,НПО «Смирнова»,False,False,0,3,1,35.0,452.0,50.0,417.5,35.0,445.0,25.666666666666668,510.3333333333333,27.0,477.547619047619,345.0,93.0
Детская книга Маленький принц А. де Сент-Экзюпери,2025-03-10,Челябинск,Эксмо,Книги,6,425.0,425.0,0.0,230.0,5.0,371.0,2.0,Группа М.Видео-Эльдорадо,False,False,0,3,1,34.0,490.0,8.0,589.0,40.0,494.3333333333333,25.0,455.6666666666667,22.142857142857142,467.64285714285717,350.0,98.0
Детская книга Маленький принц А. де Сент-Экзюпери,2025-03-11,Казань,Эксмо,Книги,7,495.0,495.0,0.0,382.0,4.7,454.0,5.0,Эбботт лэбораториз (Abbott Laboratories),False,False,1,3,1,6.0,425.0,35.0,452.0,11.0,480.0,15.666666666666666,470.0,21.571428571428573,469.7857142857143,445.0,104.0
Детская книга Маленький принц А. де Сент-Экзюпери,2025-03-11,Ростов-на-Дону,Эксмо,Книги,17,557.0,557.0,0.0,115.5,4.8,501.5,2.0,Мишин Групп,False,False,1,3,1,7.0,495.0,34.0,490.0,11.0,420.0,10.0,492.3333333333333,22.428571428571427,489.35714285714283,415.0,114.0
Детская книга Маленький принц А. де Сент-Экзюпери,2025-03-12,Казань,Эксмо,Книги,24,487.5,487.5,0.0,106.5,4.8,607.0,2.0,НПО «Рябов Назаров»,False,False,2,3,1,17.0,557.0,6.0,425.0,50.0,417.5,16.0,513.1666666666666,18.714285714285715,499.35714285714283,382.5,112.0
Детская книга Маленький принц А. де Сент-Экзюпери,2025-03-12,Новосибирск,Эксмо,Книги,11,410.0,410.0,0.0,47.0,4.9,565.0,5.0,Никифорова Лимитед,False,False,2,3,1,24.0,487.5,7.0,495.0,8.0,589.0,17.333333333333332,484.8333333333333,19.142857142857142,473.7857142857143,472.0,137.0
Детская книга Маленький принц А. де Сент-Экзюпери,2025-03-12,Самара,Эксмо,Книги,8,420.0,420.0,0.0,391.0,4.8,329.0,2.0,АО «Комаров»,False,False,2,3,1,11.0,410.0,17.0,557.0,35.0,452.0,14.333333333333334,439.1666666666667,15.285714285714286,469.2142857142857,410.0,150.0
Детская книга Маленький принц А. де Сент-Экзюпери,2025-03-12,Санкт-Петербург,Эксмо,Книги,20,345.0,505.0,30.0,85.0,5.0,512.0,2.0,ПКФ ДиПОС,False,False,2,3,1,8.0,420.0,24.0,487.5,34.0,490.0,13.0,391.6666666666667,13.285714285714286,448.5,480.0,167.0
Детская книга Маленький принц А. де Сент-Экзюпери,2025-03-12,Челябинск,Эксмо,Книги,11,350.0,550.0,35.0,383.0,4.6,377.0,2.0,РМ Рейл,False,False,2,3,1,20.0,345.0,11.0,410.0,6.0,425.0,13.0,371.6666666666667,14.0,437.7857142857143,510.0,177.0
Детская книга Маленький принц А. де Сент-Экзюпери,2025-03-13,Челябинск,Эксмо,Книги,13,445.0,470.0,5.0,219.0,4.7,532.0,1.0,Пестова Инк,False,False,3,3,1,11.0,350.0,8.0,420.0,7.0,495.0,14.666666666666666,380.0,14.857142857142858,430.64285714285717,470.0,195.0
Детская книга Маленький принц А. де Сент-Экзюпери,2025-03-14,Москва,Эксмо,Книги,27,415.0,415.0,0.0,229.0,5.0,345.0,2.0,АО «Куликов-Муравьева»,False,False,4,3,1,13.0,445.0,20.0,345.0,17.0,557.0,17.0,403.3333333333333,16.285714285714285,410.35714285714283,550.0,206.0
Детская книга Маленький принц А. де Сент-Экзюпери,2025-03-14,Нижний Новгород,Эксмо,Книги,22,382.5,547.5,28.0,142.0,4.55,574.0,2.5,АО «Белов-Семенов»,False,False,4,3,1,27.0,415.0,11.0,350.0,24.0,487.5,20.666666666666668,414.1666666666667,16.0,395.35714285714283,457.0,232.0
Детская книга Маленький принц А. де Сент-Экзюпери,2025-03-15,Новосибирск,Эксмо,Книги,36,472.0,472.0,0.0,240.5,4.65,436.0,2.0,Красильников Инк,True,False,5,3,1,22.0,382.5,13.0,445.0,11.0,410.0,28.333333333333332,423.1666666666667,19.571428571428573,404.2142857142857,410.0,214.0
Детская книга Маленький принц А. де Сент-Экзюпери,2025-03-15,Ростов-на-Дону,Эксмо,Книги,21,410.0,410.0,0.0,450.0,5.0,509.0,3.0,АО «Брагин»,True,False,5,3,1,36.0,472.0,27.0,415.0,8.0,420.0,26.333333333333332,421.5,21.428571428571427,402.7857142857143,319.0,202.0
Детская книга Маленький принц А. де Сент-Экзюпери,2025-03-15,Санкт-Петербург,Эксмо,Книги,37,480.0,480.0,0.0,121.0,4.7,538.0,5.0,ООО «Капустина-Кулакова»,True,False,5,3,1,21.0,410.0,22.0,382.5,20.0,345.0,31.333333333333332,454.0,23.857142857142858,422.07142857142856,355.0,190.0
Детская книга Маленький принц А. де Сент-Экзюпери,2025-03-16,Нижний Новгород,Эксмо,Книги,21,510.0,510.0,0.0,43.0,4.9,476.0,1.0,РАО «Воронова»,True,False,6,3,1,37.0,480.0,36.0,472.0,11.0,350.0,26.333333333333332,466.6666666666667,25.285714285714285,444.92857142857144,570.0,175.0
Детская книга Маленький принц А. де Сент-Экзюпери,2025-03-16,Новосибирск,Эксмо,Книги,31,470.0,470.0,0.0,442.0,4.9,623.0,2.0,НПО «Ильина Некрасов»,True,False,6,3,1,21.0,510.0,21.0,410.0,13.0,445.0,29.666666666666668,486.6666666666667,27.857142857142858,448.5,295.0,158.0
Детская книга Маленький принц А. де Сент-Экзюпери,2025-03-16,Санкт-Петербург,Эксмо,Книги,38,550.0,550.0,0.0,245.0,5.0,668.0,5.0,РАО «Игнатов-Гришин»,True,False,6,3,1,31.0,470.0,37.0,480.0,27.0,415.0,30.0,510.0,29.428571428571427,467.7857142857143,389.0,156.0
Детская книга Маленький принц А. де Сент-Экзюпери,2025-03-17,Москва,Эксмо,Книги,48,457.0,457.0,0.0,277.5,4.75,500.0,3.0,ЗАО «Кузнецова-Рожков»,False,False,0,3,1,38.0,550.0,21.0,510.0,22.0,382.5,39.0,492.3333333333333,33.142857142857146,478.42857142857144,440.0,128.0
Детская книга Маленький принц А. де Сент-Экзюпери,2025-03-17,Новосибирск,Эксмо,Книги,18,410.0,480.0,15.0,43.0,4.6,362.0,1.0,НПО «Петрова»,False,False,0,3,1,48.0,457.0,31.0,470.0,36.0,472.0,34.666666666666664,472.3333333333333,30.571428571428573,469.57142857142856,450.0,124.0
Детская книга Маленький принц А. де Сент-Экзюпери,2025-03-18,Екатеринбург,Эксмо,Книги,9,319.0,439.0,28.0,505.0,5.0,384.0,5.0,ЗАО «Силина Большаков»,False,False,1,3,1,18.0,410.0,38.0,550.0,21.0,410.0,25.0,395.3333333333333,28.857142857142858,456.57142857142856,467.5,135.0
Детская книга Маленький принц А. де Сент-Экзюпери,2025-03-19,Казань,Эксмо,Книги,25,355.0,519.5,32.0,261.0,4.8,677.5,2.0,АО «Кудрявцева-Крылов»,False,False,2,3,1,9.0,319.0,48.0,457.0,37.0,480.0,17.333333333333332,361.3333333333333,27.142857142857142,438.7142857142857,469.0,130.0
Детская книга Маленький принц А. де Сент-Экзюпери,2025-03-19,Нижний Новгород,Эксмо,Книги,6,570.0,570.0,0.0,414.0,4.5,542.0,1.0,ООО «Щербаков»,False,False,2,3,1,25.0,355.0,18.0,410.0,21.0,510.0,13.333333333333334,414.6666666666667,25.0,447.2857142857143,559.0,140.0
Детская книга Маленький принц А. де Сент-Экзюпери,2025-03-19,Челябинск,Эксмо,Книги,14,295.0,429.0,30.0,115.0,5.0,343.0,3.0,АО «Самсонова-Соболев»,False,False,2,3,1,6.0,570.0,9.0,319.0,31.0,470.0,15.0,406.6666666666667,22.571428571428573,422.2857142857143,440.0,167.0
Детская книга Приключения Незнайки Н. Носов,2025-03-01,Ростов-на-Дону,Росмэн,Книги,29,582.5,582.5,0.0,220.0,4.5,448.5,2.0,ООО «Прохоров-Тимофеев»,True,False,5,3,1,,,,,,,,,,,499.0,178.0
Детская книга Приключения Незнайки Н. Носов,2025-03-01,Санкт-Петербург,Росмэн,Книги,44,567.0,567.0,0.0,397.0,4.65,560.0,3.5,"РАО «Романова, Колобова и Овчинникова»",True,False,5,3,1,29.0,582.5,,,,,,,,,630.0,146.0
Детская книга Приключения Незнайки Н. Носов,2025-03-01,Челябинск,Росмэн,Книги,16,619.0,619.0,0.0,158.0,4.9,626.0,5.0,НПО «Матвеев Рябова»,True,False,5,3,1,44.0,567.0,,,,,29.666666666666668,589.5,,,490.0,151.0
Детская книга Приключения Незнайки Н. Носов,2025-03-02,Екатеринбург,Росмэн,Книги,21,650.0,650.0,0.0,223.0,4.7,395.0,5.0,АО «Михеева-Лыткина»,True,False,6,3,1,16.0,619.0,29.0,582.5,,,27.0,612.0,,,560.0,145.0
Детская книга Приключения Незнайки Н. Носов,2025-03-02,Москва,Росмэн,Книги,40,485.0,485.0,0.0,211.0,4.6,660.0,1.0,ООО «Галкина Титов»,True,False,6,3,1,21.0,650.0,44.0,567.0,,,25.666666666666668,584.6666666666666,,,660.0,122.0
Детская книга Приключения Незнайки Н. Носов,2025-03-03,Москва,Росмэн,Книги,36,587.5,587.5,0.0,300.5,4.75,557.0,7.0,НПО «Соловьев»,False,False,0,3,1,40.0,485.0,16.0,619.0,,,32.333333333333336,574.1666666666666,,,480.0,97.0
Детская книга Приключения Незнайки Н. Носов,2025-03-03,Санкт-Петербург,Росмэн,Книги,14,590.0,590.0,0.0,16.0,4.5,487.0,3.0,"ИП «Полякова, Зуева и Михеева»",False,False,0,3,1,36.0,587.5,21.0,650.0,,,30.0,554.1666666666666,28.571428571428573,583.0,645.0,92.0
Детская книга Приключения Незнайки Н. Носов,2025-03-04,Екатеринбург,Росмэн,Книги,7,499.0,499.0,0.0,93.0,4.9,385.0,2.0,Семенов Инк,False,False,1,3,1,14.0,590.0,40.0,485.0,29.0,582.5,19.0,558.8333333333334,25.428571428571427,571.0714285714286,419.5,104.0
Детская книга Приключения Незнайки Н. Носов,2025-03-04,Москва,Росмэн,Книги,12,630.0,630.0,0.0,155.0,4.5,524.0,2.0,Силина и партнеры,False,False,1,3,1,7.0,499.0,36.0,587.5,44.0,567.0,11.0,573.0,20.857142857142858,580.0714285714286,510.0,106.0
Детская книга Приключения Незнайки Н. Носов,2025-03-04,Санкт-Петербург,Росмэн,Книги,21,490.0,490.0,0.0,54.0,4.6,684.0,1.0,РАО «Никитин Ермакова»,False,False,1,3,1,12.0,630.0,14.0,590.0,16.0,619.0,13.333333333333334,539.6666666666666,21.571428571428573,561.6428571428571,615.0,92.0
Детская книга Приключения Незнайки Н. Носов,2025-03-04,Челябинск,Росмэн,Книги,15,560.0,560.0,0.0,95.0,4.8,508.0,5.0,"РАО «Данилова, Морозова и Зуева»",False,False,1,3,1,21.0,490.0,7.0,499.0,21.0,650.0,16.0,560.0,20.714285714285715,548.7857142857143,560.0,86.0
Детская книга Приключения Незнайки Н. Носов,2025-03-05,Екатеринбург,Росмэн,Книги,17,660.0,719.0,7.0,473.0,4.5,664.0,3.0,РАО «Кулагина Антонов»,False,False,2,3,1,15.0,560.0,12.0,630.0,40.0,485.0,17.666666666666668,570.0,17.428571428571427,573.7857142857143,569.0,74.0
Детская книга Приключения Незнайки Н. Носов,2025-03-05,Казань,Росмэн,Книги,11,480.0,480.0,0.0,203.0,4.9,259.0,2.0,Хендэ Мотор СНГ (Hyundai),False,False,2,3,1,17.0,660.0,21.0,490.0,36.0,587.5,14.333333333333334,566.6666666666666,13.857142857142858,558.4285714285714,490.0,71.0
Детская книга Приключения Незнайки Н. Носов,2025-03-05,Ростов-на-Дону,Росмэн,Книги,9,645.0,645.0,0.0,127.0,4.8,702.0,3.0,НПО «Яковлева-Исаев»,False,False,2,3,1,11.0,480.0,15.0,560.0,14.0,590.0,12.333333333333334,595.0,13.142857142857142,566.2857142857143,632.5,89.0
Детская книга Приключения Незнайки Н. Носов,2025-03-05,Самара,Росмэн,Книги,19,419.5,619.5,32.0,230.5,4.5,363.5,5.0,РАО «Беляков»,False,False,2,3,1,9.0,645.0,17.0,660.0,7.0,499.0,13.0,514.8333333333334,14.857142857142858,554.9285714285714,499.0,104.0
Детская книга Приключения Незнайки Н. Носов,2025-03-05,Челябинск,Росмэн,Книги,14,510.0,510.0,0.0,461.0,4.8,534.0,2.0,РАО «Терентьев-Исаков»,False,False,2,3,1,19.0,419.5,11.0,480.0,12.0,630.0,14.0,524.8333333333334,15.142857142857142,537.7857142857143,680.0,128.0
Детская книга Приключения Незнайки Н. Носов,2025-03-06,Нижний Новгород,Росмэн,Книги,7,615.0,615.0,0.0,370.0,4.8,433.0,3.0,ООО «Тарасов»,False,False,3,3,1,14.0,510.0,9.0,645.0,21.0,490.0,13.333333333333334,514.8333333333334,13.142857142857142,555.6428571428571,557.0,234.0
Детская книга Приключения Незнайки Н. Носов,2025-03-06,Самара,Росмэн,Книги,9,560.0,560.0,0.0,280.0,5.0,553.0,7.0,Рожков Групп,False,False,3,3,1,7.0,615.0,19.0,419.5,15.0,560.0,10.0,561.6666666666666,12.285714285714286,555.6428571428571,635.0,263.0
Детская книга Приключения Незнайки Н. Носов,2025-03-06,Уфа,Росмэн,Книги,5,569.0,569.0,0.0,162.0,4.5,301.0,3.0,НПО «Михайлова Тарасова»,False,False,3,3,1,9.0,560.0,14.0,510.0,17.0,660.0,7.0,581.3333333333334,10.571428571428571,542.6428571428571,520.0,267.0
Детская книга Приключения Незнайки Н. Носов,2025-03-07,Казань,Росмэн,Книги,8,490.0,490.0,0.0,222.0,4.7,475.0,5.0,Лобанов Лтд,False,False,4,3,1,5.0,569.0,7.0,615.0,11.0,480.0,7.333333333333333,539.6666666666666,10.142857142857142,544.0714285714286,639.0,263.0
Детская книга Приключения Незнайки Н. Носов,2025-03-07,Москва,Росмэн,Книги,27,632.5,659.5,3.5,286.0,4.8,447.0,2.0,"ОАО «Никитин, Ефремова и Воробьев»",False,False,4,3,1,8.0,490.0,9.0,560.0,9.0,645.0,13.333333333333334,563.8333333333334,12.714285714285714,542.2857142857143,567.5,283.0
Детская книга Приключения Незнайки Н. Носов,2025-03-08,Екатеринбург,Росмэн,Книги,34,499.0,499.0,0.0,178.0,4.7,699.0,1.0,Иркутская нефтяная компания,True,True,5,3,1,27.0,632.5,5.0,569.0,19.0,419.5,23.0,540.5,14.857142857142858,553.6428571428571,655.0,263.0
Детская книга Приключения Незнайки Н. Носов,2025-03-08,Ростов-на-Дону,Росмэн,Книги,38,680.0,680.0,0.0,393.0,4.6,348.0,2.0,Запсибгазпром,True,True,5,3,1,34.0,499.0,8.0,490.0,14.0,510.0,33.0,603.8333333333334,18.285714285714285,577.9285714285714,710.0,235.0
Детская книга Приключения Незнайки Н. Носов,2025-03-08,Санкт-Петербург,Росмэн,Книги,113,557.0,557.0,0.0,319.5,4.8,525.5,2.0,Фомичева Инкорпорэйтед,True,True,5,3,1,38.0,680.0,27.0,632.5,7.0,615.0,61.666666666666664,578.6666666666666,33.42857142857143,569.6428571428571,710.0,132.0
Детская книга Приключения Незнайки Н. Носов,2025-03-09,Москва,Росмэн,Книги,38,635.0,635.0,0.0,147.0,4.8,350.0,7.0,Киселева Групп,True,False,6,3,1,113.0,557.0,34.0,499.0,9.0,560.0,63.0,624.0,37.57142857142857,580.3571428571429,600.0,113.0
Детская книга Приключения Незнайки Н. Носов,2025-03-09,Челябинск,Росмэн,Книги,9,520.0,520.0,0.0,487.0,4.6,591.0,7.0,ИП «Шарова-Ковалев»,True,False,6,3,1,38.0,635.0,38.0,680.0,5.0,569.0,53.333333333333336,570.6666666666666,38.142857142857146,573.3571428571429,529.5,129.0
Детская книга Приключения Незнайки Н. Носов,2025-03-10,Ростов-на-Дону,Росмэн,Книги,4,639.0,639.0,0.0,330.0,4.7,346.0,2.0,АНГК,False,False,0,3,1,9.0,520.0,113.0,557.0,8.0,490.0,17.0,598.0,37.57142857142857,594.6428571428571,560.0,150.0
Детская книга Приключения Незнайки Н. Носов,2025-03-11,Екатеринбург,Росмэн,Книги,47,567.5,567.5,0.0,381.75,4.725,522.5,4.25,СДС Азот,False,False,1,3,1,4.0,639.0,38.0,635.0,27.0,632.5,20.0,575.5,40.42857142857143,585.3571428571429,640.0,114.0
Детская книга Приключения Незнайки Н. Носов,2025-03-11,Нижний Новгород,Росмэн,Книги,14,655.0,655.0,0.0,328.5,4.85,600.0,4.0,Компания Адамас,False,False,1,3,1,47.0,567.5,9.0,520.0,34.0,499.0,21.666666666666668,620.5,37.57142857142857,607.6428571428571,659.0,110.0
Детская книга Приключения Незнайки Н. Носов,2025-03-11,Самара,Росмэн,Книги,10,710.0,710.0,0.0,236.0,4.4,580.0,2.0,Вишнякова Инкорпорэйтед,False,False,1,3,1,14.0,655.0,4.0,639.0,38.0,680.0,23.666666666666668,644.1666666666666,33.57142857142857,611.9285714285714,355.0,134.0
Детская книга Приключения Незнайки Н. Носов,2025-03-11,Уфа,Росмэн,Книги,10,710.0,710.0,0.0,245.0,4.6,361.0,3.0,ООО «Кудрявцев Дементьева»,False,False,1,3,1,10.0,710.0,47.0,567.5,113.0,557.0,11.333333333333334,691.6666666666666,18.857142857142858,633.7857142857143,700.0,135.0
Детская книга Приключения Незнайки Н. Носов,2025-03-12,Екатеринбург,Росмэн,Книги,19,600.0,600.0,0.0,298.0,4.9,550.0,5.0,САП СНГ (SAP),False,False,2,3,1,10.0,710.0,14.0,655.0,38.0,635.0,13.0,673.3333333333334,16.142857142857142,628.7857142857143,650.0,165.0
Детская книга Приключения Незнайки Н. Носов,2025-03-12,Нижний Новгород,Росмэн,Книги,25,529.5,529.5,0.0,290.5,4.7,321.0,2.5,ОАО «Гурьева-Беспалова»,False,False,2,3,1,19.0,600.0,10.0,710.0,9.0,520.0,18.0,613.1666666666666,18.428571428571427,630.1428571428571,630.0,152.0
Детская книга Приключения Незнайки Н. Носов,2025-03-12,Новосибирск,Росмэн,Книги,25,560.0,600.0,5.5,325.0,4.65,325.5,2.0,"ОАО «Тарасова, Титова и Федотова»",False,False,2,3,1,25.0,529.5,10.0,710.0,4.0,639.0,23.0,563.1666666666666,21.428571428571427,618.8571428571429,535.0,150.0
Детская книга Приключения Незнайки Н. Носов,2025-03-12,Ростов-на-Дону,Росмэн,Книги,11,640.0,640.0,0.0,304.0,4.8,422.0,1.0,ООО «Меркушева Белозерова»,False,False,2,3,1,25.0,560.0,19.0,600.0,47.0,567.5,20.333333333333332,576.5,16.285714285714285,629.2142857142857,500.0,148.0
Детская книга Приключения Незнайки Н. Носов,2025-03-12,Самара,Росмэн,Книги,10,659.0,659.0,0.0,238.0,4.7,418.0,3.0,КДВ Групп,False,False,2,3,1,11.0,640.0,25.0,529.5,14.0,655.0,15.333333333333334,619.6666666666666,15.714285714285714,629.7857142857143,380.0,162.0
Детская книга Приключения Незнайки Н. Носов,2025-03-13,Москва,Росмэн,Книги,34,355.0,625.0,43.0,225.0,5.0,588.0,3.0,РАО «Наумова»,False,False,3,3,1,10.0,659.0,25.0,560.0,10.0,710.0,18.333333333333332,551.3333333333334,19.142857142857142,579.0714285714286,720.0,158.0
Детская книга Приключения Незнайки Н. Носов,2025-03-14,Новосибирск,Росмэн,Книги,11,700.0,700.0,0.0,52.0,4.8,330.0,3.0,Боэс Констракшн (Boes Construction),False,False,4,3,1,34.0,355.0,11.0,640.0,10.0,710.0,18.333333333333332,571.3333333333334,19.285714285714285,577.6428571428571,577.5,185.0
Детская книга Приключения Незнайки Н. Носов,2025-03-15,Москва,Росмэн,Книги,49,650.0,650.0,0.0,342.0,4.6,537.0,7.0,Новикомбанк,True,False,5,3,1,11.0,700.0,10.0,659.0,19.0,600.0,31.333333333333332,568.3333333333334,23.571428571428573,584.7857142857143,510.0,149.0
Детская книга Приключения Незнайки Н. Носов,2025-03-15,Нижний Новгород,Росмэн,Книги,12,630.0,630.0,0.0,303.0,4.7,578.0,3.0,ОАО «Калинина-Колобов»,True,False,5,3,1,49.0,650.0,34.0,355.0,25.0,529.5,24.0,660.0,21.714285714285715,599.1428571428571,670.0,154.0
Детская книга Приключения Незнайки Н. Носов,2025-03-15,Новосибирск,Росмэн,Книги,23,535.0,535.0,0.0,53.0,4.4,618.0,5.0,"ООО «Давыдов, Кудрявцев и Фомичева»",True,False,5,3,1,12.0,630.0,11.0,700.0,25.0,560.0,28.0,605.0,21.428571428571427,595.5714285714286,295.0,159.0
Детская книга Приключения Незнайки Н. Носов,2025-03-15,Самара,Росмэн,Книги,9,500.0,500.0,0.0,304.0,4.5,685.0,7.0,АО «Устинова»,True,False,5,3,1,23.0,535.0,49.0,650.0,11.0,640.0,14.666666666666666,555.0,21.142857142857142,575.5714285714286,679.0,163.0
Детская книга Приключения Незнайки Н. Носов,2025-03-15,Санкт-Петербург,Росмэн,Книги,24,380.0,650.0,42.0,432.0,4.4,445.0,3.0,ОАО «Беляков-Меркушев»,True,False,5,3,1,9.0,500.0,12.0,630.0,10.0,659.0,18.666666666666668,471.6666666666667,23.142857142857142,535.7142857142857,580.0,153.0
Детская книга Приключения Незнайки Н. Носов,2025-03-16,Екатеринбург,Росмэн,Книги,30,720.0,720.0,0.0,305.0,4.6,521.0,1.0,АО «Агафонова»,True,False,6,3,1,24.0,380.0,23.0,535.0,34.0,355.0,21.0,533.3333333333334,22.571428571428573,587.8571428571429,380.0,138.0
Детская книга Приключения Незнайки Н. Носов,2025-03-16,Нижний Новгород,Росмэн,Книги,38,577.5,577.5,0.0,81.0,5.0,409.5,2.0,НПО «Крылова»,True,False,6,3,1,30.0,720.0,9.0,500.0,11.0,700.0,30.666666666666668,559.1666666666666,26.428571428571427,570.3571428571429,480.0,110.0
Детская книга Приключения Незнайки Н. Носов,2025-03-16,Новосибирск,Росмэн,Книги,13,510.0,510.0,0.0,67.0,4.5,263.0,7.0,РАО «Семенова»,True,False,6,3,1,38.0,577.5,24.0,380.0,49.0,650.0,27.0,602.5,21.285714285714285,550.3571428571429,379.0,110.0
Детская книга Приключения Незнайки Н. Носов,2025-03-16,Самара,Росмэн,Книги,17,670.0,670.0,0.0,49.0,4.5,377.0,2.0,АО «Одинцова-Журавлева»,True,False,6,3,1,13.0,510.0,30.0,720.0,12.0,630.0,22.666666666666668,585.8333333333334,22.0,556.0714285714286,620.0,109.0
Детская книга Приключения Незнайки Н. Носов,2025-03-16,Санкт-Петербург,Росмэн,Книги,28,295.0,500.0,41.0,146.0,4.4,451.0,2.0,ООО «Ефимова Кузнецова»,True,False,6,3,1,17.0,670.0,38.0,577.5,23.0,535.0,19.333333333333332,491.6666666666667,22.714285714285715,521.7857142857143,485.0,90.0
Детская книга Приключения Незнайки Н. Носов,2025-03-17,Челябинск,Росмэн,Книги,13,679.0,679.0,0.0,464.0,4.9,256.0,3.0,Охрана Росгвардии,False,False,0,3,1,28.0,295.0,13.0,510.0,9.0,500.0,19.333333333333332,548.0,23.285714285714285,547.3571428571429,525.0,82.0
Детская книга Приключения Незнайки Н. Носов,2025-03-18,Екатеринбург,Росмэн,Книги,14,580.0,580.0,0.0,122.0,4.7,415.0,5.0,"НПО «Шашкова, Савельев и Кулагина»",False,False,1,3,1,13.0,679.0,17.0,670.0,24.0,380.0,18.333333333333332,518.0,21.857142857142858,575.9285714285714,499.0,76.0
Детская книга Приключения Незнайки Н. Носов,2025-03-18,Москва,Росмэн,Книги,15,380.0,510.0,26.0,232.0,4.5,503.0,3.0,ИП «Жукова Давыдова»,False,False,1,3,1,14.0,580.0,28.0,295.0,30.0,720.0,14.0,546.3333333333334,19.714285714285715,527.3571428571429,530.0,73.0
Детская книга Приключения Незнайки Н. Носов,2025-03-18,Ростов-на-Дону,Росмэн,Книги,10,480.0,630.0,22.0,91.0,4.6,267.0,2.0,ООО «Савельев»,False,False,1,3,1,15.0,380.0,13.0,679.0,38.0,577.5,13.0,480.0,15.714285714285714,513.4285714285714,605.0,71.0
Детская книга Приключения Незнайки Н. Носов,2025-03-19,Самара,Росмэн,Книги,13,379.0,500.0,23.0,356.0,4.7,323.0,3.0,НПО «Громова-Некрасова»,False,False,2,3,1,10.0,480.0,14.0,580.0,13.0,510.0,12.666666666666666,413.0,15.714285714285714,494.7142857142857,529.0,78.0
Детская книга Приключения Незнайки Н. Носов,2025-03-19,Санкт-Петербург,Росмэн,Книги,16,620.0,620.0,0.0,247.0,4.7,606.0,1.0,ИП «Баранов-Ермакова»,False,False,2,3,1,13.0,379.0,15.0,380.0,17.0,670.0,13.0,493.0,15.571428571428571,487.57142857142856,587.0,99.0
Джинсы Lee Rider,2025-03-01,Москва,Lee,Одежда,37,6659.0,6659.0,0.0,193.0,4.4,592.0,2.0,ОАО «Сергеева-Фомин»,True,False,5,3,1,,,,,,,,,,,8010.0,176.0
Джинсы Lee Rider,2025-03-02,Казань,Lee,Одежда,20,7149.0,7149.0,0.0,334.0,4.9,522.0,2.0,Гришин Инкорпорэйтед,True,False,6,3,1,37.0,6659.0,,,,,,,,,7572.5,180.0
Джинсы Lee Rider,2025-03-02,Новосибирск,Lee,Одежда,11,8230.0,8230.0,0.0,203.0,4.5,385.0,1.0,"ИП «Лебедев, Щукина и Власова»",True,False,6,3,1,20.0,7149.0,,,,,22.666666666666668,7346.0,,,8679.0,178.0
Джинсы Lee Rider,2025-03-02,Санкт-Петербург,Lee,Одежда,30,8174.5,8174.5,0.0,372.0,4.699999999999999,419.5,2.5,Симонов Инк,True,False,6,3,1,11.0,8230.0,37.0,6659.0,,,20.333333333333332,7851.166666666667,,,6840.0,157.0
Джинсы Lee Rider,2025-03-03,Москва,Lee,Одежда,69,6871.333333333333,6871.333333333333,0.0,270.3333333333333,4.533333333333334,458.3333333333333,2.3333333333333335,Воронцов Лтд,False,False,0,3,1,30.0,8174.5,20.0,7149.0,,,36.666666666666664,7758.61111111111,,,7285.0,98.0
Джинсы Lee Rider,2025-03-03,Уфа,Lee,Одежда,13,7960.0,7960.0,0.0,102.0,4.4,530.0,1.0,РАО «Ларионов Егоров»,False,False,0,3,1,69.0,6871.333333333333,11.0,8230.0,,,37.333333333333336,7668.61111111111,,,6239.0,97.0
Джинсы Lee Rider,2025-03-05,Екатеринбург,Lee,Одежда,20,6119.0,7289.0,16.0,334.0,4.4,547.0,5.0,ОАО «Колесников-Никифорова»,False,False,2,3,1,13.0,7960.0,30.0,8174.5,,,34.0,6983.444444444444,28.571428571428573,7308.976190476191,6392.5,242.0
Джинсы Lee Rider,2025-03-05,Казань,Lee,Одежда,13,8010.0,8010.0,0.0,487.0,4.4,269.0,2.0,Старттех,False,False,2,3,1,20.0,6119.0,69.0,6871.333333333333,37.0,6659.0,15.333333333333334,7363.0,25.142857142857142,7501.976190476191,6530.0,284.0
Джинсы Lee Rider,2025-03-05,Новосибирск,Lee,Одежда,24,7572.5,7572.5,0.0,199.0,4.800000000000001,298.5,3.5,Полюс,False,False,2,3,1,13.0,8010.0,13.0,7960.0,20.0,7149.0,19.0,7233.833333333333,25.714285714285715,7562.476190476191,6200.0,294.0
Джинсы Lee Rider,2025-03-05,Самара,Lee,Одежда,9,8679.0,8679.0,0.0,353.0,4.6,508.0,5.0,ЗАО «Якушев-Фролов»,False,False,2,3,1,24.0,7572.5,20.0,6119.0,11.0,8230.0,15.333333333333334,8087.166666666667,25.428571428571427,7626.619047619047,8089.0,299.0
Джинсы Lee Rider,2025-03-05,Челябинск,Lee,Одежда,9,6840.0,6840.0,0.0,332.0,4.5,257.0,3.0,Группа ГМС,False,False,2,3,1,9.0,8679.0,13.0,8010.0,30.0,8174.5,14.0,7697.166666666667,22.428571428571427,7435.97619047619,8525.0,333.0
Джинсы Lee Rider,2025-03-06,Нижний Новгород,Lee,Одежда,10,7285.0,7285.0,0.0,227.0,4.7,552.0,5.0,РАО «Колобов»,False,False,3,3,1,9.0,6840.0,24.0,7572.5,69.0,6871.333333333333,9.333333333333334,7601.333333333333,14.0,7495.071428571428,8139.5,344.0
Джинсы Lee Rider,2025-03-06,Ростов-на-Дону,Lee,Одежда,12,6239.0,6239.0,0.0,185.0,4.3,557.0,3.0,РАО «Исаева Петухов»,False,False,3,3,1,10.0,7285.0,9.0,8679.0,13.0,7960.0,10.333333333333334,6788.0,13.857142857142858,7249.214285714285,8755.0,365.0
Джинсы Lee Rider,2025-03-08,Москва,Lee,Одежда,165,6392.5,8315.0,22.0,122.0,4.65,326.0,3.5,"РАО «Гаврилов, Крылова и Журавлев»",True,True,5,3,1,12.0,6239.0,9.0,6840.0,20.0,6119.0,62.333333333333336,6638.833333333333,34.57142857142857,7288.285714285715,7550.0,210.0
Джинсы Lee Rider,2025-03-08,Новосибирск,Lee,Одежда,55,6530.0,6530.0,0.0,197.0,4.8,529.0,3.0,ОАО «Архипова»,True,True,5,3,1,165.0,6392.5,10.0,7285.0,13.0,8010.0,77.33333333333333,6387.166666666667,40.57142857142857,7076.857142857143,6750.0,162.0
Джинсы Lee Rider,2025-03-08,Уфа,Lee,Одежда,34,6200.0,6200.0,0.0,280.0,4.5,233.0,3.0,ОАО «Селиверстов»,True,True,5,3,1,55.0,6530.0,12.0,6239.0,24.0,7572.5,84.66666666666667,6374.166666666667,42.0,6880.785714285715,6777.0,170.0
Джинсы Lee Rider,2025-03-09,Екатеринбург,Lee,Одежда,14,8089.0,8089.0,0.0,105.0,4.5,276.0,2.0,ИП «Дьячков-Коновалов»,True,False,6,3,1,34.0,6200.0,165.0,6392.5,9.0,8679.0,34.333333333333336,6939.666666666667,42.714285714285715,6796.5,7505.0,170.0
Джинсы Lee Rider,2025-03-09,Москва,Lee,Одежда,43,8525.0,8525.0,0.0,83.0,4.7,267.0,3.0,"ИП «Мясников, Цветкова и Жуков»",True,False,6,3,1,14.0,8089.0,55.0,6530.0,9.0,6840.0,30.333333333333332,7604.666666666667,47.57142857142857,7037.214285714285,3759.0,138.0
Джинсы Lee Rider,2025-03-09,Новосибирск,Lee,Одежда,21,8139.5,8139.5,0.0,243.0,4.35,317.5,2.5,"ЗАО «Терентьева, Федоров и Тарасов»",True,False,6,3,1,43.0,8525.0,34.0,6200.0,10.0,7285.0,26.0,8251.166666666666,49.142857142857146,7159.285714285715,7529.0,129.0
Джинсы Lee Rider,2025-03-09,Санкт-Петербург,Lee,Одежда,33,8755.0,8755.0,0.0,348.0,4.5,288.0,3.0,ООО «Силин Мишина»,True,False,6,3,1,21.0,8139.5,14.0,8089.0,12.0,6239.0,32.333333333333336,8473.166666666666,52.142857142857146,7518.714285714285,7825.0,113.0
Джинсы Lee Rider,2025-03-10,Екатеринбург,Lee,Одежда,10,7550.0,7550.0,0.0,382.0,4.9,560.0,2.0,Зарубежнефть,False,False,0,3,1,33.0,8755.0,43.0,8525.0,165.0,6392.5,21.333333333333332,8148.166666666667,30.0,7684.071428571428,6150.0,124.0
Джинсы Lee Rider,2025-03-10,Ростов-на-Дону,Lee,Одежда,7,6750.0,6750.0,0.0,328.0,4.4,324.0,2.0,ОАО «Вишнякова Игнатьева»,False,False,0,3,1,10.0,7550.0,21.0,8139.5,55.0,6530.0,16.666666666666668,7685.0,23.142857142857142,7715.5,7895.0,134.0
Джинсы Lee Rider,2025-03-11,Москва,Lee,Одежда,42,6777.0,7697.0,13.0,303.5,4.75,456.5,2.5,Белякова Инкорпорэйтед,False,False,1,3,1,7.0,6750.0,33.0,8755.0,34.0,6200.0,19.666666666666668,7025.666666666667,24.285714285714285,7797.928571428572,7380.0,119.0
Джинсы Lee Rider,2025-03-11,Челябинск,Lee,Одежда,14,7505.0,7505.0,0.0,162.0,4.5,654.0,2.0,Roust,False,False,1,3,1,42.0,6777.0,10.0,7550.0,14.0,8089.0,21.0,7010.666666666667,24.285714285714285,7714.5,7320.0,121.0
Джинсы Lee Rider,2025-03-12,Казань,Lee,Одежда,11,3759.0,7510.0,50.0,452.0,4.3,500.0,2.0,Носов Инкорпорэйтед,False,False,2,3,1,14.0,7505.0,7.0,6750.0,43.0,8525.0,22.333333333333332,6013.666666666667,19.714285714285715,7033.642857142857,8600.0,121.0
Джинсы Lee Rider,2025-03-12,Москва,Lee,Одежда,12,7529.0,7529.0,0.0,351.0,4.3,278.0,3.0,ИП «Исаков»,False,False,2,3,1,11.0,3759.0,42.0,6777.0,21.0,8139.5,12.333333333333334,6264.333333333333,18.428571428571427,6946.428571428572,6487.5,135.0
Джинсы Lee Rider,2025-03-12,Новосибирск,Lee,Одежда,17,7825.0,7825.0,0.0,89.0,4.6,371.0,3.0,НПО «Михеева Туров»,False,False,2,3,1,12.0,7529.0,14.0,7505.0,33.0,8755.0,13.333333333333334,6371.0,16.142857142857142,6813.571428571428,7920.0,138.0
Джинсы Lee Rider,2025-03-13,Казань,Lee,Одежда,21,6150.0,8312.5,26.0,345.0,4.55,609.5,5.0,"ОАО «Савин, Вишняков и Громова»",False,False,3,3,1,17.0,7825.0,11.0,3759.0,10.0,7550.0,16.666666666666668,7168.0,17.714285714285715,6613.571428571428,7500.0,128.0
Джинсы Lee Rider,2025-03-13,Москва,Lee,Одежда,17,7895.0,7895.0,0.0,238.0,4.6,659.0,5.0,Кошелев Групп,False,False,3,3,1,21.0,6150.0,12.0,7529.0,7.0,6750.0,18.333333333333332,7290.0,19.142857142857142,6777.142857142857,6829.0,139.0
Джинсы Lee Rider,2025-03-13,Санкт-Петербург,Lee,Одежда,27,7380.0,7380.0,0.0,504.0,4.5,231.0,2.0,ЗАО «Носков Горбунов»,False,False,3,3,1,17.0,7895.0,17.0,7825.0,42.0,6777.0,21.666666666666668,7141.666666666667,17.0,6863.285714285715,8610.0,127.0
Джинсы Lee Rider,2025-03-14,Екатеринбург,Lee,Одежда,16,7320.0,7320.0,0.0,322.0,4.6,565.0,1.0,ТМК,False,False,4,3,1,27.0,7380.0,21.0,6150.0,14.0,7505.0,20.0,7531.666666666667,17.285714285714285,6836.857142857143,7060.0,118.0
Джинсы Lee Rider,2025-03-14,Казань,Lee,Одежда,11,8600.0,8600.0,0.0,436.0,4.6,642.0,3.0,АО «Федотов»,False,False,4,3,1,16.0,7320.0,17.0,7895.0,11.0,3759.0,18.0,7766.666666666667,17.285714285714285,7528.428571428572,6320.0,133.0
Джинсы Lee Rider,2025-03-14,Новосибирск,Lee,Одежда,26,6487.5,6487.5,0.0,193.5,4.5,501.0,3.0,ЗАО «Рыбаков»,False,False,4,3,1,11.0,8600.0,27.0,7380.0,12.0,7529.0,17.666666666666668,7469.166666666667,19.285714285714285,7379.642857142857,7425.0,121.0
Джинсы Lee Rider,2025-03-16,Нижний Новгород,Lee,Одежда,20,7920.0,7920.0,0.0,197.0,4.7,467.0,5.0,НПО «Жданов Сорокина»,True,False,6,3,1,26.0,6487.5,16.0,7320.0,17.0,7825.0,19.0,7669.166666666667,19.714285714285715,7393.214285714285,5869.0,109.0
Джинсы Lee Rider,2025-03-16,Новосибирск,Lee,Одежда,11,7500.0,7500.0,0.0,276.0,4.3,400.0,5.0,"ЗАО «Рогов, Петрова и Костин»",True,False,6,3,1,20.0,7920.0,11.0,8600.0,21.0,6150.0,19.0,7302.5,18.285714285714285,7586.071428571428,7260.0,120.0
Джинсы Lee Rider,2025-03-16,Санкт-Петербург,Lee,Одежда,28,6829.0,6829.0,0.0,245.0,4.9,634.0,3.0,РАО «Антонов Жданова»,True,False,6,3,1,11.0,7500.0,26.0,6487.5,17.0,7895.0,19.666666666666668,7416.333333333333,19.857142857142858,7433.785714285715,8590.0,102.0
Джинсы Lee Rider,2025-03-17,Екатеринбург,Lee,Одежда,15,8610.0,8610.0,0.0,167.0,4.3,448.0,1.0,НПО «Фокин»,False,False,0,3,1,28.0,6829.0,20.0,7920.0,27.0,7380.0,18.0,7646.333333333333,18.142857142857142,7609.5,7189.0,93.0
Джинсы Lee Rider,2025-03-17,Самара,Lee,Одежда,7,7060.0,7060.0,0.0,167.0,4.3,558.0,7.0,Курганмашзавод,False,False,0,3,1,15.0,8610.0,11.0,7500.0,16.0,7320.0,16.666666666666668,7499.666666666667,16.857142857142858,7572.357142857143,7740.0,90.0
Джинсы Lee Rider,2025-03-17,Санкт-Петербург,Lee,Одежда,26,6320.0,6320.0,0.0,167.0,4.8,503.0,3.0,Совкомфлот,False,False,0,3,1,7.0,7060.0,28.0,6829.0,11.0,8600.0,16.0,7330.0,19.0,7246.642857142857,7700.0,75.0
Джинсы Lee Rider,2025-03-18,Казань,Lee,Одежда,14,7425.0,7425.0,0.0,202.0,4.6,357.0,5.0,Юнипро (Uniper),False,False,1,3,1,26.0,6320.0,15.0,8610.0,26.0,6487.5,15.666666666666666,6935.0,17.285714285714285,7380.571428571428,4320.0,70.0
Джинсы Lee Rider,2025-03-18,Нижний Новгород,Lee,Одежда,8,5869.0,7250.0,19.0,209.0,4.9,637.0,3.0,"ЗАО «Королев, Семенова и Гуляев»",False,False,1,3,1,14.0,7425.0,7.0,7060.0,20.0,7920.0,16.0,6538.0,15.571428571428571,7087.571428571428,7675.0,69.0
Джинсы Lee Rider,2025-03-18,Санкт-Петербург,Lee,Одежда,22,7260.0,7260.0,0.0,327.0,4.6,456.0,2.0,ЗАО «Ширяев-Шубина»,False,False,1,3,1,8.0,5869.0,26.0,6320.0,11.0,7500.0,14.666666666666666,6851.333333333333,17.142857142857142,7053.285714285715,6460.0,53.0
Джинсы Lee Rider,2025-03-18,Уфа,Lee,Одежда,10,8590.0,8590.0,0.0,301.0,4.3,448.0,1.0,ОАО «Никонова Иванов»,False,False,1,3,1,22.0,7260.0,14.0,7425.0,28.0,6829.0,13.333333333333334,7239.666666666667,14.571428571428571,7304.857142857143,6349.0,51.0
Джинсы Lee Rider,2025-03-19,Ростов-на-Дону,Lee,Одежда,6,7189.0,7650.0,6.0,24.0,4.7,601.0,3.0,РАО «Медведева-Калашников»,False,False,2,3,1,10.0,8590.0,8.0,5869.0,15.0,8610.0,12.666666666666666,7679.666666666667,13.285714285714286,7101.857142857143,8440.0,71.0
Джинсы Lee Rider,2025-03-19,Уфа,Lee,Одежда,4,7740.0,7740.0,0.0,230.0,4.4,683.0,1.0,ЗАО «Киселева Пахомов»,False,False,2,3,1,6.0,7189.0,22.0,7260.0,7.0,7060.0,6.666666666666667,7839.666666666667,12.857142857142858,7199.0,8699.0,73.0
Джинсы Levis 501 Original,2025-03-01,Уфа,Levis,Одежда,15,7720.0,7720.0,0.0,170.0,4.8,564.0,7.0,ООО «Силин Якушева»,True,False,5,3,1,,,,,,,,,,,6969.0,101.0
Джинсы Levis 501 Original,2025-03-02,Екатеринбург,Levis,Одежда,21,8495.0,9765.0,13.0,362.0,4.5,413.0,5.0,РАО «Савельев»,True,False,6,3,1,15.0,7720.0,,,,,,,,,8432.5,97.0
Джинсы Levis 501 Original,2025-03-02,Ростов-на-Дону,Levis,Одежда,16,10099.0,10099.0,0.0,367.0,4.7,251.0,3.0,ЗАО «Лихачев Данилова»,True,False,6,3,1,21.0,8495.0,,,,,17.333333333333332,8771.333333333334,,,6607.0,135.0
Джинсы Levis 501 Original,2025-03-03,Новосибирск,Levis,Одежда,19,9099.0,9889.0,8.0,393.0,4.9,652.0,5.0,Исаков и партнеры,False,False,0,3,1,16.0,10099.0,15.0,7720.0,,,18.666666666666668,9231.0,,,7649.0,122.0
Джинсы Levis 501 Original,2025-03-03,Санкт-Петербург,Levis,Одежда,12,9649.0,9649.0,0.0,467.0,4.9,354.0,3.0,НПО «Ильин-Яковлев»,False,False,0,3,1,19.0,9099.0,21.0,8495.0,,,15.666666666666666,9615.666666666666,,,7830.0,117.0
Джинсы Levis 501 Original,2025-03-03,Уфа,Levis,Одежда,10,6609.0,9579.0,31.0,32.0,4.5,680.0,2.0,РАО «Романов Тарасова»,False,False,0,3,1,12.0,9649.0,16.0,10099.0,,,13.666666666666666,8452.333333333334,,,9800.0,113.0
Джинсы Levis 501 Original,2025-03-04,Нижний Новгород,Levis,Одежда,14,9275.0,9275.0,0.0,83.0,4.5,529.0,2.0,"ЗАО «Кондратьев, Рожкова и Копылов»",False,False,1,3,1,10.0,6609.0,19.0,9099.0,,,12.0,8511.0,15.285714285714286,8706.57142857143,10159.0,110.0
Джинсы Levis 501 Original,2025-03-04,Ростов-на-Дону,Levis,Одежда,9,6969.0,8500.0,18.0,24.0,4.7,678.0,5.0,"ОАО «Сергеев, Козлова и Гущина»",False,False,1,3,1,14.0,9275.0,12.0,9649.0,15.0,7720.0,11.0,7617.666666666667,14.428571428571429,8599.285714285714,9540.0,115.0
Джинсы Levis 501 Original,2025-03-04,Уфа,Levis,Одежда,17,8432.5,8432.5,0.0,207.0,4.8,386.5,4.0,Виноградова Групп,False,False,1,3,1,9.0,6969.0,10.0,6609.0,21.0,8495.0,13.333333333333334,8225.5,13.857142857142858,8590.357142857143,8190.0,108.0
Джинсы Levis 501 Original,2025-03-05,Москва,Levis,Одежда,54,6607.0,8394.0,20.5,509.0,4.5,440.0,3.0,"РАО «Мясников, Зуев и Кондратьев»",False,False,2,3,1,17.0,8432.5,14.0,9275.0,16.0,10099.0,26.666666666666668,7336.166666666667,19.285714285714285,8091.5,8740.0,74.0
Джинсы Levis 501 Original,2025-03-05,Уфа,Levis,Одежда,6,7649.0,7649.0,0.0,235.0,4.9,567.0,7.0,"АО «Захарова, Уварова и Терентьева»",False,False,2,3,1,54.0,6607.0,9.0,6969.0,19.0,9099.0,25.666666666666668,7562.833333333333,17.428571428571427,7884.357142857143,7965.0,108.0
Джинсы Levis 501 Original,2025-03-05,Челябинск,Levis,Одежда,7,7830.0,7830.0,0.0,286.0,4.9,653.0,2.0,РАО «Шубин Фадеева»,False,False,2,3,1,6.0,7649.0,17.0,8432.5,12.0,9649.0,22.333333333333332,7362.0,16.714285714285715,7624.5,9189.0,144.0
Джинсы Levis 501 Original,2025-03-06,Самара,Levis,Одежда,6,9800.0,9800.0,0.0,345.0,4.8,455.0,7.0,ИП «Рогова Бобылева»,False,False,3,3,1,7.0,7830.0,54.0,6607.0,10.0,6609.0,6.333333333333333,8426.333333333334,16.142857142857142,8080.357142857143,5155.0,169.0
Джинсы Levis 501 Original,2025-03-06,Уфа,Levis,Одежда,11,10159.0,10159.0,0.0,490.0,4.5,388.0,3.0,ЗАО «Егорова Вишнякова»,False,False,3,3,1,6.0,9800.0,6.0,7649.0,14.0,9275.0,8.0,9263.0,15.714285714285714,8206.642857142857,5010.0,196.0
Джинсы Levis 501 Original,2025-03-07,Нижний Новгород,Levis,Одежда,14,9540.0,9540.0,0.0,80.0,4.5,558.0,3.0,ОАО «Лихачева»,False,False,4,3,1,11.0,10159.0,7.0,7830.0,9.0,6969.0,10.333333333333334,9833.0,16.428571428571427,8573.92857142857,9325.0,210.0
Джинсы Levis 501 Original,2025-03-07,Ростов-на-Дону,Levis,Одежда,10,8190.0,10379.0,21.0,395.0,4.5,378.0,2.0,Козлова Лимитед,False,False,4,3,1,14.0,9540.0,6.0,9800.0,17.0,8432.5,11.666666666666666,9296.333333333334,15.428571428571429,8539.285714285714,5710.0,222.0
Джинсы Levis 501 Original,2025-03-07,Санкт-Петербург,Levis,Одежда,20,8740.0,8740.0,0.0,278.0,4.6,574.0,5.0,"НПО «Некрасов, Давыдов и Киселев»",False,False,4,3,1,10.0,8190.0,11.0,10159.0,54.0,6607.0,14.666666666666666,8823.333333333334,10.571428571428571,8844.0,9169.0,231.0
Джинсы Levis 501 Original,2025-03-08,Екатеринбург,Levis,Одежда,40,7965.0,7965.0,0.0,423.0,4.7,688.0,1.0,ИП «Кабанова Соболев»,True,True,5,3,1,20.0,8740.0,14.0,9540.0,6.0,7649.0,23.333333333333332,8298.333333333334,15.428571428571429,8889.142857142857,8019.0,211.0
Джинсы Levis 501 Original,2025-03-08,Казань,Levis,Одежда,43,9189.0,9189.0,0.0,189.0,4.8,666.0,5.0,РАО «Мясникова Лазарев»,True,True,5,3,1,40.0,7965.0,10.0,8190.0,7.0,7830.0,34.333333333333336,8631.333333333334,20.571428571428573,9083.285714285714,8215.0,181.0
Джинсы Levis 501 Original,2025-03-08,Уфа,Levis,Одежда,31,5155.0,9380.0,45.0,315.0,4.7,364.0,3.0,ОАО «Антонова-Муравьева»,True,True,5,3,1,43.0,9189.0,20.0,8740.0,6.0,9800.0,38.0,7436.333333333333,24.142857142857142,8419.714285714286,6630.0,159.0
Джинсы Levis 501 Original,2025-03-08,Челябинск,Levis,Одежда,38,5010.0,10050.0,50.0,513.0,4.4,634.0,2.0,ЗАО «Потапова Веселова»,True,True,5,3,1,31.0,5155.0,40.0,7965.0,11.0,10159.0,37.333333333333336,6451.333333333333,28.0,7684.142857142857,8259.0,130.0
Джинсы Levis 501 Original,2025-03-09,Екатеринбург,Levis,Одежда,28,9325.0,9325.0,0.0,305.0,4.6,335.0,2.0,Бристоль,True,False,6,3,1,38.0,5010.0,43.0,9189.0,14.0,9540.0,32.333333333333336,6496.666666666667,30.0,7653.428571428572,8460.0,116.0
Джинсы Levis 501 Original,2025-03-09,Казань,Levis,Одежда,22,5710.0,8160.0,30.0,165.0,4.7,330.0,2.0,ИП «Большаков Галкина»,True,False,6,3,1,28.0,9325.0,31.0,5155.0,10.0,8190.0,29.333333333333332,6681.666666666667,31.714285714285715,7299.142857142857,8849.0,104.0
Джинсы Levis 501 Original,2025-03-09,Москва,Levis,Одежда,29,9169.0,9169.0,0.0,448.0,4.8,541.0,3.0,"ИП «Киселев, Русаков и Пестова»",True,False,6,3,1,22.0,5710.0,38.0,5010.0,20.0,8740.0,26.333333333333332,8068.0,33.0,7360.428571428572,7770.0,90.0
Джинсы Levis 501 Original,2025-03-09,Ростов-на-Дону,Levis,Одежда,20,8019.0,8019.0,0.0,139.0,4.4,497.0,2.0,Металлсервис,True,False,6,3,1,29.0,9169.0,28.0,9325.0,40.0,7965.0,23.666666666666668,7632.666666666667,30.142857142857142,7368.142857142857,8070.0,77.0
Джинсы Levis 501 Original,2025-03-10,Москва,Levis,Одежда,13,8215.0,8215.0,0.0,412.0,5.0,272.0,3.0,Зимин Инк,False,False,0,3,1,20.0,8019.0,22.0,5710.0,43.0,9189.0,20.666666666666668,8467.666666666666,25.857142857142858,7229.0,8545.0,76.0
Джинсы Levis 501 Original,2025-03-10,Новосибирск,Levis,Одежда,9,6630.0,7625.0,13.0,214.0,4.8,400.0,2.0,РАО «Гаврилова Пестова»,False,False,0,3,1,13.0,8215.0,29.0,9169.0,31.0,5155.0,14.0,7621.333333333333,22.714285714285715,7439.714285714285,7850.0,87.0
Джинсы Levis 501 Original,2025-03-10,Ростов-на-Дону,Levis,Одежда,9,8259.0,8259.0,0.0,83.0,4.4,349.0,3.0,НПО «Шарова»,False,False,0,3,1,9.0,6630.0,20.0,8019.0,38.0,5010.0,10.333333333333334,7701.333333333333,18.571428571428573,7903.857142857143,8419.0,84.0
Джинсы Levis 501 Original,2025-03-10,Самара,Levis,Одежда,14,8460.0,8460.0,0.0,314.0,4.6,260.0,2.0,Техкомпания Хуавэй (Huawei),False,False,0,3,1,9.0,8259.0,13.0,8215.0,28.0,9325.0,10.666666666666666,7783.0,16.571428571428573,7780.285714285715,3839.0,86.0
Джинсы Levis 501 Original,2025-03-10,Санкт-Петербург,Levis,Одежда,10,8849.0,8849.0,0.0,13.0,4.5,554.0,2.0,Терентьев Групп,False,False,0,3,1,14.0,8460.0,9.0,6630.0,22.0,5710.0,11.0,8522.666666666666,14.857142857142858,8228.714285714286,8670.0,91.0
Джинсы Levis 501 Original,2025-03-11,Казань,Levis,Одежда,15,7770.0,7770.0,0.0,366.0,4.6,613.0,2.0,Мишин Лтд,False,False,1,3,1,10.0,8849.0,9.0,8259.0,29.0,9169.0,13.0,8359.666666666666,12.857142857142858,8028.857142857143,7725.0,88.0
Джинсы Levis 501 Original,2025-03-11,Самара,Levis,Одежда,7,8070.0,8070.0,0.0,159.0,4.4,489.0,2.0,Филиппова Инк,False,False,1,3,1,15.0,7770.0,14.0,8460.0,20.0,8019.0,10.666666666666666,8229.666666666666,11.0,8036.142857142857,5359.0,95.0
Джинсы Levis 501 Original,2025-03-11,Санкт-Петербург,Levis,Одежда,12,8545.0,9500.0,10.0,396.0,4.4,253.0,3.0,Меркушева Групп,False,False,1,3,1,7.0,8070.0,10.0,8849.0,13.0,8215.0,11.333333333333334,8128.333333333333,10.857142857142858,8083.285714285715,9670.0,90.0
Джинсы Levis 501 Original,2025-03-12,Москва,Levis,Одежда,20,7850.0,7850.0,0.0,437.0,4.5,637.0,3.0,Слата супермаркет,False,False,2,3,1,12.0,8545.0,15.0,7770.0,9.0,6630.0,13.0,8155.0,12.428571428571429,8257.57142857143,9075.0,81.0
Джинсы Levis 501 Original,2025-03-12,Нижний Новгород,Levis,Одежда,6,8419.0,8419.0,0.0,342.0,4.8,519.0,3.0,ИП «Федорова Белозерова»,False,False,2,3,1,20.0,7850.0,7.0,8070.0,9.0,8259.0,12.666666666666666,8271.333333333334,12.0,8280.42857142857,9359.0,95.0
Джинсы Levis 501 Original,2025-03-12,Новосибирск,Levis,Одежда,16,3839.0,7670.0,50.0,129.0,4.8,392.0,3.0,Виноградов Инк,False,False,2,3,1,6.0,8419.0,12.0,8545.0,14.0,8460.0,14.0,6702.666666666667,12.285714285714286,7620.285714285715,9600.0,87.0
Джинсы Levis 501 Original,2025-03-12,Санкт-Петербург,Levis,Одежда,15,8670.0,8670.0,0.0,307.0,4.7,307.0,1.0,"ООО «Родионов, Аксенова и Новиков»",False,False,2,3,1,16.0,3839.0,20.0,7850.0,10.0,8849.0,12.333333333333334,6976.0,13.0,7594.714285714285,9605.0,94.0
Джинсы Levis 501 Original,2025-03-12,Уфа,Levis,Одежда,12,7725.0,7725.0,0.0,427.0,4.9,590.0,2.0,ИП «Воробьева»,False,False,2,3,1,15.0,8670.0,6.0,8419.0,15.0,7770.0,14.333333333333334,6744.666666666667,12.571428571428571,7588.285714285715,7619.0,100.0
Джинсы Levis 501 Original,2025-03-13,Москва,Levis,Одежда,14,5359.0,7660.0,30.0,94.0,4.8,701.0,3.0,Гущина Лимитед,False,False,3,3,1,12.0,7725.0,16.0,3839.0,7.0,8070.0,13.666666666666666,7251.333333333333,13.571428571428571,7201.0,7475.0,105.0
Джинсы Levis 501 Original,2025-03-13,Нижний Новгород,Levis,Одежда,7,9670.0,9670.0,0.0,132.0,4.7,567.0,3.0,ИП «Зайцева-Савин»,False,False,3,3,1,14.0,5359.0,15.0,8670.0,12.0,8545.0,11.0,7584.666666666667,12.857142857142858,7361.714285714285,7590.0,106.0
Джинсы Levis 501 Original,2025-03-13,Ростов-на-Дону,Levis,Одежда,11,9075.0,9075.0,0.0,406.0,4.7,584.0,5.0,ОАО «Меркушева»,False,False,3,3,1,7.0,9670.0,12.0,7725.0,20.0,7850.0,10.666666666666666,8034.666666666667,11.571428571428571,7536.714285714285,8490.0,145.0
Джинсы Levis 501 Original,2025-03-14,Новосибирск,Levis,Одежда,20,9359.0,9359.0,0.0,166.0,4.8,498.0,2.0,Лига ставок,False,False,4,3,1,11.0,9075.0,14.0,5359.0,6.0,8419.0,12.666666666666666,9368.0,13.571428571428571,7671.0,5169.0,152.0
Джинсы Levis 501 Original,2025-03-14,Ростов-на-Дону,Levis,Одежда,8,9600.0,9600.0,0.0,241.0,4.8,635.0,2.0,НПО «Самойлова Кудрявцев»,False,False,4,3,1,20.0,9359.0,7.0,9670.0,16.0,3839.0,13.0,9344.666666666666,12.428571428571429,8494.0,10389.0,157.0
Джинсы Levis 501 Original,2025-03-14,Самара,Levis,Одежда,22,9605.0,9605.0,0.0,255.0,4.6,421.0,5.0,Транстрейдойл,False,False,4,3,1,8.0,9600.0,11.0,9075.0,15.0,8670.0,16.666666666666668,9521.333333333334,13.428571428571429,8627.57142857143,9300.0,143.0
Джинсы Levis 501 Original,2025-03-15,Санкт-Петербург,Levis,Одежда,18,7619.0,7619.0,0.0,240.0,4.9,412.0,2.0,Корпорация Электросевкавмонтаж,True,False,5,3,1,22.0,9605.0,20.0,9359.0,12.0,7725.0,16.0,8941.333333333334,14.285714285714286,8612.42857142857,8545.0,158.0
Джинсы Levis 501 Original,2025-03-15,Уфа,Levis,Одежда,19,7475.0,7869.0,5.0,131.0,4.6,472.0,1.0,Фольксваген Груп Рус,True,False,5,3,1,18.0,7619.0,8.0,9600.0,14.0,5359.0,19.666666666666668,8233.0,15.0,8914.714285714286,8185.0,145.0
Джинсы Levis 501 Original,2025-03-15,Челябинск,Levis,Одежда,8,7590.0,7590.0,0.0,266.0,4.5,287.0,2.0,ОАО «Захаров-Блинов»,True,False,5,3,1,19.0,7475.0,22.0,9605.0,7.0,9670.0,15.0,7561.333333333333,15.142857142857142,8617.57142857143,7709.0,148.0
Джинсы Levis 501 Original,2025-03-16,Москва,Levis,Одежда,50,8490.0,8490.0,0.0,506.0,4.7,465.0,3.0,КамАЗ,True,False,6,3,1,8.0,7590.0,18.0,7619.0,11.0,9075.0,25.666666666666668,7851.666666666667,20.714285714285715,8534.0,9755.0,117.0
Джинсы Levis 501 Original,2025-03-16,Санкт-Петербург,Levis,Одежда,27,5169.0,8335.0,38.0,314.0,4.6,555.0,3.0,Группа РТК,True,False,6,3,1,50.0,8490.0,19.0,7475.0,20.0,9359.0,28.333333333333332,7083.0,21.714285714285715,7935.428571428572,7009.0,100.0
Джинсы Levis 501 Original,2025-03-16,Уфа,Levis,Одежда,13,10389.0,10389.0,0.0,434.0,4.6,351.0,3.0,АО «Маркова-Зыков»,True,False,6,3,1,27.0,5169.0,8.0,7590.0,8.0,9600.0,30.0,8016.0,22.428571428571427,8048.142857142857,7629.0,107.0
Джинсы Levis 501 Original,2025-03-17,Казань,Levis,Одежда,8,9300.0,9300.0,0.0,76.0,4.9,390.0,3.0,"ЗАО «Коновалова, Ефимов и Игнатов»",False,False,0,3,1,13.0,10389.0,50.0,8490.0,22.0,9605.0,16.0,8286.0,20.428571428571427,8004.571428571428,10350.0,105.0
Джинсы Levis 501 Original,2025-03-17,Новосибирск,Levis,Одежда,33,8545.0,8545.0,0.0,317.0,4.6,424.5,4.0,Зарубежнефть,False,False,0,3,1,8.0,9300.0,27.0,5169.0,18.0,7619.0,18.0,9411.333333333334,22.571428571428573,8136.857142857143,8169.0,87.0
Джинсы Levis 501 Original,2025-03-17,Уфа,Levis,Одежда,6,8185.0,8185.0,0.0,13.0,4.8,544.0,3.0,АО «Молчанов Федотова»,False,False,0,3,1,33.0,8545.0,13.0,10389.0,19.0,7475.0,15.666666666666666,8676.666666666666,20.714285714285715,8238.285714285714,8550.0,89.0
Джинсы Levis 501 Original,2025-03-18,Екатеринбург,Levis,Одежда,11,7709.0,9399.0,18.0,451.0,4.6,378.0,3.0,АО «Григорьева-Козлова»,False,False,1,3,1,6.0,8185.0,8.0,9300.0,8.0,7590.0,16.666666666666668,8146.333333333333,21.142857142857142,8255.285714285714,10170.0,100.0
Джинсы Levis 501 Original,2025-03-18,Новосибирск,Levis,Одежда,19,9755.0,9755.0,0.0,126.0,4.9,603.0,5.0,ЗАО «Блинова»,False,False,1,3,1,11.0,7709.0,33.0,8545.0,50.0,8490.0,12.0,8549.666666666666,16.714285714285715,8436.0,7449.5,98.0
Джинсы Levis 501 Original,2025-03-18,Ростов-на-Дону,Levis,Одежда,10,7009.0,9470.0,26.0,94.0,4.6,336.0,5.0,ЗАО «Мельников Ефремов»,False,False,1,3,1,19.0,9755.0,6.0,8185.0,27.0,5169.0,13.333333333333334,8157.666666666667,14.285714285714286,8698.857142857143,8390.0,103.0
Джинсы Levis 501 Original,2025-03-18,Санкт-Петербург,Levis,Одежда,20,7629.0,7629.0,0.0,356.0,4.7,693.0,7.0,НПО «Константинова Фадеева»,False,False,1,3,1,10.0,7009.0,11.0,7709.0,13.0,10389.0,16.333333333333332,8131.0,15.285714285714286,8304.57142857143,7819.0,93.0
Джинсы Levis 501 Original,2025-03-18,Уфа,Levis,Одежда,6,10350.0,10350.0,0.0,158.0,4.5,679.0,3.0,РАО «Белякова Денисов»,False,False,1,3,1,20.0,7629.0,19.0,9755.0,8.0,9300.0,12.0,8329.333333333334,15.0,8454.57142857143,9055.0,103.0
Джинсы Levis 501 Original,2025-03-19,Казань,Levis,Одежда,15,8169.0,8169.0,0.0,101.0,4.5,420.0,2.0,"ОАО «Юдин, Казаков и Горбунова»",False,False,2,3,1,6.0,10350.0,10.0,7009.0,33.0,8545.0,13.666666666666666,8716.0,12.428571428571429,8400.857142857143,6070.0,118.0
Джинсы Levis 501 Original,2025-03-19,Самара,Levis,Одежда,8,8550.0,8550.0,0.0,319.0,4.8,594.0,1.0,Группа Черкизово,False,False,2,3,1,15.0,8169.0,20.0,7629.0,6.0,8185.0,9.666666666666666,9023.0,12.714285714285714,8453.0,9690.0,125.0
Джинсы Levis 501 Original,2025-03-19,Санкт-Петербург,Levis,Одежда,22,10170.0,10170.0,0.0,388.0,4.6,288.0,2.0,Вертолеты России,False,False,2,3,1,8.0,8550.0,6.0,10350.0,11.0,7709.0,15.0,8963.0,14.285714285714286,8804.57142857143,10140.0,112.0
Джинсы Wrangler Arizona,2025-03-01,Москва,Wrangler,Одежда,19,5825.0,5825.0,0.0,196.0,4.4,657.0,3.0,Попов Инк,True,False,5,3,1,,,,,,,,,,,6840.0,123.0
Джинсы Wrangler Arizona,2025-03-01,Уфа,Wrangler,Одежда,16,7155.0,7155.0,0.0,205.0,4.4,334.0,2.0,ОАО «Константинова-Ковалев»,True,False,5,3,1,19.0,5825.0,,,,,,,,,7714.5,124.0
Джинсы Wrangler Arizona,2025-03-02,Казань,Wrangler,Одежда,24,5799.0,5799.0,0.0,108.0,4.6,535.0,2.0,ЗАО «Шарапова»,True,False,6,3,1,16.0,7155.0,,,,,19.666666666666668,6259.666666666667,,,5949.0,111.0
Джинсы Wrangler Arizona,2025-03-02,Москва,Wrangler,Одежда,20,5970.0,7750.0,23.0,460.0,4.3,466.0,3.0,"НПО «Волков, Русаков и Кабанова»",True,False,6,3,1,24.0,5799.0,19.0,5825.0,,,20.0,6308.0,,,7920.0,104.0
Джинсы Wrangler Arizona,2025-03-02,Санкт-Петербург,Wrangler,Одежда,24,5960.0,6930.0,14.0,477.0,4.6,522.0,3.0,"ООО «Воронов, Мухина и Никифоров»",True,False,6,3,1,20.0,5970.0,16.0,7155.0,,,22.666666666666668,5909.666666666667,,,7280.0,93.0
Джинсы Wrangler Arizona,2025-03-03,Екатеринбург,Wrangler,Одежда,14,8029.0,8029.0,0.0,165.0,4.5,518.0,2.0,НПО «Зиновьев»,False,False,0,3,1,24.0,5960.0,24.0,5799.0,,,19.333333333333332,6653.0,,,6310.0,87.0
Джинсы Wrangler Arizona,2025-03-03,Москва,Wrangler,Одежда,17,3155.0,5855.0,46.0,154.0,4.2,641.0,7.0,"АО «Суворова, Мамонтов и Герасимова»",False,False,0,3,1,14.0,8029.0,20.0,5970.0,,,18.333333333333332,5714.666666666667,19.142857142857142,5984.714285714285,6424.5,84.0
Джинсы Wrangler Arizona,2025-03-04,Самара,Wrangler,Одежда,8,6840.0,6840.0,0.0,426.0,4.6,674.0,5.0,ООО «Сысоев»,False,False,1,3,1,17.0,3155.0,24.0,5960.0,19.0,5825.0,13.0,6008.0,17.571428571428573,6129.714285714285,6230.0,97.0
Джинсы Wrangler Arizona,2025-03-04,Уфа,Wrangler,Одежда,17,7714.5,7714.5,0.0,221.5,4.699999999999999,511.0,3.5,"ИП «Денисова, Шарапова и Ефимов»",False,False,1,3,1,8.0,6840.0,14.0,8029.0,16.0,7155.0,14.0,5903.166666666667,17.714285714285715,6209.642857142857,5619.0,115.0
Джинсы Wrangler Arizona,2025-03-05,Москва,Wrangler,Одежда,11,5949.0,5949.0,0.0,81.0,4.4,445.0,5.0,АО «Галкина-Мельникова»,False,False,2,3,1,17.0,7714.5,17.0,3155.0,24.0,5799.0,12.0,6834.5,15.857142857142858,6231.071428571428,5825.0,184.0
Джинсы Wrangler Arizona,2025-03-06,Самара,Wrangler,Одежда,13,7920.0,7920.0,0.0,210.0,4.2,667.0,2.0,РАО «Щукин Крылова»,False,False,3,3,1,11.0,5949.0,8.0,6840.0,20.0,5970.0,13.666666666666666,7194.5,14.857142857142858,6509.642857142857,6875.0,206.0
Джинсы Wrangler Arizona,2025-03-07,Новосибирск,Wrangler,Одежда,13,7280.0,7280.0,0.0,19.0,4.6,636.0,5.0,"ОАО «Рожков, Шашкова и Лебедев»",False,False,4,3,1,13.0,7920.0,17.0,7714.5,24.0,5960.0,12.333333333333334,7049.666666666667,13.285714285714286,6698.214285714285,6829.0,219.0
Джинсы Wrangler Arizona,2025-03-07,Ростов-на-Дону,Wrangler,Одежда,8,6310.0,6310.0,0.0,182.0,4.3,341.0,5.0,АО «Осипов»,False,False,4,3,1,13.0,7280.0,11.0,5949.0,14.0,8029.0,11.333333333333334,7170.0,12.428571428571429,6452.642857142857,7685.0,231.0
Джинсы Wrangler Arizona,2025-03-07,Самара,Wrangler,Одежда,14,6424.5,7379.0,13.0,211.5,4.4,476.5,4.0,РАО «Сергеева Чернов»,False,False,4,3,1,8.0,6310.0,13.0,7920.0,17.0,3155.0,11.666666666666666,6671.5,12.0,6919.714285714285,6890.0,231.0
Джинсы Wrangler Arizona,2025-03-07,Санкт-Петербург,Wrangler,Одежда,21,6230.0,6230.0,0.0,402.0,4.4,235.0,5.0,ИП «Игнатова Антонова»,False,False,4,3,1,14.0,6424.5,13.0,7280.0,8.0,6840.0,14.333333333333334,6321.5,13.857142857142858,6832.571428571428,6980.0,220.0
Джинсы Wrangler Arizona,2025-03-08,Казань,Wrangler,Одежда,35,5619.0,5979.0,6.0,460.0,4.6,290.0,7.0,РАО «Красильников Князева»,True,True,5,3,1,21.0,6230.0,8.0,6310.0,17.0,7714.5,23.333333333333332,6091.166666666667,16.428571428571427,6533.214285714285,5329.0,191.0
Джинсы Wrangler Arizona,2025-03-08,Москва,Wrangler,Одежда,80,5825.0,6859.0,15.0,182.0,4.6,371.0,5.0,АО «Филиппов-Беспалов»,True,True,5,3,1,35.0,5619.0,14.0,6424.5,11.0,5949.0,45.333333333333336,5891.333333333333,26.285714285714285,6515.5,6190.0,120.0
Джинсы Wrangler Arizona,2025-03-08,Ростов-на-Дону,Wrangler,Одежда,35,6875.0,6875.0,0.0,397.0,4.6,541.0,3.0,ЗАО «Рябова»,True,True,5,3,1,80.0,5825.0,21.0,6230.0,13.0,7920.0,50.0,6106.333333333333,29.428571428571427,6366.214285714285,6160.0,93.0
Джинсы Wrangler Arizona,2025-03-08,Самара,Wrangler,Одежда,26,6829.0,6829.0,0.0,517.0,4.4,510.0,3.0,Одинцова Инк,True,True,5,3,1,35.0,6875.0,35.0,5619.0,13.0,7280.0,47.0,6509.666666666667,31.285714285714285,6301.785714285715,6650.0,77.0
Джинсы Wrangler Arizona,2025-03-09,Екатеринбург,Wrangler,Одежда,20,7685.0,7685.0,0.0,178.0,4.4,535.0,2.0,ООО «Шарова»,True,False,6,3,1,26.0,6829.0,80.0,5825.0,8.0,6310.0,27.0,7129.666666666667,33.0,6498.214285714285,7175.0,72.0
Джинсы Wrangler Arizona,2025-03-09,Ростов-на-Дону,Wrangler,Одежда,14,6890.0,6890.0,0.0,131.0,4.4,375.0,3.0,ООО «Гурьева Третьякова»,True,False,6,3,1,20.0,7685.0,35.0,6875.0,14.0,6424.5,20.0,7134.666666666667,33.0,6564.714285714285,7170.0,69.0
Джинсы Wrangler Arizona,2025-03-10,Казань,Wrangler,Одежда,10,6980.0,6980.0,0.0,432.0,4.7,446.0,2.0,"ОАО «Зуева, Меркушева и Орлов»",False,False,0,3,1,14.0,6890.0,26.0,6829.0,21.0,6230.0,14.666666666666666,7185.0,31.428571428571427,6671.857142857143,5915.0,88.0
Джинсы Wrangler Arizona,2025-03-10,Ростов-на-Дону,Wrangler,Одежда,6,5329.0,7720.0,31.0,497.0,4.2,482.0,5.0,РАО «Рябова»,False,False,0,3,1,10.0,6980.0,20.0,7685.0,35.0,5619.0,10.0,6399.666666666667,27.285714285714285,6630.428571428572,6130.0,98.0
Джинсы Wrangler Arizona,2025-03-10,Санкт-Петербург,Wrangler,Одежда,9,6190.0,7379.0,16.0,405.0,4.7,262.0,7.0,ИП «Маслова-Смирнов»,False,False,0,3,1,6.0,5329.0,14.0,6890.0,80.0,5825.0,8.333333333333334,6166.333333333333,17.142857142857142,6682.571428571428,7750.0,94.0
Джинсы Wrangler Arizona,2025-03-11,Новосибирск,Wrangler,Одежда,8,6160.0,6160.0,0.0,267.0,4.4,488.0,3.0,ЗАО «Горбачева»,False,False,1,3,1,9.0,6190.0,10.0,6980.0,35.0,6875.0,7.666666666666667,5893.0,13.285714285714286,6580.428571428572,8130.0,108.0
Джинсы Wrangler Arizona,2025-03-12,Екатеринбург,Wrangler,Одежда,10,6650.0,8020.0,17.0,41.0,4.3,294.0,7.0,Уралвтормет,False,False,2,3,1,8.0,6160.0,6.0,5329.0,26.0,6829.0,9.0,6333.333333333333,11.0,6554.857142857143,7407.5,111.0
Джинсы Wrangler Arizona,2025-03-12,Новосибирск,Wrangler,Одежда,15,7175.0,7175.0,0.0,420.0,4.4,441.0,5.0,ЗАО «Гурьев Лобанов»,False,False,2,3,1,10.0,6650.0,9.0,6190.0,20.0,7685.0,11.0,6661.666666666667,10.285714285714286,6482.0,6299.0,126.0
Джинсы Wrangler Arizona,2025-03-12,Уфа,Wrangler,Одежда,11,7170.0,7170.0,0.0,21.0,4.5,600.0,5.0,НПО «Шарапова-Абрамов»,False,False,2,3,1,15.0,7175.0,8.0,6160.0,14.0,6890.0,12.0,6998.333333333333,9.857142857142858,6522.0,8065.0,141.0
Джинсы Wrangler Arizona,2025-03-13,Екатеринбург,Wrangler,Одежда,29,5915.0,6709.5,12.5,162.5,4.4,529.5,6.0,ООО «Родионов Емельянов»,False,False,3,3,1,11.0,7170.0,10.0,6650.0,10.0,6980.0,18.333333333333332,6753.333333333333,12.571428571428571,6369.857142857143,4774.5,141.0
Джинсы Wrangler Arizona,2025-03-13,Нижний Новгород,Wrangler,Одежда,16,6130.0,7055.0,13.0,310.0,4.8,572.0,5.0,"ООО «Елисеев, Пестов и Марков»",False,False,3,3,1,29.0,5915.0,15.0,7175.0,6.0,5329.0,18.666666666666668,6405.0,14.0,6484.285714285715,5405.0,138.0
Джинсы Wrangler Arizona,2025-03-14,Ростов-на-Дону,Wrangler,Одежда,5,7750.0,7750.0,0.0,66.0,4.7,623.0,7.0,Панфилов Инк,False,False,4,3,1,16.0,6130.0,11.0,7170.0,9.0,6190.0,16.666666666666668,6598.333333333333,13.428571428571429,6707.142857142857,7620.0,151.0
Джинсы Wrangler Arizona,2025-03-14,Санкт-Петербург,Wrangler,Одежда,22,8130.0,8130.0,0.0,116.0,4.4,415.0,3.0,"АО «Быков, Герасимов и Данилова»",False,False,4,3,1,5.0,7750.0,29.0,5915.0,8.0,6160.0,14.333333333333334,7336.666666666667,15.428571428571429,6988.571428571428,4710.0,135.0
Джинсы Wrangler Arizona,2025-03-14,Уфа,Wrangler,Одежда,13,7407.5,7407.5,0.0,305.0,4.45,395.5,2.0,Кошелев Лтд,False,False,4,3,1,22.0,8130.0,16.0,6130.0,10.0,6650.0,13.333333333333334,7762.5,15.857142857142858,7096.785714285715,8059.0,131.0
Джинсы Wrangler Arizona,2025-03-15,Москва,Wrangler,Одежда,30,6299.0,6299.0,0.0,86.0,4.6,444.0,3.0,ОАО «Мясников Ковалева»,True,False,5,3,1,13.0,7407.5,5.0,7750.0,15.0,7175.0,21.666666666666668,7278.833333333333,18.0,6971.642857142857,3350.0,121.0
Джинсы Wrangler Arizona,2025-03-15,Новосибирск,Wrangler,Одежда,26,8065.0,8065.0,0.0,273.0,4.4,590.0,5.0,Котов Инк,True,False,5,3,1,30.0,6299.0,22.0,8130.0,11.0,7170.0,23.0,7257.166666666667,20.142857142857142,7099.5,6300.0,103.0
Джинсы Wrangler Arizona,2025-03-15,Челябинск,Wrangler,Одежда,29,4774.5,5984.5,20.0,327.0,4.5,460.5,5.0,ИП «Кононов»,True,False,5,3,1,26.0,8065.0,13.0,7407.5,29.0,5915.0,28.333333333333332,6379.5,20.142857142857142,6936.571428571428,6080.0,81.0
Джинсы Wrangler Arizona,2025-03-16,Челябинск,Wrangler,Одежда,13,5405.0,7219.0,25.0,276.0,4.7,335.0,2.0,РАО «Ширяева»,True,False,6,3,1,29.0,4774.5,30.0,6299.0,16.0,6130.0,22.666666666666668,6081.5,19.714285714285715,6833.0,7570.0,79.0
Джинсы Wrangler Arizona,2025-03-17,Екатеринбург,Wrangler,Одежда,18,7620.0,7620.0,0.0,331.0,4.5,670.0,5.0,РАО «Ильина Архипов»,False,False,0,3,1,13.0,5405.0,26.0,8065.0,5.0,7750.0,20.0,5933.166666666667,21.571428571428573,6814.428571428572,3845.0,77.0
Джинсы Wrangler Arizona,2025-03-17,Ростов-на-Дону,Wrangler,Одежда,6,4710.0,6359.0,26.0,72.0,4.5,634.0,2.0,"ООО «Голубев, Симонова и Соколов»",False,False,0,3,1,18.0,7620.0,29.0,4774.5,22.0,8130.0,12.333333333333334,5911.666666666667,19.285714285714285,6325.857142857143,5809.0,84.0
Джинсы Wrangler Arizona,2025-03-18,Казань,Wrangler,Одежда,9,8059.0,8059.0,0.0,461.0,4.7,297.0,3.0,ОАО «Сидоров Одинцова»,False,False,1,3,1,6.0,4710.0,13.0,5405.0,13.0,7407.5,11.0,6796.333333333333,18.714285714285715,6418.928571428572,6080.0,79.0
Джинсы Wrangler Arizona,2025-03-18,Москва,Wrangler,Одежда,20,3350.0,6340.0,47.0,216.0,4.3,251.0,2.0,ИП «Куликова-Гущина»,False,False,1,3,1,9.0,8059.0,18.0,7620.0,30.0,6299.0,11.666666666666666,5373.0,17.285714285714285,5997.642857142857,5625.0,87.0
Джинсы Wrangler Arizona,2025-03-18,Уфа,Wrangler,Одежда,8,6300.0,6300.0,0.0,462.0,4.5,226.0,7.0,Данилов Групп,False,False,1,3,1,20.0,3350.0,6.0,4710.0,26.0,8065.0,12.333333333333334,5903.0,14.714285714285714,5745.5,7715.0,88.0
Джинсы Wrangler Arizona,2025-03-18,Челябинск,Wrangler,Одежда,7,6080.0,6080.0,0.0,476.0,4.5,309.0,3.0,Лукин Лтд,False,False,1,3,1,8.0,6300.0,9.0,8059.0,29.0,4774.5,11.666666666666666,5243.333333333333,11.571428571428571,5932.0,6850.0,90.0
Джинсы Wrangler Arizona,2025-03-19,Екатеринбург,Wrangler,Одежда,11,7570.0,7570.0,0.0,424.0,4.7,574.0,2.0,ЗАО «Селиверстова-Терентьева»,False,False,2,3,1,7.0,6080.0,20.0,3350.0,13.0,5405.0,8.666666666666666,6650.0,11.285714285714286,6241.285714285715,6192.0,116.0
Джинсы Wrangler Arizona,2025-03-19,Москва,Wrangler,Одежда,16,3845.0,6880.0,44.0,157.0,4.6,606.0,2.0,Уральский банк реконструкции и развития,False,False,2,3,1,11.0,7570.0,8.0,6300.0,18.0,7620.0,11.333333333333334,5831.666666666667,11.0,5702.0,7307.5,128.0
Джинсы Wrangler Arizona,2025-03-19,Новосибирск,Wrangler,Одежда,13,5809.0,5809.0,0.0,314.0,4.3,364.0,3.0,Фомичев и партнеры,False,False,2,3,1,16.0,3845.0,7.0,6080.0,6.0,4710.0,13.333333333333334,5741.333333333333,12.0,5859.0,6865.0,123.0
Джинсы Wrangler Arizona,2025-03-19,Уфа,Wrangler,Одежда,4,6080.0,6080.0,0.0,142.0,4.6,282.0,2.0,РАО «Зимин-Блохин»,False,False,2,3,1,13.0,5809.0,11.0,7570.0,9.0,8059.0,11.0,5244.666666666667,11.285714285714286,5576.285714285715,3909.0,129.0
Комикс Бэтмен: Убийственная шутка,2025-03-01,Москва,DC,Книги,38,985.0,985.0,0.0,277.0,5.0,474.0,1.0,АО «Петухов»,True,False,5,3,1,,,,,,,,,,,1030.0,183.0
Комикс Бэтмен: Убийственная шутка,2025-03-01,Ростов-на-Дону,DC,Книги,29,1110.0,1110.0,0.0,123.0,4.8,622.5,3.5,Рябова Инкорпорэйтед,True,False,5,3,1,38.0,985.0,,,,,,,,,1279.0,186.0
Комикс Бэтмен: Убийственная шутка,2025-03-01,Санкт-Петербург,DC,Книги,30,920.0,920.0,0.0,423.0,4.9,725.0,7.0,АО «Соловьева-Быкова»,True,False,5,3,1,29.0,1110.0,,,,,32.333333333333336,1005.0,,,875.0,167.0
Комикс Бэтмен: Убийственная шутка,2025-03-02,Москва,DC,Книги,45,1300.0,1300.0,0.0,148.0,4.9,330.0,1.0,ОАО «Большаков-Пономарев»,True,False,6,3,1,30.0,920.0,38.0,985.0,,,34.666666666666664,1110.0,,,925.0,136.0
Комикс Бэтмен: Убийственная шутка,2025-03-02,Самара,DC,Книги,23,970.0,1090.0,10.0,365.0,5.0,291.0,5.0,ЗАО «Ермаков»,True,False,6,3,1,45.0,1300.0,29.0,1110.0,,,32.666666666666664,1063.3333333333333,,,930.0,118.0
Комикс Бэтмен: Убийственная шутка,2025-03-02,Санкт-Петербург,DC,Книги,23,1035.0,1035.0,0.0,396.0,5.0,683.0,2.0,"ООО «Владимирова, Фадеева и Назарова»",True,False,6,3,1,23.0,970.0,30.0,920.0,,,30.333333333333332,1101.6666666666667,,,1260.0,102.0
Комикс Бэтмен: Убийственная шутка,2025-03-03,Екатеринбург,DC,Книги,17,1290.0,1290.0,0.0,123.0,4.8,722.0,3.0,АО «Тихонов Ковалев»,False,False,0,3,1,23.0,1035.0,45.0,1300.0,,,21.0,1098.3333333333333,29.285714285714285,1087.142857142857,1235.0,101.0
Комикс Бэтмен: Убийственная шутка,2025-03-03,Казань,DC,Книги,16,1030.0,1030.0,0.0,294.0,4.9,493.0,3.0,Уральский банк реконструкции и развития,False,False,0,3,1,17.0,1290.0,23.0,970.0,38.0,985.0,18.666666666666668,1118.3333333333333,26.142857142857142,1093.5714285714287,1195.0,98.0
Комикс Бэтмен: Убийственная шутка,2025-03-03,Москва,DC,Книги,32,1279.0,1279.0,0.0,383.0,4.9,440.0,2.0,ПКФ ДиПОС,False,False,0,3,1,16.0,1030.0,23.0,1035.0,29.0,1110.0,21.666666666666668,1199.6666666666667,26.571428571428573,1117.7142857142858,1095.0,83.0
Комикс Бэтмен: Убийственная шутка,2025-03-03,Нижний Новгород,DC,Книги,11,875.0,1089.0,19.0,128.0,4.7,367.0,5.0,Независимая энергосбытовая компания Краснодарского края,False,False,0,3,1,32.0,1279.0,17.0,1290.0,30.0,920.0,19.666666666666668,1061.3333333333333,23.857142857142858,1111.2857142857142,1099.5,97.0
Комикс Бэтмен: Убийственная шутка,2025-03-03,Новосибирск,DC,Книги,14,925.0,925.0,0.0,460.0,4.7,595.0,3.0,РАО «Петухова»,False,False,0,3,1,11.0,875.0,16.0,1030.0,45.0,1300.0,19.0,1026.3333333333333,19.428571428571427,1057.7142857142858,1265.0,99.0
Комикс Бэтмен: Убийственная шутка,2025-03-03,Самара,DC,Книги,5,930.0,930.0,0.0,337.0,4.9,709.0,3.0,Государственная транспортная лизинговая компания,False,False,0,3,1,14.0,925.0,32.0,1279.0,23.0,970.0,10.0,910.0,16.857142857142858,1052.0,1120.0,106.0
Комикс Бэтмен: Убийственная шутка,2025-03-03,Челябинск,DC,Книги,7,1260.0,1260.0,0.0,274.0,5.0,311.0,3.0,"НПО «Воробьева, Корнилова и Фадеева»",False,False,0,3,1,5.0,930.0,11.0,875.0,23.0,1035.0,8.666666666666666,1038.3333333333333,14.571428571428571,1084.142857142857,1260.0,123.0
Комикс Бэтмен: Убийственная шутка,2025-03-05,Нижний Новгород,DC,Книги,16,1235.0,1235.0,0.0,282.0,4.6,575.0,5.0,НПО «Кириллова-Власова»,False,False,2,3,1,7.0,1260.0,14.0,925.0,17.0,1290.0,9.333333333333334,1141.6666666666667,14.428571428571429,1076.2857142857142,1080.0,165.0
Комикс Бэтмен: Убийственная шутка,2025-03-05,Санкт-Петербург,DC,Книги,13,1195.0,1195.0,0.0,236.0,4.6,362.0,2.0,ИП «Мельников Юдин»,False,False,2,3,1,16.0,1235.0,5.0,930.0,16.0,1030.0,12.0,1230.0,14.0,1099.857142857143,870.0,199.0
Комикс Бэтмен: Убийственная шутка,2025-03-06,Нижний Новгород,DC,Книги,17,1095.0,1095.0,0.0,21.0,4.9,711.0,3.0,Филатов Групп,False,False,3,3,1,13.0,1195.0,7.0,1260.0,32.0,1279.0,15.333333333333334,1175.0,11.857142857142858,1073.5714285714287,555.0,213.0
Комикс Бэтмен: Убийственная шутка,2025-03-06,Новосибирск,DC,Книги,25,1099.5,1099.5,0.0,264.0,4.85,450.0,4.0,АО «Аксенов-Муравьева»,False,False,3,3,1,17.0,1095.0,16.0,1235.0,11.0,875.0,18.333333333333332,1129.8333333333333,13.857142857142858,1105.642857142857,1305.0,201.0
Комикс Бэтмен: Убийственная шутка,2025-03-06,Санкт-Петербург,DC,Книги,16,1265.0,1265.0,0.0,246.0,4.7,637.0,5.0,РАО «Беспалов-Муравьев»,False,False,3,3,1,25.0,1099.5,13.0,1195.0,14.0,925.0,19.333333333333332,1153.1666666666667,14.142857142857142,1154.2142857142858,899.0,199.0
Комикс Бэтмен: Убийственная шутка,2025-03-07,Ростов-на-Дону,DC,Книги,12,1120.0,1120.0,0.0,343.0,5.0,602.0,3.0,Журавлев и партнеры,False,False,4,3,1,16.0,1265.0,17.0,1095.0,5.0,930.0,17.666666666666668,1161.5,15.142857142857142,1181.357142857143,1085.0,196.0
Комикс Бэтмен: Убийственная шутка,2025-03-07,Санкт-Петербург,DC,Книги,24,1260.0,1260.0,0.0,216.0,4.7,281.0,2.0,НПО «Данилов-Прохорова»,False,False,4,3,1,12.0,1120.0,25.0,1099.5,7.0,1260.0,17.333333333333332,1215.0,17.571428571428573,1181.357142857143,610.0,182.0
Комикс Бэтмен: Убийственная шутка,2025-03-08,Екатеринбург,DC,Книги,58,1080.0,1080.0,0.0,118.0,4.7,596.0,3.0,НПО «Уваров-Ефимов»,True,True,5,3,1,24.0,1260.0,16.0,1265.0,16.0,1235.0,31.333333333333332,1153.3333333333333,23.571428571428573,1159.2142857142858,1099.0,147.0
Комикс Бэтмен: Убийственная шутка,2025-03-08,Челябинск,DC,Книги,47,870.0,870.0,0.0,48.0,5.0,603.0,5.0,АХ Степь,True,True,5,3,1,58.0,1080.0,12.0,1120.0,13.0,1195.0,43.0,1070.0,28.428571428571427,1112.7857142857142,1280.0,108.0
Комикс Бэтмен: Убийственная шутка,2025-03-09,Санкт-Петербург,DC,Книги,31,555.0,979.0,43.0,293.0,4.9,473.0,2.0,ЗАО «Трофимов»,True,False,6,3,1,47.0,870.0,24.0,1260.0,17.0,1095.0,45.333333333333336,835.0,30.428571428571427,1035.642857142857,970.0,109.0
Комикс Бэтмен: Убийственная шутка,2025-03-10,Казань,DC,Книги,13,1305.0,1305.0,0.0,445.0,4.9,667.0,3.0,"НПО «Никифоров, Горбунов и Журавлев»",False,False,0,3,1,31.0,555.0,58.0,1080.0,25.0,1099.5,30.333333333333332,910.0,28.714285714285715,1065.0,1040.0,104.0
Комикс Бэтмен: Убийственная шутка,2025-03-10,Нижний Новгород,DC,Книги,14,899.0,899.0,0.0,60.0,4.7,662.0,2.0,Билла (Rewe),False,False,0,3,1,13.0,1305.0,47.0,870.0,16.0,1265.0,19.333333333333332,919.6666666666666,28.428571428571427,1012.7142857142857,1047.5,139.0
Комикс Бэтмен: Убийственная шутка,2025-03-10,Новосибирск,DC,Книги,9,1085.0,1085.0,0.0,455.0,5.0,375.0,3.0,ЗАО «Власова Власова»,False,False,0,3,1,14.0,899.0,31.0,555.0,12.0,1120.0,12.0,1096.3333333333333,28.0,1007.7142857142857,1035.0,145.0
Комикс Бэтмен: Убийственная шутка,2025-03-10,Самара,DC,Книги,10,610.0,1155.0,47.0,228.0,4.8,413.0,5.0,АО «Савельев Андреев»,False,False,0,3,1,9.0,1085.0,13.0,1305.0,24.0,1260.0,11.0,864.6666666666666,26.0,914.8571428571429,945.0,162.0
Комикс Бэтмен: Убийственная шутка,2025-03-10,Санкт-Петербург,DC,Книги,23,1099.0,1099.0,0.0,338.0,4.7,342.0,5.0,ВымпелКом,False,False,0,3,1,10.0,610.0,14.0,899.0,58.0,1080.0,14.0,931.3333333333334,21.0,917.5714285714286,772.0,160.0
Комикс Бэтмен: Убийственная шутка,2025-03-12,Казань,DC,Книги,8,1280.0,1280.0,0.0,127.0,4.7,584.0,2.0,Ефимова Инкорпорэйтед,False,False,2,3,1,23.0,1099.0,9.0,1085.0,47.0,870.0,13.666666666666666,996.3333333333334,15.428571428571429,976.1428571428571,1075.0,175.0
Комикс Бэтмен: Убийственная шутка,2025-03-12,Москва,DC,Книги,32,970.0,970.0,0.0,511.0,4.9,408.0,5.0,"ООО «Федорова, Данилов и Фадеев»",False,False,2,3,1,8.0,1280.0,10.0,610.0,31.0,555.0,21.0,1116.3333333333333,15.571428571428571,1035.4285714285713,1149.0,163.0
Комикс Бэтмен: Убийственная шутка,2025-03-12,Ростов-на-Дону,DC,Книги,8,1040.0,1040.0,0.0,341.0,5.0,504.0,3.0,АО «Константинова Михайлова»,False,False,2,3,1,32.0,970.0,23.0,1099.0,13.0,1305.0,16.0,1096.6666666666667,14.857142857142858,997.5714285714286,1200.0,175.0
Комикс Бэтмен: Убийственная шутка,2025-03-13,Москва,DC,Книги,49,1047.5,1125.0,7.0,129.5,4.75,441.0,3.0,НПО «Ильина Волков»,False,False,3,3,1,8.0,1040.0,8.0,1280.0,14.0,899.0,29.666666666666668,1019.1666666666666,19.857142857142858,1018.7857142857143,910.0,168.0
Комикс Бэтмен: Убийственная шутка,2025-03-13,Нижний Новгород,DC,Книги,15,1035.0,1035.0,0.0,383.0,5.0,361.0,2.0,Харитонов Инк,False,False,3,3,1,49.0,1047.5,32.0,970.0,9.0,1085.0,24.0,1040.8333333333333,20.714285714285715,1011.6428571428571,999.0,186.0
Комикс Бэтмен: Убийственная шутка,2025-03-13,Санкт-Петербург,DC,Книги,27,945.0,945.0,0.0,302.0,4.9,721.0,1.0,"АО «Кабанова, Тимофеева и Некрасова»",False,False,3,3,1,15.0,1035.0,8.0,1040.0,10.0,610.0,30.333333333333332,1009.1666666666666,23.142857142857142,1059.5,1039.0,176.0
Комикс Бэтмен: Убийственная шутка,2025-03-14,Казань,DC,Книги,21,772.0,944.5,17.5,56.5,4.8,536.0,1.5,ИП «Денисова»,False,False,4,3,1,27.0,945.0,49.0,1047.5,23.0,1099.0,21.0,917.3333333333334,22.857142857142858,1012.7857142857143,985.0,167.0
Комикс Бэтмен: Убийственная шутка,2025-03-14,Санкт-Петербург,DC,Книги,23,1075.0,1075.0,0.0,45.0,4.9,412.0,2.0,Юнилевер Русь (Unilever),False,False,4,3,1,21.0,772.0,15.0,1035.0,8.0,1280.0,23.666666666666668,930.6666666666666,25.0,983.5,1265.0,165.0
Комикс Бэтмен: Убийственная шутка,2025-03-15,Москва,DC,Книги,20,1149.0,1149.0,0.0,464.0,5.0,347.0,2.0,"ОАО «Хохлова, Потапова и Орехова»",True,False,5,3,1,23.0,1075.0,27.0,945.0,32.0,970.0,21.333333333333332,998.6666666666666,23.285714285714285,1009.0714285714286,929.0,162.0
Комикс Бэтмен: Убийственная шутка,2025-03-15,Самара,DC,Книги,20,1200.0,1200.0,0.0,444.0,4.8,538.0,7.0,ОАО «Новиков-Шарапова»,True,False,5,3,1,20.0,1149.0,21.0,772.0,8.0,1040.0,21.0,1141.3333333333333,25.0,1031.9285714285713,1169.0,149.0
Комикс Бэтмен: Убийственная шутка,2025-03-16,Москва,DC,Книги,42,910.0,910.0,0.0,504.0,4.8,266.0,3.0,ЗАО «Гурьев Орехова»,True,False,6,3,1,20.0,1200.0,23.0,1075.0,49.0,1047.5,27.333333333333332,1086.3333333333333,24.0,1012.2857142857143,980.0,124.0
Комикс Бэтмен: Убийственная шутка,2025-03-16,Санкт-Петербург,DC,Книги,33,999.0,999.0,0.0,194.0,4.7,274.0,1.0,ОАО «Сергеева»,True,False,6,3,1,42.0,910.0,20.0,1149.0,15.0,1035.0,31.666666666666668,1036.3333333333333,26.571428571428573,1007.1428571428571,959.0,99.0
Комикс Бэтмен: Убийственная шутка,2025-03-16,Челябинск,DC,Книги,17,1039.0,1039.0,0.0,288.0,4.8,705.0,5.0,АО «Ларионова-Юдина»,True,False,6,3,1,33.0,999.0,20.0,1200.0,27.0,945.0,30.666666666666668,982.6666666666666,25.142857142857142,1020.5714285714286,1040.0,92.0
Комикс Бэтмен: Убийственная шутка,2025-03-17,Казань,DC,Книги,12,985.0,985.0,0.0,272.0,4.9,651.0,3.0,"НПО «Казакова, Лебедев и Дорофеева»",False,False,0,3,1,17.0,1039.0,42.0,910.0,21.0,772.0,20.666666666666668,1007.6666666666666,23.857142857142858,1051.0,885.0,95.0
Комикс Бэтмен: Убийственная шутка,2025-03-17,Новосибирск,DC,Книги,21,1265.0,1265.0,0.0,380.0,4.7,572.0,1.0,Краснодарзернопродукт-Экспо,False,False,0,3,1,12.0,985.0,33.0,999.0,23.0,1075.0,16.666666666666668,1096.3333333333333,23.571428571428573,1078.142857142857,1132.0,98.0
Комикс Бэтмен: Убийственная шутка,2025-03-17,Санкт-Петербург,DC,Книги,17,929.0,929.0,0.0,414.0,4.8,469.0,3.0,НПО «Савельева Тимофеев»,False,False,0,3,1,21.0,1265.0,17.0,1039.0,20.0,1149.0,16.666666666666668,1059.6666666666667,23.142857142857142,1046.7142857142858,1089.0,90.0
Комикс Бэтмен: Убийственная шутка,2025-03-18,Самара,DC,Книги,7,1169.0,1169.0,0.0,436.0,4.9,621.0,1.0,"ИП «Мясников, Стрелкова и Большаков»",False,False,1,3,1,17.0,929.0,12.0,985.0,20.0,1200.0,15.0,1121.0,21.285714285714285,1042.2857142857142,1060.0,99.0
Комикс Бэтмен: Убийственная шутка,2025-03-19,Екатеринбург,DC,Книги,17,980.0,1169.0,15.0,162.0,5.0,622.0,5.0,ИП «Бобров-Колобова»,False,False,2,3,1,7.0,1169.0,21.0,1265.0,42.0,910.0,13.666666666666666,1026.0,17.714285714285715,1052.2857142857142,1290.0,94.0
Комикс Бэтмен: Убийственная шутка,2025-03-19,Новосибирск,DC,Книги,8,959.0,1060.0,9.0,465.0,4.9,392.0,2.0,ИП «Бобылев Гуляев»,False,False,2,3,1,17.0,980.0,17.0,929.0,33.0,999.0,10.666666666666666,1036.0,14.142857142857142,1046.5714285714287,1059.0,110.0
Комикс Бэтмен: Убийственная шутка,2025-03-19,Самара,DC,Книги,10,1040.0,1040.0,0.0,263.0,4.6,574.0,5.0,Силина Инк,False,False,2,3,1,8.0,959.0,7.0,1169.0,17.0,1039.0,11.666666666666666,993.0,13.142857142857142,1046.7142857142858,880.0,113.0
Комикс Ходячие мертвецы. Том 1,2025-03-01,Екатеринбург,Image,Книги,15,1030.0,1030.0,0.0,32.0,4.9,564.0,5.0,Давыдов Лтд,True,False,5,3,1,,,,,,,,,,,925.0,207.0
Комикс Ходячие мертвецы. Том 1,2025-03-01,Москва,Image,Книги,65,900.0,1024.5,12.0,204.0,4.85,434.5,2.5,"ЗАО «Колобов, Фролова и Кулаков»",True,False,5,3,1,15.0,1030.0,,,,,,,,,977.5,183.0
Комикс Ходячие мертвецы. Том 1,2025-03-01,Челябинск,Image,Книги,19,965.0,965.0,0.0,228.0,4.8,344.0,5.0,ФосАгро,True,False,5,3,1,65.0,900.0,,,,,33.0,965.0,,,820.0,169.0
Комикс Ходячие мертвецы. Том 1,2025-03-02,Москва,Image,Книги,50,1050.0,1050.0,0.0,111.0,4.6,493.0,2.0,ООО «Макаров-Фадеев»,True,False,6,3,1,19.0,965.0,15.0,1030.0,,,44.666666666666664,971.6666666666666,,,960.0,129.0
Комикс Ходячие мертвецы. Том 1,2025-03-02,Нижний Новгород,Image,Книги,14,1070.0,1070.0,0.0,77.0,4.8,579.0,1.0,ИП «Фомин-Павлов»,True,False,6,3,1,50.0,1050.0,65.0,900.0,,,27.666666666666668,1028.3333333333333,,,945.0,128.0
Комикс Ходячие мертвецы. Том 1,2025-03-02,Ростов-на-Дону,Image,Книги,18,725.0,725.0,0.0,277.0,4.8,338.0,5.0,ИП «Захаров Нестеров»,True,False,6,3,1,14.0,1070.0,19.0,965.0,,,27.333333333333332,948.3333333333334,,,800.0,122.0
Комикс Ходячие мертвецы. Том 1,2025-03-02,Самара,Image,Книги,20,1019.0,1019.0,0.0,128.0,5.0,475.0,2.0,НПО «Данилова»,True,False,6,3,1,18.0,725.0,50.0,1050.0,,,17.333333333333332,938.0,28.714285714285715,965.5714285714286,865.0,156.0
Комикс Ходячие мертвецы. Том 1,2025-03-02,Санкт-Петербург,Image,Книги,21,925.0,925.0,0.0,506.0,4.6,409.0,5.0,ЗАО «Лаврентьева Куликова»,True,False,6,3,1,20.0,1019.0,14.0,1070.0,15.0,1030.0,19.666666666666668,889.6666666666666,29.571428571428573,950.5714285714286,1030.0,151.0
Комикс Ходячие мертвецы. Том 1,2025-03-03,Санкт-Петербург,Image,Книги,41,977.5,977.5,0.0,260.5,4.7,477.5,2.5,НОВАТЭК,False,False,0,3,1,21.0,925.0,18.0,725.0,65.0,900.0,27.333333333333332,973.8333333333334,26.142857142857142,961.6428571428571,509.0,126.0
Комикс Ходячие мертвецы. Том 1,2025-03-03,Уфа,Image,Книги,5,820.0,820.0,0.0,346.0,4.5,490.0,7.0,ИП «Пахомова Орлова»,False,False,0,3,1,41.0,977.5,20.0,1019.0,19.0,965.0,22.333333333333332,907.5,24.142857142857142,940.9285714285714,789.0,134.0
Комикс Ходячие мертвецы. Том 1,2025-03-04,Казань,Image,Книги,10,960.0,960.0,0.0,449.0,4.7,501.0,7.0,"АО «Пономарева, Соколов и Воронов»",False,False,1,3,1,5.0,820.0,21.0,925.0,50.0,1050.0,18.666666666666668,919.1666666666666,18.428571428571427,928.0714285714286,802.5,143.0
Комикс Ходячие мертвецы. Том 1,2025-03-04,Челябинск,Image,Книги,13,945.0,945.0,0.0,446.0,5.0,607.0,7.0,"РАО «Кириллова, Гусева и Воронова»",False,False,1,3,1,10.0,960.0,41.0,977.5,14.0,1070.0,9.333333333333334,908.3333333333334,18.285714285714285,910.2142857142857,1060.0,140.0
Комикс Ходячие мертвецы. Том 1,2025-03-05,Москва,Image,Книги,12,800.0,800.0,0.0,96.0,5.0,270.0,5.0,"ЗАО «Лаврентьев, Фомина и Агафонов»",False,False,2,3,1,13.0,945.0,5.0,820.0,18.0,725.0,11.666666666666666,901.6666666666666,17.428571428571427,920.9285714285714,480.0,136.0
Комикс Ходячие мертвецы. Том 1,2025-03-05,Санкт-Петербург,Image,Книги,54,865.0,921.6666666666666,7.0,223.66666666666666,4.566666666666666,441.0,3.0,Квадра,False,False,2,3,1,12.0,800.0,10.0,960.0,20.0,1019.0,26.333333333333332,870.0,22.285714285714285,898.9285714285714,839.0,124.0
Комикс Ходячие мертвецы. Том 1,2025-03-06,Москва,Image,Книги,16,1030.0,1030.0,0.0,416.0,4.4,501.0,2.0,НПО «Харитонов Сорокин»,False,False,3,3,1,54.0,865.0,13.0,945.0,21.0,925.0,27.333333333333332,898.3333333333334,21.571428571428573,913.9285714285714,840.0,146.0
Комикс Ходячие мертвецы. Том 1,2025-03-06,Нижний Новгород,Image,Книги,16,509.0,1025.0,50.0,180.0,4.4,429.0,3.0,"ИП «Ершов, Морозов и Лаврентьев»",False,False,3,3,1,16.0,1030.0,12.0,800.0,41.0,977.5,28.666666666666668,801.3333333333334,18.0,847.0,820.0,146.0
Комикс Ходячие мертвецы. Том 1,2025-03-06,Самара,Image,Книги,13,789.0,789.0,0.0,110.0,4.7,572.0,3.0,ИП «Тарасов Чернов»,False,False,3,3,1,16.0,509.0,54.0,865.0,5.0,820.0,15.0,776.0,19.142857142857142,842.5714285714286,1007.5,154.0
Комикс Ходячие мертвецы. Том 1,2025-03-06,Уфа,Image,Книги,19,802.5,802.5,0.0,153.5,4.65,391.0,2.5,РАО «Виноградов Семенов»,False,False,3,3,1,13.0,789.0,16.0,1030.0,10.0,960.0,16.0,700.1666666666666,20.428571428571427,820.0714285714286,880.0,143.0
Комикс Ходячие мертвецы. Том 1,2025-03-07,Екатеринбург,Image,Книги,10,1060.0,1060.0,0.0,377.0,4.9,251.0,1.0,ОАО «Горбунова-Кириллов»,False,False,4,3,1,19.0,802.5,16.0,509.0,13.0,945.0,14.0,883.8333333333334,20.0,836.5,750.0,153.0
Комикс Ходячие мертвецы. Том 1,2025-03-07,Уфа,Image,Книги,8,480.0,819.0,41.0,421.0,4.9,683.0,3.0,ЕвроСибЭнерго,False,False,4,3,1,10.0,1060.0,13.0,789.0,12.0,800.0,12.333333333333334,780.8333333333334,19.428571428571427,790.7857142857143,850.0,150.0
Комикс Ходячие мертвецы. Том 1,2025-03-08,Екатеринбург,Image,Книги,42,839.0,839.0,0.0,501.0,4.9,431.0,2.0,Овчинников Лтд,True,True,5,3,1,8.0,480.0,19.0,802.5,54.0,865.0,20.0,793.0,17.714285714285715,787.0714285714286,1070.0,117.0
Комикс Ходячие мертвецы. Том 1,2025-03-08,Ростов-на-Дону,Image,Книги,38,840.0,840.0,0.0,224.0,4.6,493.0,5.0,ЗАО «Елисеева-Гришин»,True,True,5,3,1,42.0,839.0,10.0,1060.0,16.0,1030.0,29.333333333333332,719.6666666666666,20.857142857142858,759.9285714285714,777.5,114.0
Комикс Ходячие мертвецы. Том 1,2025-03-09,Нижний Новгород,Image,Книги,16,820.0,910.0,10.0,472.0,4.7,298.0,3.0,Объединенная авиастроительная корпорация,True,False,6,3,1,38.0,840.0,8.0,480.0,16.0,509.0,32.0,833.0,20.857142857142858,804.3571428571429,1020.0,103.0
Комикс Ходячие мертвецы. Том 1,2025-03-10,Ростов-на-Дону,Image,Книги,21,1007.5,1007.5,0.0,317.0,4.75,415.5,3.5,ЗАО «Моисеева Казаков»,False,False,0,3,1,16.0,820.0,42.0,839.0,13.0,789.0,25.0,889.1666666666666,22.0,835.5714285714286,810.0,102.0
Комикс Ходячие мертвецы. Том 1,2025-03-10,Самара,Image,Книги,8,880.0,880.0,0.0,47.0,4.7,655.0,5.0,ИП «Кудрявцева Колобова»,False,False,0,3,1,21.0,1007.5,38.0,840.0,19.0,802.5,15.0,902.5,20.428571428571427,846.6428571428571,860.0,107.0
Комикс Ходячие мертвецы. Том 1,2025-03-11,Новосибирск,Image,Книги,20,750.0,750.0,0.0,141.0,4.5,368.0,5.0,ИП «Лапин-Алексеев»,False,False,1,3,1,8.0,880.0,16.0,820.0,10.0,1060.0,16.333333333333332,879.1666666666666,21.857142857142858,802.3571428571429,830.0,114.0
Комикс Ходячие мертвецы. Том 1,2025-03-12,Нижний Новгород,Image,Книги,5,850.0,850.0,0.0,147.0,4.5,538.0,7.0,Дикси Групп,False,False,2,3,1,20.0,750.0,21.0,1007.5,8.0,480.0,11.0,826.6666666666666,21.428571428571427,855.2142857142857,790.0,119.0
Комикс Ходячие мертвецы. Том 1,2025-03-12,Ростов-на-Дону,Image,Книги,9,1070.0,1070.0,0.0,456.0,4.6,342.0,5.0,Ершова Лимитед,False,False,2,3,1,5.0,850.0,8.0,880.0,42.0,839.0,11.333333333333334,890.0,16.714285714285715,888.2142857142857,740.0,153.0
Комикс Ходячие мертвецы. Том 1,2025-03-12,Санкт-Петербург,Image,Книги,35,777.5,777.5,0.0,94.0,4.65,528.5,2.0,Дмитриев Лтд,False,False,2,3,1,9.0,1070.0,20.0,750.0,38.0,840.0,16.333333333333332,899.1666666666666,16.285714285714285,879.2857142857143,1080.0,149.0
Комикс Ходячие мертвецы. Том 1,2025-03-12,Челябинск,Image,Книги,5,1020.0,1020.0,0.0,188.0,4.7,439.0,1.0,ОАО «Лукин-Дементьев»,False,False,2,3,1,35.0,777.5,5.0,850.0,16.0,820.0,16.333333333333332,955.8333333333334,14.714285714285714,907.8571428571429,845.0,162.0
Комикс Ходячие мертвецы. Том 1,2025-03-13,Новосибирск,Image,Книги,20,810.0,949.0,14.0,409.0,4.7,490.0,1.0,ЗАО «Бурова»,False,False,3,3,1,5.0,1020.0,9.0,1070.0,21.0,1007.5,20.0,869.1666666666666,14.571428571428571,879.6428571428571,762.5,169.0
Комикс Ходячие мертвецы. Том 1,2025-03-14,Екатеринбург,Image,Книги,13,860.0,860.0,0.0,224.0,4.6,610.0,2.0,ЗАО «Селезнев Кабанова»,False,False,4,3,1,20.0,810.0,35.0,777.5,8.0,880.0,12.666666666666666,896.6666666666666,15.285714285714286,876.7857142857143,1050.0,169.0
Комикс Ходячие мертвецы. Том 1,2025-03-14,Москва,Image,Книги,27,830.0,830.0,0.0,226.0,4.6,526.0,2.0,"ОАО «Фомина, Агафонова и Морозова»",False,False,4,3,1,13.0,860.0,5.0,1020.0,20.0,750.0,20.0,833.3333333333334,16.285714285714285,888.2142857142857,1015.0,147.0
Комикс Ходячие мертвецы. Том 1,2025-03-14,Нижний Новгород,Image,Книги,10,790.0,790.0,0.0,44.0,4.9,577.0,2.0,"ОАО «Фомичева, Архипова и Сафонова»",False,False,4,3,1,27.0,830.0,20.0,810.0,5.0,850.0,16.666666666666668,826.6666666666666,17.0,879.6428571428571,780.0,158.0
Комикс Ходячие мертвецы. Том 1,2025-03-15,Москва,Image,Книги,43,740.0,740.0,0.0,219.0,4.6,304.0,5.0,ИП «Сергеева»,True,False,5,3,1,10.0,790.0,13.0,860.0,9.0,1070.0,26.666666666666668,786.6666666666666,21.857142857142858,832.5,1015.0,126.0
Комикс Ходячие мертвецы. Том 1,2025-03-15,Санкт-Петербург,Image,Книги,31,1080.0,1080.0,0.0,509.0,4.5,468.0,3.0,Ермакова Лтд,True,False,5,3,1,43.0,740.0,27.0,830.0,35.0,777.5,28.0,870.0,21.285714285714285,875.7142857142857,569.0,127.0
Комикс Ходячие мертвецы. Том 1,2025-03-15,Уфа,Image,Книги,18,845.0,845.0,0.0,106.0,5.0,558.0,7.0,"ООО «Панфилов, Щербаков и Евдокимова»",True,False,5,3,1,31.0,1080.0,10.0,790.0,5.0,1020.0,30.666666666666668,888.3333333333334,23.142857142857142,850.7142857142857,1010.0,119.0
Комикс Ходячие мертвецы. Том 1,2025-03-16,Новосибирск,Image,Книги,27,762.5,762.5,0.0,445.5,4.8,466.0,6.0,ИП «Власова-Панов»,True,False,6,3,1,18.0,845.0,43.0,740.0,20.0,810.0,25.333333333333332,895.8333333333334,24.142857142857142,843.9285714285714,920.0,113.0
Комикс Ходячие мертвецы. Том 1,2025-03-16,Челябинск,Image,Книги,13,1050.0,1050.0,0.0,227.0,4.8,537.0,2.0,РКЦ Прогресс,True,False,6,3,1,27.0,762.5,31.0,1080.0,13.0,860.0,19.333333333333332,885.8333333333334,24.142857142857142,871.0714285714286,779.5,125.0
Комикс Ходячие мертвецы. Том 1,2025-03-17,Нижний Новгород,Image,Книги,5,1015.0,1015.0,0.0,80.0,4.6,250.0,3.0,ООО «Потапов»,False,False,0,3,1,13.0,1050.0,18.0,845.0,27.0,830.0,15.0,942.5,21.0,897.5,730.0,128.0
Комикс Ходячие мертвецы. Том 1,2025-03-17,Санкт-Петербург,Image,Книги,21,780.0,780.0,0.0,212.0,4.8,691.0,2.0,АО «Макаров»,False,False,0,3,1,5.0,1015.0,27.0,762.5,10.0,790.0,13.0,948.3333333333334,22.571428571428573,896.0714285714286,820.0,120.0
Комикс Ходячие мертвецы. Том 1,2025-03-17,Челябинск,Image,Книги,11,1015.0,1015.0,0.0,285.0,5.0,598.0,3.0,ООО «Юдин Фокина»,False,False,0,3,1,21.0,780.0,13.0,1050.0,43.0,740.0,12.333333333333334,936.6666666666666,18.0,935.3571428571429,555.0,115.0
Комикс Ходячие мертвецы. Том 1,2025-03-18,Москва,Image,Книги,32,569.0,715.0,20.0,269.0,4.8,420.0,3.0,ИП «Абрамов-Дроздов»,False,False,1,3,1,11.0,1015.0,5.0,1015.0,31.0,1080.0,21.333333333333332,788.0,18.142857142857142,862.3571428571429,799.0,111.0
Комикс Ходячие мертвецы. Том 1,2025-03-18,Уфа,Image,Книги,10,1010.0,1010.0,0.0,276.0,4.6,243.0,7.0,НПО «Гурьев-Лукин»,False,False,1,3,1,32.0,569.0,21.0,780.0,18.0,845.0,17.666666666666668,864.6666666666666,17.0,885.9285714285714,750.0,116.0
Комикс Ходячие мертвецы. Том 1,2025-03-19,Екатеринбург,Image,Книги,21,920.0,920.0,0.0,389.0,4.8,521.5,4.0,ГК Эталон,False,False,2,3,1,10.0,1010.0,11.0,1015.0,27.0,762.5,21.0,833.0,16.142857142857142,908.4285714285714,1035.0,106.0
Комикс Ходячие мертвецы. Том 1,2025-03-19,Новосибирск,Image,Книги,25,779.5,900.0,13.0,481.0,4.699999999999999,425.0,3.5,НПО «Борисов-Рожкова»,False,False,2,3,1,21.0,920.0,32.0,569.0,13.0,1050.0,18.666666666666668,903.1666666666666,17.857142857142858,869.7857142857143,865.0,86.0
Комикс Ходячие мертвецы. Том 1,2025-03-19,Ростов-на-Дону,Image,Книги,8,730.0,730.0,0.0,116.0,4.8,364.0,3.0,ИП «Иванов Исаева»,False,False,2,3,1,25.0,779.5,10.0,1010.0,5.0,1015.0,18.0,809.8333333333334,18.285714285714285,829.0714285714286,480.0,92.0
Комикс Ходячие мертвецы. Том 1,2025-03-19,Челябинск,Image,Книги,13,820.0,820.0,0.0,220.0,4.5,394.0,5.0,Ларионов Инк,False,False,2,3,1,8.0,730.0,21.0,920.0,21.0,780.0,15.333333333333334,776.5,17.142857142857142,834.7857142857143,805.0,92.0
Комикс Человек-паук: Последняя охота Крэйвена,2025-03-01,Казань,Marvel,Книги,31,907.5,907.5,0.0,172.0,4.85,559.0,3.5,Дж.Т.И. Россия (JTI),True,False,5,3,1,,,,,,,,,,,1160.0,140.0
Комикс Человек-паук: Последняя охота Крэйвена,2025-03-02,Екатеринбург,Marvel,Книги,14,1100.0,1100.0,0.0,500.0,4.7,464.0,2.0,Дмитриева Инк,True,False,6,3,1,31.0,907.5,,,,,,,,,809.0,147.0
Комикс Человек-паук: Последняя охота Крэйвена,2025-03-02,Казань,Marvel,Книги,14,819.0,819.0,0.0,53.0,4.6,676.0,3.0,РАО «Панфилов Богданов»,True,False,6,3,1,14.0,1100.0,,,,,19.666666666666668,942.1666666666666,,,975.0,154.0
Комикс Человек-паук: Последняя охота Крэйвена,2025-03-02,Нижний Новгород,Marvel,Книги,18,959.0,959.0,0.0,486.0,4.8,363.0,7.0,Лига ставок,True,False,6,3,1,14.0,819.0,31.0,907.5,,,15.333333333333334,959.3333333333334,,,865.0,153.0
Комикс Человек-паук: Последняя охота Крэйвена,2025-03-02,Новосибирск,Marvel,Книги,28,1080.0,1080.0,0.0,78.0,4.9,379.0,3.0,Емельянова Лтд,True,False,6,3,1,18.0,959.0,14.0,1100.0,,,20.0,952.6666666666666,,,950.0,135.0
Комикс Человек-паук: Последняя охота Крэйвена,2025-03-02,Санкт-Петербург,Marvel,Книги,42,450.0,925.0,50.0,524.0,4.5,279.0,2.0,АО «Крылов Герасимова»,True,False,6,3,1,28.0,1080.0,14.0,819.0,,,29.333333333333332,829.6666666666666,,,1050.0,109.0
Комикс Человек-паук: Последняя охота Крэйвена,2025-03-03,Казань,Marvel,Книги,14,980.0,980.0,0.0,166.0,5.0,332.0,3.0,РАО «Лихачева Лобанов»,False,False,0,3,1,42.0,450.0,18.0,959.0,,,28.0,836.6666666666666,23.0,899.3571428571429,1059.0,105.0
Комикс Человек-паук: Последняя охота Крэйвена,2025-03-03,Самара,Marvel,Книги,10,1160.0,1160.0,0.0,381.0,4.7,666.0,2.0,РАО «Власов-Лебедева»,False,False,0,3,1,14.0,980.0,28.0,1080.0,31.0,907.5,22.0,863.3333333333334,20.0,935.4285714285714,945.0,127.0
Комикс Человек-паук: Последняя охота Крэйвена,2025-03-03,Санкт-Петербург,Marvel,Книги,21,809.0,809.0,0.0,240.0,5.0,719.0,1.0,Газпром,False,False,0,3,1,10.0,1160.0,42.0,450.0,14.0,1100.0,15.0,983.0,21.0,893.8571428571429,1099.0,117.0
Комикс Человек-паук: Последняя охота Крэйвена,2025-03-04,Нижний Новгород,Marvel,Книги,21,975.0,1132.5,13.0,228.0,4.8,521.0,2.5,ЗАО «Вишняков-Новикова»,False,False,1,3,1,21.0,809.0,14.0,980.0,14.0,819.0,17.333333333333332,981.3333333333334,22.0,916.1428571428571,800.0,196.0
Комикс Человек-паук: Последняя охота Крэйвена,2025-03-05,Екатеринбург,Marvel,Книги,17,865.0,865.0,0.0,218.0,4.8,462.0,1.0,"АО «Гурьев, Захарова и Владимирова»",False,False,2,3,1,21.0,975.0,10.0,1160.0,18.0,959.0,19.666666666666668,883.0,21.857142857142858,902.7142857142857,1019.0,217.0
Комикс Человек-паук: Последняя охота Крэйвена,2025-03-05,Новосибирск,Marvel,Книги,10,950.0,950.0,0.0,469.0,4.5,447.0,5.0,"НПО «Ковалев, Шилов и Костин»",False,False,2,3,1,17.0,865.0,21.0,809.0,28.0,1080.0,16.0,930.0,19.285714285714285,884.1428571428571,1099.0,248.0
Комикс Человек-паук: Последняя охота Крэйвена,2025-03-05,Санкт-Петербург,Marvel,Книги,16,1050.0,1050.0,0.0,496.0,5.0,475.0,3.0,АО «Лебедева Уваров»,False,False,2,3,1,10.0,950.0,21.0,975.0,42.0,450.0,14.333333333333334,955.0,15.571428571428571,969.8571428571429,829.0,261.0
Комикс Человек-паук: Последняя охота Крэйвена,2025-03-06,Самара,Marvel,Книги,10,1059.0,1059.0,0.0,239.0,4.5,502.0,5.0,"РАО «Давыдова, Рогова и Федорова»",False,False,3,3,1,16.0,1050.0,17.0,865.0,14.0,980.0,12.0,1019.6666666666666,15.0,981.1428571428571,1129.0,273.0
Комикс Человек-паук: Последняя охота Крэйвена,2025-03-06,Санкт-Петербург,Marvel,Книги,32,945.0,945.0,0.0,154.0,4.7,351.0,4.0,НПО «Самсонов Логинов»,False,False,3,3,1,10.0,1059.0,10.0,950.0,10.0,1160.0,19.333333333333332,1018.0,18.142857142857142,950.4285714285714,799.0,269.0
Комикс Человек-паук: Последняя охота Крэйвена,2025-03-07,Челябинск,Marvel,Книги,11,1099.0,1099.0,0.0,384.0,4.6,635.0,2.0,ЗАО «Морозова Щербакова»,False,False,4,3,1,32.0,945.0,16.0,1050.0,21.0,809.0,17.666666666666668,1034.3333333333333,16.714285714285715,991.8571428571429,910.0,272.0
Комикс Человек-паук: Последняя охота Крэйвена,2025-03-08,Москва,Marvel,Книги,100,800.0,910.0,11.0,63.0,4.7,310.0,3.0,Эйвон Бьюти Продактс Компани (Avon),True,True,5,3,1,11.0,1099.0,10.0,1059.0,21.0,975.0,47.666666666666664,948.0,28.0,966.8571428571429,800.0,188.0
Комикс Человек-паук: Последняя охота Крэйвена,2025-03-08,Нижний Новгород,Marvel,Книги,38,1019.0,1019.0,0.0,396.0,4.6,448.0,2.0,"АО «Тихонов, Гусева и Бурова»",True,True,5,3,1,100.0,800.0,32.0,945.0,17.0,865.0,49.666666666666664,972.6666666666666,31.0,988.8571428571429,1190.0,175.0
Комикс Человек-паук: Последняя охота Крэйвена,2025-03-08,Санкт-Петербург,Marvel,Книги,41,1099.0,1099.0,0.0,90.0,4.9,634.0,5.0,Кузнецова Инк,True,True,5,3,1,38.0,1019.0,11.0,1099.0,10.0,950.0,59.666666666666664,972.6666666666666,35.42857142857143,1010.1428571428571,1110.0,141.0
Комикс Человек-паук: Последняя охота Крэйвена,2025-03-08,Уфа,Marvel,Книги,29,829.0,1200.0,31.0,181.0,4.5,520.0,3.0,ЗАО «Соловьева»,True,True,5,3,1,41.0,1099.0,100.0,800.0,16.0,1050.0,36.0,982.3333333333334,37.285714285714285,978.5714285714286,909.0,132.0
Комикс Человек-паук: Последняя охота Крэйвена,2025-03-09,Казань,Marvel,Книги,22,1129.0,1129.0,0.0,341.0,4.5,543.0,1.0,Дьячков Лтд,True,False,6,3,1,29.0,829.0,38.0,1019.0,10.0,1059.0,30.666666666666668,1019.0,39.0,988.5714285714286,1057.5,133.0
Комикс Человек-паук: Последняя охота Крэйвена,2025-03-09,Новосибирск,Marvel,Книги,28,799.0,799.0,0.0,71.0,5.0,318.0,3.0,ОАО «Ермаков Пахомова»,True,False,6,3,1,22.0,1129.0,41.0,1099.0,32.0,945.0,26.333333333333332,919.0,38.42857142857143,967.7142857142857,1019.0,115.0
Комикс Человек-паук: Последняя охота Крэйвена,2025-03-09,Уфа,Marvel,Книги,14,910.0,910.0,0.0,177.0,5.0,241.0,3.0,ОАО «Гуляев»,True,False,6,3,1,28.0,799.0,29.0,829.0,11.0,1099.0,21.333333333333332,946.0,38.857142857142854,940.7142857142857,964.5,119.0
Комикс Человек-паук: Последняя охота Крэйвена,2025-03-10,Екатеринбург,Marvel,Книги,16,800.0,800.0,0.0,84.0,4.6,435.0,3.0,НПО «Баранова»,False,False,0,3,1,14.0,910.0,22.0,1129.0,100.0,800.0,19.333333333333332,836.3333333333334,26.857142857142858,940.7142857142857,905.0,113.0
Комикс Человек-паук: Последняя охота Крэйвена,2025-03-10,Москва,Marvel,Книги,25,1190.0,1190.0,0.0,131.0,4.9,683.0,7.0,НПО «Юдин-Дроздов»,False,False,0,3,1,16.0,800.0,28.0,799.0,38.0,1019.0,18.333333333333332,966.6666666666666,25.0,965.1428571428571,919.0,97.0
Комикс Человек-паук: Последняя охота Крэйвена,2025-03-10,Нижний Новгород,Marvel,Книги,7,1110.0,1110.0,0.0,109.0,4.8,458.0,7.0,ЗАО «Карпов Емельянов»,False,False,0,3,1,25.0,1190.0,14.0,910.0,41.0,1099.0,16.0,1033.3333333333333,20.142857142857142,966.7142857142857,839.0,99.0
Комикс Человек-паук: Последняя охота Крэйвена,2025-03-10,Санкт-Петербург,Marvel,Книги,20,909.0,1099.0,17.0,204.0,4.6,347.0,5.0,"НПО «Сазонова, Ефремов и Агафонова»",False,False,0,3,1,7.0,1110.0,16.0,800.0,29.0,829.0,17.333333333333332,1069.6666666666667,18.857142857142858,978.1428571428571,895.0,94.0
Комикс Человек-паук: Последняя охота Крэйвена,2025-03-10,Челябинск,Marvel,Книги,23,1057.5,1057.5,0.0,318.5,4.75,522.0,2.5,Прогресс,False,False,0,3,1,20.0,909.0,25.0,1190.0,22.0,1129.0,16.666666666666668,1025.5,19.0,967.9285714285714,1070.0,96.0
Комикс Человек-паук: Последняя охота Крэйвена,2025-03-11,Новосибирск,Marvel,Книги,10,1019.0,1019.0,0.0,473.0,4.7,664.0,3.0,Калашникова Инкорпорэйтед,False,False,1,3,1,23.0,1057.5,7.0,1110.0,28.0,799.0,17.666666666666668,995.1666666666666,16.428571428571427,999.3571428571429,1190.0,95.0
Комикс Человек-паук: Последняя охота Крэйвена,2025-03-11,Ростов-на-Дону,Marvel,Книги,18,964.5,964.5,0.0,212.0,4.95,558.0,2.5,Восток-Запад,False,False,1,3,1,10.0,1019.0,20.0,909.0,14.0,910.0,17.0,1013.6666666666666,17.0,1007.1428571428571,992.5,115.0
Комикс Человек-паук: Последняя охота Крэйвена,2025-03-12,Екатеринбург,Marvel,Книги,10,905.0,905.0,0.0,476.0,5.0,418.0,3.0,ООО «Никонова-Зуев»,False,False,2,3,1,18.0,964.5,23.0,1057.5,16.0,800.0,12.666666666666666,962.8333333333334,16.142857142857142,1022.1428571428571,845.0,129.0
Комикс Человек-паук: Последняя охота Крэйвена,2025-03-12,Ростов-на-Дону,Marvel,Книги,9,919.0,919.0,0.0,207.0,4.7,599.0,5.0,ЗАО «Васильева-Щербакова»,False,False,2,3,1,10.0,905.0,10.0,1019.0,25.0,1190.0,12.333333333333334,929.5,13.857142857142858,983.4285714285714,1190.0,143.0
Комикс Человек-паук: Последняя охота Крэйвена,2025-03-12,Челябинск,Marvel,Книги,9,839.0,839.0,0.0,479.0,4.6,560.0,2.0,"ООО «Туров, Комиссарова и Осипова»",False,False,2,3,1,9.0,919.0,18.0,964.5,7.0,1110.0,9.333333333333334,887.6666666666666,14.142857142857142,944.7142857142857,1070.0,147.0
Комикс Человек-паук: Последняя охота Крэйвена,2025-03-13,Казань,Marvel,Книги,15,895.0,895.0,0.0,487.0,5.0,668.0,3.0,Элко Рус (Elko),False,False,3,3,1,9.0,839.0,10.0,905.0,20.0,909.0,11.0,884.3333333333334,13.428571428571429,942.7142857142857,1042.5,198.0
Комикс Человек-паук: Последняя охота Крэйвена,2025-03-13,Москва,Marvel,Книги,25,1070.0,1070.0,0.0,252.0,5.0,678.0,7.0,"АО «Горбунов, Ширяев и Тихонов»",False,False,3,3,1,15.0,895.0,9.0,919.0,23.0,1057.5,16.333333333333332,934.6666666666666,13.714285714285714,944.5,1129.0,194.0
Комикс Человек-паук: Последняя охота Крэйвена,2025-03-13,Нижний Новгород,Marvel,Книги,9,1190.0,1190.0,0.0,421.0,4.9,386.0,5.0,НПО «Маслов Голубева»,False,False,3,3,1,25.0,1070.0,9.0,839.0,10.0,1019.0,16.333333333333332,1051.6666666666667,13.571428571428571,968.9285714285714,982.5,221.0
Комикс Человек-паук: Последняя охота Крэйвена,2025-03-13,Санкт-Петербург,Marvel,Книги,38,992.5,992.5,0.0,266.5,4.95,581.0,2.5,Федотова Инк,False,False,3,3,1,9.0,1190.0,15.0,895.0,18.0,964.5,24.0,1084.1666666666667,16.428571428571427,972.9285714285714,905.0,228.0
Комикс Человек-паук: Последняя охота Крэйвена,2025-03-14,Москва,Marvel,Книги,24,845.0,845.0,0.0,260.0,4.7,706.0,2.0,ЗАО «Зыков»,False,False,4,3,1,38.0,992.5,25.0,1070.0,10.0,905.0,23.666666666666668,1009.1666666666666,18.428571428571427,964.3571428571429,860.0,218.0
Комикс Человек-паук: Последняя охота Крэйвена,2025-03-15,Екатеринбург,Marvel,Книги,23,1190.0,1190.0,0.0,219.0,4.6,456.0,3.0,"РАО «Архипова, Коновалова и Кудряшова»",True,False,5,3,1,24.0,845.0,9.0,1190.0,9.0,919.0,28.333333333333332,1009.1666666666666,20.428571428571427,1003.0714285714286,800.0,205.0
Комикс Человек-паук: Последняя охота Крэйвена,2025-03-15,Самара,Marvel,Книги,13,1070.0,1070.0,0.0,150.0,5.0,534.0,7.0,ИП «Крылов Киселева»,True,False,5,3,1,23.0,1190.0,38.0,992.5,9.0,839.0,20.0,1035.0,21.0,1036.0714285714287,569.0,215.0
Комикс Человек-паук: Последняя охота Крэйвена,2025-03-15,Санкт-Петербург,Marvel,Книги,66,1042.5,1042.5,0.0,371.0,4.95,373.5,2.5,Гала-Форм,True,False,5,3,1,13.0,1070.0,24.0,845.0,15.0,895.0,34.0,1100.8333333333333,28.285714285714285,1057.142857142857,1010.0,173.0
Комикс Человек-паук: Последняя охота Крэйвена,2025-03-16,Ростов-на-Дону,Marvel,Книги,21,1129.0,1129.0,0.0,409.0,4.6,582.0,2.0,ОАО «Куликова»,True,False,6,3,1,66.0,1042.5,23.0,1190.0,25.0,1070.0,33.333333333333336,1080.5,27.714285714285715,1065.5714285714287,550.0,181.0
Комикс Человек-паук: Последняя охота Крэйвена,2025-03-16,Санкт-Петербург,Marvel,Книги,36,982.5,982.5,0.0,207.0,4.6,653.5,2.0,РАО «Беляев Трофимова»,True,False,6,3,1,21.0,1129.0,13.0,1070.0,9.0,1190.0,41.0,1051.3333333333333,31.571428571428573,1035.9285714285713,1009.0,159.0
Комикс Человек-паук: Последняя охота Крэйвена,2025-03-16,Челябинск,Marvel,Книги,45,905.0,1023.3333333333334,11.0,365.0,4.766666666666667,406.6666666666667,5.0,Русская медная компания,True,False,6,3,1,36.0,982.5,66.0,1042.5,38.0,992.5,34.0,1005.5,32.57142857142857,1023.4285714285714,910.0,131.0
Комикс Человек-паук: Последняя охота Крэйвена,2025-03-17,Новосибирск,Marvel,Книги,14,860.0,860.0,0.0,419.0,4.7,625.0,2.0,Крюков и партнеры,False,False,0,3,1,45.0,905.0,21.0,1129.0,24.0,845.0,31.666666666666668,915.8333333333334,31.142857142857142,1025.5714285714287,990.0,142.0
Комикс Человек-паук: Последняя охота Крэйвена,2025-03-17,Ростов-на-Дону,Marvel,Книги,10,800.0,800.0,0.0,282.0,4.9,664.0,2.0,"РАО «Власова, Соколов и Гришина»",False,False,0,3,1,14.0,860.0,36.0,982.5,23.0,1190.0,23.0,855.0,29.285714285714285,969.8571428571429,1059.0,143.0
Комикс Человек-паук: Последняя охота Крэйвена,2025-03-17,Санкт-Петербург,Marvel,Книги,23,569.0,1015.0,44.0,510.0,4.9,353.0,7.0,Вертолеты России,False,False,0,3,1,10.0,800.0,45.0,905.0,13.0,1070.0,15.666666666666666,743.0,30.714285714285715,898.2857142857143,940.0,127.0
Комикс Человек-паук: Последняя охота Крэйвена,2025-03-17,Челябинск,Marvel,Книги,24,1010.0,1010.0,0.0,423.5,4.95,346.0,2.5,Панов Лтд,False,False,0,3,1,23.0,569.0,14.0,860.0,66.0,1042.5,19.0,793.0,24.714285714285715,893.6428571428571,999.0,114.0
Комикс Человек-паук: Последняя охота Крэйвена,2025-03-18,Москва,Marvel,Книги,29,550.0,875.0,37.0,315.0,4.6,513.0,2.0,ИП «Зимин-Вишняков»,False,False,1,3,1,24.0,1010.0,10.0,800.0,21.0,1129.0,25.333333333333332,709.6666666666666,25.857142857142858,810.9285714285714,730.0,147.0
Комикс Человек-паук: Последняя охота Крэйвена,2025-03-19,Екатеринбург,Marvel,Книги,14,1009.0,1009.0,0.0,474.0,4.8,695.0,5.0,ЗАО «Сысоева Носова»,False,False,2,3,1,29.0,550.0,23.0,569.0,36.0,982.5,22.333333333333332,856.3333333333334,22.714285714285715,814.7142857142857,965.0,152.0
Комикс Человек-паук: Последняя охота Крэйвена,2025-03-19,Нижний Новгород,Marvel,Книги,17,910.0,910.0,0.0,283.0,4.9,696.0,3.0,"ОАО «Кириллов, Аксенов и Кузнецов»",False,False,2,3,1,14.0,1009.0,24.0,1010.0,45.0,905.0,20.0,823.0,18.714285714285715,815.4285714285714,805.0,140.0
Комикс Человек-паук: Последняя охота Крэйвена,2025-03-19,Новосибирск,Marvel,Книги,25,990.0,1089.5,9.5,101.5,4.85,447.5,2.5,"ООО «Ершов, Шарова и Щербакова»",False,False,2,3,1,17.0,910.0,29.0,550.0,14.0,860.0,18.666666666666668,969.6666666666666,20.285714285714285,834.0,759.0,146.0
Комикс Человек-паук: Последняя охота Крэйвена,2025-03-19,Челябинск,Marvel,Книги,11,1059.0,1059.0,0.0,435.0,4.6,631.0,3.0,"РАО «Егорова, Осипова и Федосеев»",False,False,2,3,1,25.0,990.0,14.0,1009.0,10.0,800.0,17.666666666666668,986.3333333333334,20.428571428571427,871.0,1085.0,146.0
Кофемашина DeLonghi Magnifica S,2025-03-01,Екатеринбург,DeLonghi,Бытовая техника,31,40325.0,40325.0,0.0,275.0,4.6,619.0,5.0,"РАО «Кудряшова, Шарапов и Ермакова»",True,False,5,3,1,,,,,,,,,,,47190.0,166.0
Кофемашина DeLonghi Magnifica S,2025-03-01,Москва,DeLonghi,Бытовая техника,49,44430.0,44430.0,0.0,187.0,5.0,276.0,2.0,Глория Джинс,True,False,5,3,1,31.0,40325.0,,,,,,,,,48429.0,146.0
Кофемашина DeLonghi Magnifica S,2025-03-01,Ростов-на-Дону,DeLonghi,Бытовая техника,11,39375.0,39375.0,0.0,298.0,4.8,682.0,7.0,"РАО «Филатова, Федорова и Дементьев»",True,False,5,3,1,49.0,44430.0,,,,,30.333333333333332,41376.666666666664,,,40320.0,145.0
Кофемашина DeLonghi Magnifica S,2025-03-01,Санкт-Петербург,DeLonghi,Бытовая техника,19,39050.0,39050.0,0.0,106.0,4.5,484.0,1.0,ЗАО «Новикова Лапин»,True,False,5,3,1,11.0,39375.0,31.0,40325.0,,,26.333333333333332,40951.666666666664,,,39919.5,143.0
Кофемашина DeLonghi Magnifica S,2025-03-02,Москва,DeLonghi,Бытовая техника,33,51910.0,51910.0,0.0,449.0,5.0,319.0,1.0,Inventive Retail Group,True,False,6,3,1,19.0,39050.0,49.0,44430.0,,,21.0,43445.0,,,40860.0,121.0
Кофемашина DeLonghi Magnifica S,2025-03-03,Казань,DeLonghi,Бытовая техника,8,47730.0,47730.0,0.0,76.0,5.0,590.0,3.0,Некрасов Лимитед,False,False,0,3,1,33.0,51910.0,11.0,39375.0,,,20.0,46230.0,,,22537.5,148.0
Кофемашина DeLonghi Magnifica S,2025-03-03,Москва,DeLonghi,Бытовая техника,25,49180.0,49180.0,0.0,47.0,4.7,706.0,3.0,"НПО «Гришин, Савина и Орехова»",False,False,0,3,1,8.0,47730.0,19.0,39050.0,,,22.0,49606.666666666664,25.142857142857142,44571.42857142857,39539.0,130.0
Кофемашина DeLonghi Magnifica S,2025-03-03,Новосибирск,DeLonghi,Бытовая техника,21,47190.0,47190.0,0.0,404.0,4.9,585.0,7.0,Мобильные телесистемы,False,False,0,3,1,25.0,49180.0,33.0,51910.0,31.0,40325.0,18.0,48033.333333333336,23.714285714285715,45552.142857142855,45950.0,154.0
Кофемашина DeLonghi Magnifica S,2025-03-04,Москва,DeLonghi,Бытовая техника,29,48429.0,48429.0,0.0,330.0,5.0,575.0,7.0,ГК Агропромкомплектация,False,False,1,3,1,21.0,47190.0,8.0,47730.0,49.0,44430.0,25.0,48266.333333333336,20.857142857142858,46123.42857142857,42689.0,183.0
Кофемашина DeLonghi Magnifica S,2025-03-04,Нижний Новгород,DeLonghi,Бытовая техника,10,40320.0,40320.0,0.0,39.0,5.0,470.0,7.0,А.П.Р.,False,False,1,3,1,29.0,48429.0,25.0,49180.0,11.0,39375.0,20.0,45313.0,20.714285714285715,46258.42857142857,48400.0,188.0
Кофемашина DeLonghi Magnifica S,2025-03-04,Челябинск,DeLonghi,Бытовая техника,17,39919.5,39919.5,0.0,208.5,4.699999999999999,326.5,3.5,РАО «Анисимова Егоров»,False,False,1,3,1,10.0,40320.0,21.0,47190.0,19.0,39050.0,18.666666666666668,42889.5,20.428571428571427,46382.642857142855,40740.0,187.0
Кофемашина DeLonghi Magnifica S,2025-03-05,Нижний Новгород,DeLonghi,Бытовая техника,11,40860.0,40860.0,0.0,154.0,4.6,296.0,3.0,НПО «Григорьев-Богданова»,False,False,2,3,1,17.0,39919.5,29.0,48429.0,33.0,51910.0,12.666666666666666,40366.5,17.285714285714285,44804.07142857143,48069.0,187.0
Кофемашина DeLonghi Magnifica S,2025-03-05,Санкт-Петербург,DeLonghi,Бытовая техника,35,22537.5,40625.0,44.5,223.5,4.85,511.5,1.5,Ширяев Лимитед,False,False,2,3,1,11.0,40860.0,10.0,40320.0,8.0,47730.0,21.0,34439.0,21.142857142857142,41205.142857142855,40610.0,167.0
Кофемашина DeLonghi Magnifica S,2025-03-07,Ростов-на-Дону,DeLonghi,Бытовая техника,7,39539.0,39539.0,0.0,316.0,5.0,262.0,3.0,ООО «Быкова Степанова»,False,False,4,3,1,35.0,22537.5,17.0,39919.5,25.0,49180.0,17.666666666666668,34312.166666666664,18.571428571428573,39827.857142857145,42900.0,170.0
Кофемашина DeLonghi Magnifica S,2025-03-08,Нижний Новгород,DeLonghi,Бытовая техника,45,45950.0,45950.0,0.0,103.0,4.7,414.0,5.0,ООО «Дроздова Анисимова»,True,True,5,3,1,7.0,39539.0,11.0,40860.0,21.0,47190.0,29.0,36008.833333333336,22.0,39650.71428571428,38300.0,137.0
Кофемашина DeLonghi Magnifica S,2025-03-08,Санкт-Петербург,DeLonghi,Бытовая техника,58,42689.0,42689.0,0.0,194.0,4.8,677.0,1.0,Банк ФК Открытие,True,True,5,3,1,45.0,45950.0,35.0,22537.5,29.0,48429.0,36.666666666666664,42726.0,26.142857142857142,38830.71428571428,43060.0,100.0
Кофемашина DeLonghi Magnifica S,2025-03-09,Санкт-Петербург,DeLonghi,Бытовая техника,15,48400.0,48400.0,0.0,116.0,5.0,616.0,2.0,ЗАО «Блинов Тихонова»,True,False,6,3,1,58.0,42689.0,7.0,39539.0,10.0,40320.0,39.333333333333336,45679.666666666664,26.857142857142858,39985.0,39880.0,97.0
Кофемашина DeLonghi Magnifica S,2025-03-10,Казань,DeLonghi,Бытовая техника,16,40740.0,40740.0,0.0,106.0,4.6,665.0,2.0,СК Росгосстрах,False,False,0,3,1,15.0,48400.0,45.0,45950.0,17.0,39919.5,29.666666666666668,43943.0,26.714285714285715,40102.21428571428,48320.0,98.0
Кофемашина DeLonghi Magnifica S,2025-03-10,Нижний Новгород,DeLonghi,Бытовая техника,11,48069.0,48069.0,0.0,483.0,4.8,459.0,2.0,Бристоль,False,False,0,3,1,16.0,40740.0,58.0,42689.0,11.0,40860.0,14.0,45736.333333333336,26.714285714285715,41132.07142857143,30920.0,98.0
Кофемашина DeLonghi Magnifica S,2025-03-10,Новосибирск,DeLonghi,Бытовая техника,15,40610.0,40610.0,0.0,105.0,5.0,571.0,2.0,"ООО «Калинин, Попова и Белоусова»",False,False,0,3,1,11.0,48069.0,15.0,48400.0,35.0,22537.5,14.0,43139.666666666664,23.857142857142858,43713.857142857145,38770.0,100.0
Кофемашина DeLonghi Magnifica S,2025-03-10,Уфа,DeLonghi,Бытовая техника,10,42900.0,42900.0,0.0,403.0,4.6,649.0,3.0,АО «Лапин-Захарова»,False,False,0,3,1,15.0,40610.0,16.0,40740.0,7.0,39539.0,12.0,43859.666666666664,24.285714285714285,44194.0,46302.5,119.0
Кофемашина DeLonghi Magnifica S,2025-03-11,Казань,DeLonghi,Бытовая техника,12,38300.0,38300.0,0.0,290.0,4.7,592.0,2.0,Буров Инк,False,False,1,3,1,10.0,42900.0,11.0,48069.0,45.0,45950.0,12.333333333333334,40603.333333333336,19.571428571428573,43101.142857142855,41989.0,135.0
Кофемашина DeLonghi Magnifica S,2025-03-11,Москва,DeLonghi,Бытовая техника,21,43060.0,43060.0,0.0,185.0,4.7,701.0,3.0,НПО «Панов-Тетерина»,False,False,1,3,1,12.0,38300.0,15.0,40610.0,58.0,42689.0,14.333333333333334,41420.0,14.285714285714286,43154.142857142855,46775.0,121.0
Кофемашина DeLonghi Magnifica S,2025-03-11,Нижний Новгород,DeLonghi,Бытовая техника,12,39880.0,39880.0,0.0,504.0,4.8,664.0,5.0,РАО «Мартынов-Кузьмина»,False,False,1,3,1,21.0,43060.0,10.0,42900.0,15.0,48400.0,15.0,40413.333333333336,13.857142857142858,41937.0,51170.0,115.0
Кофемашина DeLonghi Magnifica S,2025-03-12,Екатеринбург,DeLonghi,Бытовая техника,17,48320.0,48320.0,0.0,291.0,4.7,704.0,5.0,"НПО «Исакова, Калинин и Шилова»",False,False,2,3,1,12.0,39880.0,12.0,38300.0,16.0,40740.0,16.666666666666668,43753.333333333336,14.0,43019.857142857145,48014.5,166.0
Кофемашина DeLonghi Magnifica S,2025-03-13,Екатеринбург,DeLonghi,Бытовая техника,11,30920.0,49080.0,37.0,275.0,4.9,375.0,3.0,ЗАО «Фомин Гущин»,False,False,3,3,1,17.0,48320.0,21.0,43060.0,11.0,48069.0,13.333333333333334,39706.666666666664,14.0,40570.0,49579.0,175.0
Кофемашина DeLonghi Magnifica S,2025-03-13,Казань,DeLonghi,Бытовая техника,17,38770.0,38770.0,0.0,349.0,5.0,494.0,2.0,ЗАО «Павлова-Осипов»,False,False,3,3,1,11.0,30920.0,12.0,39880.0,15.0,40610.0,15.0,39336.666666666664,14.285714285714286,40307.142857142855,42399.0,169.0
Кофемашина DeLonghi Magnifica S,2025-03-13,Новосибирск,DeLonghi,Бытовая техника,29,46302.5,46302.5,0.0,326.0,4.55,644.0,3.5,ФортеИнвест,False,False,3,3,1,17.0,38770.0,17.0,48320.0,10.0,42900.0,19.0,38664.166666666664,17.0,40793.21428571428,44660.0,158.0
Кофемашина DeLonghi Magnifica S,2025-03-13,Санкт-Петербург,DeLonghi,Бытовая техника,28,41989.0,47180.0,11.0,233.0,5.0,711.0,1.0,ИП «Васильев-Котов»,False,False,3,3,1,29.0,46302.5,11.0,30920.0,12.0,38300.0,24.666666666666668,42353.833333333336,19.285714285714285,41320.21428571428,41940.0,136.0
Кофемашина DeLonghi Magnifica S,2025-03-14,Самара,DeLonghi,Бытовая техника,7,46775.0,46775.0,0.0,94.0,4.9,283.0,3.0,Блохина Инк,False,False,4,3,1,28.0,41989.0,17.0,38770.0,21.0,43060.0,21.333333333333332,45022.166666666664,17.285714285714285,41850.92857142857,38109.0,143.0
Кофемашина DeLonghi Magnifica S,2025-03-14,Уфа,DeLonghi,Бытовая техника,6,51170.0,51170.0,0.0,400.0,4.8,273.0,5.0,Жданов Групп,False,False,4,3,1,7.0,46775.0,29.0,46302.5,12.0,39880.0,13.666666666666666,46644.666666666664,16.428571428571427,43463.78571428572,44880.0,148.0
Кофемашина DeLonghi Magnifica S,2025-03-15,Москва,DeLonghi,Бытовая техника,68,48014.5,48014.5,0.0,360.5,4.65,512.5,3.5,Туров Лимитед,True,False,5,3,1,6.0,51170.0,28.0,41989.0,17.0,48320.0,27.0,48653.166666666664,23.714285714285715,43420.142857142855,51399.0,93.0
Кофемашина DeLonghi Magnifica S,2025-03-16,Новосибирск,DeLonghi,Бытовая техника,20,49579.0,49579.0,0.0,367.0,5.0,719.0,3.0,"ОАО «Крюкова, Журавлева и Никонова»",True,False,6,3,1,68.0,48014.5,7.0,46775.0,11.0,30920.0,31.333333333333332,49587.833333333336,25.0,46085.71428571428,46490.0,81.0
Кофемашина DeLonghi Magnifica S,2025-03-16,Уфа,DeLonghi,Бытовая техника,11,42399.0,42399.0,0.0,214.0,4.9,643.0,2.0,ЗАО «Савина Ефимова»,True,False,6,3,1,20.0,49579.0,6.0,51170.0,17.0,38770.0,33.0,46664.166666666664,24.142857142857142,46604.142857142855,38749.0,92.0
Кофемашина DeLonghi Magnifica S,2025-03-17,Екатеринбург,DeLonghi,Бытовая техника,18,44660.0,44660.0,0.0,104.0,4.9,504.0,7.0,ОАО «Лыткина Лыткина»,False,False,0,3,1,11.0,42399.0,68.0,48014.5,29.0,46302.5,16.333333333333332,45546.0,22.571428571428573,46369.5,42909.0,82.0
Кофемашина DeLonghi Magnifica S,2025-03-18,Казань,DeLonghi,Бытовая техника,6,41940.0,41940.0,0.0,246.0,5.0,622.0,3.0,Детский мир,False,False,1,3,1,18.0,44660.0,20.0,49579.0,28.0,41989.0,11.666666666666666,42999.666666666664,19.428571428571427,46362.5,41870.0,110.0
Кофемашина DeLonghi Magnifica S,2025-03-18,Москва,DeLonghi,Бытовая техника,14,38109.0,38109.0,0.0,375.0,5.0,243.0,3.0,Муравьева Лтд,False,False,1,3,1,6.0,41940.0,11.0,42399.0,7.0,46775.0,12.666666666666666,41569.666666666664,20.428571428571427,45124.5,45535.0,117.0
Кофемашина DeLonghi Magnifica S,2025-03-19,Нижний Новгород,DeLonghi,Бытовая техника,11,44880.0,44880.0,0.0,203.0,4.6,707.0,3.0,Центр финансовых технологий,False,False,2,3,1,14.0,38109.0,18.0,44660.0,6.0,51170.0,10.333333333333334,41643.0,21.142857142857142,44225.92857142857,48280.0,116.0
Кофемашина DeLonghi Magnifica S,2025-03-19,Ростов-на-Дону,DeLonghi,Бытовая техника,13,51399.0,51399.0,0.0,222.0,4.6,341.0,2.0,ЗАО «Большакова Белоусов»,False,False,2,3,1,11.0,44880.0,6.0,41940.0,68.0,48014.5,12.666666666666666,44796.0,13.285714285714286,44709.42857142857,49649.0,121.0
Кофемашина Philips Series 5400,2025-03-01,Казань,Philips,Бытовая техника,9,45575.0,53629.0,15.0,308.0,4.6,246.0,2.0,ОАО «Рыбакова»,True,False,5,3,1,,,,,,,,,,,54075.0,148.0
Кофемашина Philips Series 5400,2025-03-01,Самара,Philips,Бытовая техника,13,58820.0,58820.0,0.0,313.0,4.9,482.0,5.0,"ООО «Журавлева, Кулагина и Пестов»",True,False,5,3,1,9.0,45575.0,,,,,,,,,49814.5,149.0
Кофемашина Philips Series 5400,2025-03-02,Санкт-Петербург,Philips,Бытовая техника,39,36790.0,54925.0,33.0,448.0,4.4,461.0,5.0,ИП «Андреева»,True,False,6,3,1,13.0,58820.0,,,,,20.333333333333332,47061.666666666664,,,61870.0,123.0
Кофемашина Philips Series 5400,2025-03-03,Санкт-Петербург,Philips,Бытовая техника,36,57882.5,57882.5,0.0,367.5,4.699999999999999,463.0,3.0,АО «Носков-Галкин»,False,False,0,3,1,39.0,36790.0,9.0,45575.0,,,29.333333333333332,51164.166666666664,,,48475.0,114.0
Кофемашина Philips Series 5400,2025-03-03,Уфа,Philips,Бытовая техника,12,54350.0,54350.0,0.0,483.0,4.6,558.0,1.0,ООО «Поляков»,False,False,0,3,1,36.0,57882.5,13.0,58820.0,,,29.0,49674.166666666664,,,32319.0,113.0
Кофемашина Philips Series 5400,2025-03-03,Челябинск,Philips,Бытовая техника,9,55815.0,55815.0,0.0,275.0,4.9,612.0,5.0,НПО «Дьячкова Якушева»,False,False,0,3,1,12.0,54350.0,39.0,36790.0,,,19.0,56015.833333333336,,,50165.0,153.0
Кофемашина Philips Series 5400,2025-03-05,Казань,Philips,Бытовая техника,15,49010.0,49010.0,0.0,193.0,4.7,468.0,7.0,ЗАО «Никитин-Яковлев»,False,False,2,3,1,9.0,55815.0,36.0,57882.5,,,12.0,53058.333333333336,19.0,51177.5,43660.0,171.0
Кофемашина Philips Series 5400,2025-03-05,Москва,Philips,Бытовая техника,24,54075.0,54075.0,0.0,83.0,4.6,485.0,3.0,РАО «Шарапова Горбачева»,False,False,2,3,1,15.0,49010.0,12.0,54350.0,9.0,45575.0,16.0,52966.666666666664,21.142857142857142,52391.78571428572,44510.0,192.0
Кофемашина Philips Series 5400,2025-03-05,Нижний Новгород,Philips,Бытовая техника,14,49814.5,53697.5,7.0,292.0,4.75,584.0,3.0,ИП «Муравьева Большаков»,False,False,2,3,1,24.0,54075.0,9.0,55815.0,13.0,58820.0,17.666666666666668,50966.5,21.285714285714285,51105.28571428572,58115.0,204.0
Кофемашина Philips Series 5400,2025-03-05,Новосибирск,Philips,Бытовая техника,13,61870.0,61870.0,0.0,365.0,4.8,558.0,2.0,САФМАР,False,False,2,3,1,14.0,49814.5,15.0,49010.0,39.0,36790.0,17.0,55253.166666666664,17.571428571428573,54688.142857142855,60915.0,213.0
Кофемашина Philips Series 5400,2025-03-05,Санкт-Петербург,Philips,Бытовая техника,27,48475.0,48475.0,0.0,187.0,4.7,569.0,7.0,Московский метрополитен,False,False,2,3,1,13.0,61870.0,24.0,54075.0,36.0,57882.5,18.0,53386.5,16.285714285714285,53344.21428571428,49447.5,211.0
Кофемашина Philips Series 5400,2025-03-06,Уфа,Philips,Бытовая техника,11,32319.0,56699.0,43.0,276.0,4.6,360.0,3.0,НПО «Фокина-Ершов»,False,False,3,3,1,27.0,48475.0,14.0,49814.5,12.0,54350.0,17.0,47554.666666666664,16.142857142857142,50196.92857142857,60740.0,224.0
Кофемашина Philips Series 5400,2025-03-08,Казань,Philips,Бытовая техника,49,50165.0,50165.0,0.0,253.0,4.5,330.0,5.0,РАО «Константинов»,True,True,5,3,1,11.0,32319.0,13.0,61870.0,9.0,55815.0,29.0,43653.0,21.857142857142858,49389.78571428572,52069.0,184.0
Кофемашина Philips Series 5400,2025-03-08,Ростов-на-Дону,Philips,Бытовая техника,33,43660.0,47470.0,8.0,340.0,4.6,433.0,2.0,"ИП «Петухов, Волков и Фомина»",True,True,5,3,1,49.0,50165.0,27.0,48475.0,15.0,49010.0,31.0,42048.0,24.428571428571427,48625.5,53276.0,213.0
Кофемашина Philips Series 5400,2025-03-09,Москва,Philips,Бытовая техника,45,44510.0,47350.0,6.0,544.0,4.6,239.0,2.0,QIWI,True,False,6,3,1,33.0,43660.0,11.0,32319.0,24.0,54075.0,42.333333333333336,46111.666666666664,27.428571428571427,47259.07142857143,50365.0,210.0
Кофемашина Philips Series 5400,2025-03-10,Москва,Philips,Бытовая техника,26,58115.0,58115.0,0.0,270.0,4.7,462.0,1.0,ЗАО «Горшков»,False,False,0,3,1,45.0,44510.0,49.0,50165.0,14.0,49814.5,34.666666666666664,48761.666666666664,29.142857142857142,48444.857142857145,62759.0,192.0
Кофемашина Philips Series 5400,2025-03-11,Москва,Philips,Бытовая техника,22,60915.0,60915.0,0.0,31.0,4.6,412.0,3.0,ЛГ Электроникс Рус (LG),False,False,1,3,1,26.0,58115.0,33.0,43660.0,13.0,61870.0,31.0,54513.333333333336,30.428571428571427,48308.42857142857,59169.0,178.0
Кофемашина Philips Series 5400,2025-03-11,Самара,Philips,Бытовая техника,25,49447.5,49447.5,0.0,500.0,4.45,466.5,4.0,ЗАО «Громов Савельева»,False,False,1,3,1,22.0,60915.0,45.0,44510.0,27.0,48475.0,24.333333333333332,56159.166666666664,30.142857142857142,48447.357142857145,40950.0,185.0
Кофемашина Philips Series 5400,2025-03-11,Санкт-Петербург,Philips,Бытовая техника,24,60740.0,60740.0,0.0,490.0,4.5,279.0,2.0,ОАО «Кабанов»,False,False,1,3,1,25.0,49447.5,26.0,58115.0,11.0,32319.0,23.666666666666668,57034.166666666664,32.0,52507.5,53935.0,173.0
Кофемашина Philips Series 5400,2025-03-12,Новосибирск,Philips,Бытовая техника,9,52069.0,52069.0,0.0,281.0,4.5,336.0,5.0,ЗАО «Нестеров Шубин»,False,False,2,3,1,24.0,60740.0,22.0,60915.0,49.0,50165.0,19.333333333333332,54085.5,26.285714285714285,52779.5,58465.0,173.0
Кофемашина Philips Series 5400,2025-03-12,Санкт-Петербург,Philips,Бытовая техника,62,53276.0,53276.0,0.0,420.0,4.766666666666667,521.3333333333334,3.6666666666666665,АО «Дмитриев»,False,False,2,3,1,9.0,52069.0,25.0,49447.5,33.0,43660.0,31.666666666666668,55361.666666666664,30.428571428571427,54153.21428571428,56075.0,132.0
Кофемашина Philips Series 5400,2025-03-13,Москва,Philips,Бытовая техника,42,50365.0,50365.0,0.0,420.5,4.7,518.0,7.0,Петров Лтд,False,False,3,3,1,62.0,53276.0,24.0,60740.0,45.0,44510.0,37.666666666666664,51903.333333333336,30.0,54989.642857142855,51709.0,112.0
Кофемашина Philips Series 5400,2025-03-13,Челябинск,Philips,Бытовая техника,8,62759.0,62759.0,0.0,388.0,4.8,535.0,2.0,НПО «Зыкова»,False,False,3,3,1,42.0,50365.0,9.0,52069.0,26.0,58115.0,37.333333333333336,55466.666666666664,27.428571428571427,55653.07142857143,49050.0,151.0
Кофемашина Philips Series 5400,2025-03-14,Казань,Philips,Бытовая техника,8,59169.0,59169.0,0.0,422.0,4.7,555.0,5.0,СТД Петрович,False,False,4,3,1,8.0,62759.0,62.0,53276.0,22.0,60915.0,19.333333333333332,57431.0,25.428571428571427,55403.642857142855,57500.0,166.0
Кофемашина Philips Series 5400,2025-03-14,Москва,Philips,Бытовая техника,32,40950.0,48180.0,15.0,394.0,4.6,357.0,2.0,Андреев и партнеры,False,False,4,3,1,8.0,59169.0,42.0,50365.0,25.0,49447.5,16.0,54292.666666666664,26.428571428571427,54189.71428571428,61540.0,154.0
Кофемашина Philips Series 5400,2025-03-14,Челябинск,Philips,Бытовая техника,12,53935.0,53935.0,0.0,458.0,4.8,489.0,5.0,НПО «Захарова Блинова»,False,False,4,3,1,32.0,40950.0,8.0,62759.0,24.0,60740.0,17.333333333333332,51351.333333333336,24.714285714285715,53217.57142857143,48630.0,154.0
Кофемашина Philips Series 5400,2025-03-15,Нижний Новгород,Philips,Бытовая техника,9,58465.0,58465.0,0.0,44.0,4.4,635.0,5.0,РАО «Богданова»,True,False,5,3,1,12.0,53935.0,8.0,59169.0,9.0,52069.0,17.666666666666668,51116.666666666664,24.714285714285715,54131.28571428572,49760.0,154.0
Кофемашина Philips Series 5400,2025-03-15,Новосибирск,Philips,Бытовая техника,21,56075.0,56075.0,0.0,118.0,4.6,274.0,3.0,ОАО «Белов»,True,False,5,3,1,9.0,58465.0,32.0,40950.0,62.0,53276.0,14.0,56158.333333333336,18.857142857142858,54531.142857142855,44870.0,149.0
Кофемашина Philips Series 5400,2025-03-15,Челябинск,Philips,Бытовая техника,22,51709.0,51709.0,0.0,136.0,4.8,525.0,3.0,Абрамова Лимитед,True,False,5,3,1,21.0,56075.0,12.0,53935.0,42.0,50365.0,17.333333333333332,55416.333333333336,16.0,54723.142857142855,57855.0,135.0
Кофемашина Philips Series 5400,2025-03-16,Москва,Philips,Бытовая техника,47,49050.0,49050.0,0.0,311.0,4.5,698.0,2.0,ЗАО «Лихачева»,True,False,6,3,1,22.0,51709.0,9.0,58465.0,8.0,62759.0,30.0,52278.0,21.571428571428573,52764.71428571428,58150.0,94.0
Кофемашина Philips Series 5400,2025-03-16,Санкт-Петербург,Philips,Бытовая техника,23,57500.0,57500.0,0.0,403.0,4.6,265.0,2.0,ИП «Агафонов Веселов»,True,False,6,3,1,47.0,49050.0,21.0,56075.0,8.0,59169.0,30.666666666666668,52753.0,23.714285714285715,52526.28571428572,35360.0,88.0
Кофемашина Philips Series 5400,2025-03-16,Уфа,Philips,Бытовая техника,20,61540.0,61540.0,0.0,61.0,4.9,614.0,2.0,ИП «Носова-Николаева»,True,False,6,3,1,23.0,57500.0,22.0,51709.0,32.0,40950.0,30.0,56030.0,22.0,55467.71428571428,36045.0,76.0
Кофемашина Philips Series 5400,2025-03-17,Новосибирск,Philips,Бытовая техника,12,48630.0,48630.0,0.0,341.0,4.9,236.0,1.0,Суворов Групп,False,False,0,3,1,20.0,61540.0,47.0,49050.0,12.0,53935.0,18.333333333333332,55890.0,22.0,54709.857142857145,50635.0,102.0
Кофемашина Philips Series 5400,2025-03-18,Казань,Philips,Бытовая техника,9,49760.0,49760.0,0.0,315.0,4.4,391.0,2.0,ЗАО «Кудряшов-Ширяева»,False,False,1,3,1,12.0,48630.0,23.0,57500.0,9.0,58465.0,13.666666666666666,53310.0,22.0,53466.28571428572,61525.0,97.0
Кофемашина Philips Series 5400,2025-03-18,Нижний Новгород,Philips,Бытовая техника,16,44870.0,54730.0,18.0,280.0,4.5,238.0,3.0,ФГ Будущее,False,False,1,3,1,9.0,49760.0,20.0,61540.0,21.0,56075.0,12.333333333333334,47753.333333333336,21.285714285714285,51865.57142857143,55190.0,90.0
Кофемашина Philips Series 5400,2025-03-18,Уфа,Philips,Бытовая техника,8,57855.0,57855.0,0.0,507.0,4.9,530.0,1.0,ОАО «Горшкова Мартынов»,False,False,1,3,1,16.0,44870.0,12.0,48630.0,22.0,51709.0,11.0,50828.333333333336,19.285714285714285,52743.57142857143,52140.0,93.0
Кофемашина Philips Series 5400,2025-03-18,Челябинск,Philips,Бытовая техника,6,58150.0,58150.0,0.0,109.0,4.7,508.0,3.0,ЗАО «Попова Исаев»,False,False,1,3,1,8.0,57855.0,9.0,49760.0,47.0,49050.0,10.0,53625.0,13.428571428571429,54043.57142857143,52919.0,94.0
Кофемашина Philips Series 5400,2025-03-19,Москва,Philips,Бытовая техника,17,35360.0,60980.0,42.0,20.0,4.8,477.0,2.0,РАО «Блинов Яковлев»,False,False,2,3,1,6.0,58150.0,16.0,44870.0,23.0,57500.0,10.333333333333334,50455.0,12.571428571428571,50880.71428571428,62225.0,84.0
Кофемашина Philips Series 5400,2025-03-19,Нижний Новгород,Philips,Бытовая техника,8,36045.0,47439.0,24.0,143.0,4.8,327.0,2.0,ОАО «Артемьева»,False,False,2,3,1,17.0,35360.0,8.0,57855.0,20.0,61540.0,10.333333333333334,43185.0,10.857142857142858,47238.57142857143,38760.0,105.0
Кофемашина Philips Series 5400,2025-03-19,Санкт-Петербург,Philips,Бытовая техника,38,50635.0,50635.0,0.0,443.5,4.8,481.0,2.5,Ситникова Инкорпорэйтед,False,False,2,3,1,8.0,36045.0,6.0,58150.0,12.0,48630.0,21.0,40680.0,14.571428571428571,47525.0,52565.0,89.0
Кофемашина Philips Series 5400,2025-03-19,Уфа,Philips,Бытовая техника,4,61525.0,61525.0,0.0,425.0,4.7,453.0,2.0,"РАО «Максимов, Лебедева и Романов»",False,False,2,3,1,38.0,50635.0,17.0,35360.0,9.0,49760.0,16.666666666666668,49401.666666666664,13.857142857142858,49205.71428571428,43180.0,115.0
Кофемашина Philips Series 5400,2025-03-19,Челябинск,Philips,Бытовая техника,9,55190.0,55190.0,0.0,174.0,4.5,281.0,2.0,ОАО «Жданова»,False,False,2,3,1,4.0,61525.0,8.0,36045.0,16.0,44870.0,17.0,55783.333333333336,12.857142857142858,50680.0,42760.0,134.0
Кофемашина Siemens EQ.6 plus,2025-03-02,Екатеринбург,Siemens,Бытовая техника,21,60839.0,60839.0,0.0,311.0,5.0,475.0,3.0,ООО «Ермакова Веселова»,True,False,6,3,1,,,,,,,,,,,74505.0,161.0
Кофемашина Siemens EQ.6 plus,2025-03-02,Москва,Siemens,Бытовая техника,36,61840.0,61840.0,0.0,367.0,4.6,289.0,2.0,"ООО «Журавлев, Воробьева и Калинин»",True,False,6,3,1,21.0,60839.0,,,,,,,,,60440.0,140.0
Кофемашина Siemens EQ.6 plus,2025-03-02,Новосибирск,Siemens,Бытовая техника,29,64109.0,64109.0,0.0,292.0,5.0,253.0,5.0,Санофи Россия (Sanofi),True,False,6,3,1,36.0,61840.0,,,,,28.666666666666668,62262.666666666664,,,63669.0,121.0
Кофемашина Siemens EQ.6 plus,2025-03-02,Ростов-на-Дону,Siemens,Бытовая техника,16,73459.0,73459.0,0.0,288.0,4.9,564.0,5.0,Эссити (Essity),True,False,6,3,1,29.0,64109.0,21.0,60839.0,,,27.0,66469.33333333333,,,48979.0,122.0
Кофемашина Siemens EQ.6 plus,2025-03-03,Екатеринбург,Siemens,Бытовая техника,16,61910.0,61910.0,0.0,231.0,5.0,400.0,2.0,Российские железные дороги,False,False,0,3,1,16.0,73459.0,36.0,61840.0,,,20.333333333333332,66492.66666666667,,,76410.0,132.0
Кофемашина Siemens EQ.6 plus,2025-03-03,Москва,Siemens,Бытовая техника,30,71570.0,71570.0,0.0,472.0,4.85,516.5,2.0,"НПО «Степанов, Баранов и Романова»",False,False,0,3,1,16.0,61910.0,29.0,64109.0,,,20.666666666666668,68979.66666666667,,,63480.0,114.0
Кофемашина Siemens EQ.6 plus,2025-03-03,Новосибирск,Siemens,Бытовая техника,19,61079.0,61079.0,0.0,212.0,4.7,499.0,2.0,ВАД,False,False,0,3,1,30.0,71570.0,16.0,73459.0,,,21.666666666666668,64853.0,23.857142857142858,64972.28571428572,63190.0,109.0
Кофемашина Siemens EQ.6 plus,2025-03-03,Самара,Siemens,Бытовая техника,15,74505.0,74505.0,0.0,430.0,4.7,528.0,3.0,Райффайзенбанк (Raiffeisen),False,False,0,3,1,19.0,61079.0,16.0,61910.0,21.0,60839.0,21.333333333333332,69051.33333333333,23.0,66924.57142857143,69390.0,99.0
Кофемашина Siemens EQ.6 plus,2025-03-03,Санкт-Петербург,Siemens,Бытовая техника,15,60440.0,60440.0,0.0,28.0,5.0,309.0,5.0,"ООО «Ершова, Афанасьева и Гуляев»",False,False,0,3,1,15.0,74505.0,30.0,71570.0,36.0,61840.0,16.333333333333332,65341.333333333336,20.0,66724.57142857143,73344.0,103.0
Кофемашина Siemens EQ.6 plus,2025-03-05,Екатеринбург,Siemens,Бытовая техника,10,63669.0,63669.0,0.0,405.0,5.0,471.0,5.0,"ЗАО «Данилова, Рогова и Тарасова»",False,False,2,3,1,15.0,60440.0,19.0,61079.0,29.0,64109.0,13.333333333333334,66204.66666666667,17.285714285714285,66661.71428571429,74285.0,117.0
Кофемашина Siemens EQ.6 plus,2025-03-05,Казань,Siemens,Бытовая техника,17,48979.0,60470.0,19.0,100.0,5.0,301.0,3.0,"РАО «Кудрявцев, Копылова и Кошелева»",False,False,2,3,1,10.0,63669.0,15.0,74505.0,16.0,73459.0,14.0,57696.0,17.428571428571427,63164.57142857143,69360.0,115.0
Кофемашина Siemens EQ.6 plus,2025-03-05,Санкт-Петербург,Siemens,Бытовая техника,26,76410.0,76410.0,0.0,240.0,5.0,365.0,3.0,Нефтиса,False,False,2,3,1,17.0,48979.0,15.0,60440.0,16.0,61910.0,17.666666666666668,63019.333333333336,18.857142857142858,65236.0,68880.0,135.0
Кофемашина Siemens EQ.6 plus,2025-03-05,Челябинск,Siemens,Бытовая техника,12,63480.0,63480.0,0.0,454.0,4.7,567.0,2.0,Силовые машины,False,False,2,3,1,26.0,76410.0,10.0,63669.0,30.0,71570.0,18.333333333333332,62956.333333333336,16.285714285714285,64080.28571428572,64420.0,171.0
Кофемашина Siemens EQ.6 plus,2025-03-06,Нижний Новгород,Siemens,Бытовая техника,14,63190.0,63190.0,0.0,389.0,5.0,569.0,2.0,НПО «Давыдова»,False,False,3,3,1,12.0,63480.0,17.0,48979.0,19.0,61079.0,17.333333333333332,67693.33333333333,15.571428571428571,64381.857142857145,70592.5,205.0
Кофемашина Siemens EQ.6 plus,2025-03-06,Уфа,Siemens,Бытовая техника,5,69390.0,69390.0,0.0,240.0,4.6,521.0,3.0,РАО «Артемьева»,False,False,3,3,1,14.0,63190.0,26.0,76410.0,15.0,74505.0,10.333333333333334,65353.333333333336,14.142857142857142,63651.142857142855,77690.0,228.0
Кофемашина Siemens EQ.6 plus,2025-03-07,Екатеринбург,Siemens,Бытовая техника,19,73344.0,73344.0,0.0,104.0,4.699999999999999,292.0,1.5,Нова,False,False,4,3,1,5.0,69390.0,12.0,63480.0,15.0,60440.0,12.666666666666666,68641.33333333333,14.714285714285714,65494.57142857143,68919.0,221.0
Кофемашина Siemens EQ.6 plus,2025-03-07,Москва,Siemens,Бытовая техника,24,74285.0,74285.0,0.0,107.0,5.0,421.0,2.0,"ЗАО «Соболева, Устинов и Блохин»",False,False,4,3,1,19.0,73344.0,14.0,63190.0,10.0,63669.0,16.0,72339.66666666667,16.714285714285715,67011.14285714286,64060.0,218.0
Кофемашина Siemens EQ.6 plus,2025-03-07,Нижний Новгород,Siemens,Бытовая техника,15,69360.0,69360.0,0.0,285.0,4.6,686.0,3.0,Промышленно-металлургический холдинг,False,False,4,3,1,24.0,74285.0,5.0,69390.0,17.0,48979.0,19.333333333333332,72329.66666666667,16.428571428571427,69922.71428571429,59930.0,216.0
Кофемашина Siemens EQ.6 plus,2025-03-08,Новосибирск,Siemens,Бытовая техника,46,68880.0,74070.0,7.0,544.0,5.0,298.0,2.0,ЗАО «Гаврилов Блохин»,True,True,5,3,1,15.0,69360.0,19.0,73344.0,26.0,76410.0,28.333333333333332,70841.66666666667,19.285714285714285,68847.0,42800.0,181.0
Кофемашина Siemens EQ.6 plus,2025-03-08,Самара,Siemens,Бытовая техника,48,64420.0,64420.0,0.0,508.0,4.7,490.0,2.0,НПО «Ковалев»,True,True,5,3,1,46.0,68880.0,24.0,74285.0,12.0,63480.0,36.333333333333336,67553.33333333333,24.428571428571427,68981.28571428571,63235.0,168.0
Кофемашина Siemens EQ.6 plus,2025-03-09,Москва,Siemens,Бытовая техника,48,70592.5,70592.5,0.0,242.0,4.85,567.0,6.0,ООО «Козлов-Никифоров»,True,False,6,3,1,48.0,64420.0,15.0,69360.0,14.0,63190.0,47.333333333333336,67964.16666666667,29.285714285714285,70038.78571428571,78880.0,145.0
Кофемашина Siemens EQ.6 plus,2025-03-10,Москва,Siemens,Бытовая техника,28,77690.0,77690.0,0.0,186.0,4.8,612.0,5.0,"ЗАО «Евдокимова, Афанасьев и Овчинникова»",False,False,0,3,1,48.0,70592.5,46.0,68880.0,5.0,69390.0,41.333333333333336,70900.83333333333,32.57142857142857,71224.5,52315.0,129.0
Кофемашина Siemens EQ.6 plus,2025-03-10,Ростов-на-Дону,Siemens,Бытовая техника,12,68919.0,68919.0,0.0,292.0,4.9,339.0,3.0,Ершова Инк,False,False,0,3,1,28.0,77690.0,48.0,64420.0,19.0,73344.0,29.333333333333332,72400.5,31.571428571428573,70592.35714285714,62680.0,159.0
Кофемашина Siemens EQ.6 plus,2025-03-11,Москва,Siemens,Бытовая техника,21,64060.0,64060.0,0.0,472.0,4.8,719.0,3.0,ТД БелАЗ,False,False,1,3,1,12.0,68919.0,48.0,70592.5,24.0,74285.0,20.333333333333332,70223.0,31.142857142857142,69131.64285714286,62420.0,159.0
Кофемашина Siemens EQ.6 plus,2025-03-12,Ростов-на-Дону,Siemens,Бытовая техника,13,59930.0,68100.0,12.0,240.0,4.9,587.0,1.0,ЗАО «Герасимова Волков»,False,False,2,3,1,21.0,64060.0,28.0,77690.0,15.0,69360.0,15.333333333333334,64303.0,30.857142857142858,67784.5,66460.0,170.0
Кофемашина Siemens EQ.6 plus,2025-03-13,Нижний Новгород,Siemens,Бытовая техника,11,42800.0,75090.0,43.0,264.0,4.8,348.0,3.0,ИП «Полякова Фомин»,False,False,3,3,1,13.0,59930.0,12.0,68919.0,46.0,68880.0,15.0,55596.666666666664,25.857142857142858,64058.78571428572,67460.0,178.0
Кофемашина Siemens EQ.6 plus,2025-03-13,Санкт-Петербург,Siemens,Бытовая техника,35,63235.0,63235.0,0.0,148.5,4.8,424.5,5.0,ЗАО «Никитин»,False,False,3,3,1,11.0,42800.0,21.0,64060.0,48.0,64420.0,19.666666666666668,55321.666666666664,24.0,63889.5,64435.0,185.0
Кофемашина Siemens EQ.6 plus,2025-03-14,Москва,Siemens,Бытовая техника,25,78880.0,78880.0,0.0,189.0,5.0,511.0,5.0,ИП «Рогова»,False,False,4,3,1,35.0,63235.0,13.0,59930.0,48.0,70592.5,23.666666666666668,61638.333333333336,20.714285714285715,65073.42857142857,76470.0,167.0
Кофемашина Siemens EQ.6 plus,2025-03-14,Нижний Новгород,Siemens,Бытовая техника,12,52315.0,69765.0,25.0,216.0,5.0,689.0,3.0,"ЗАО «Богданова, Чернова и Киселев»",False,False,4,3,1,25.0,78880.0,11.0,42800.0,28.0,77690.0,24.0,64810.0,18.428571428571427,61448.42857142857,70450.0,161.0
Кофемашина Siemens EQ.6 plus,2025-03-15,Москва,Siemens,Бытовая техника,42,62680.0,62680.0,0.0,244.0,5.0,647.0,7.0,ОАО «Уварова Анисимов»,True,False,5,3,1,12.0,52315.0,35.0,63235.0,12.0,68919.0,26.333333333333332,64625.0,22.714285714285715,60557.142857142855,69430.0,136.0
Кофемашина Siemens EQ.6 plus,2025-03-15,Самара,Siemens,Бытовая техника,21,62420.0,62420.0,0.0,45.0,4.9,315.0,2.0,НПО «Маслов Дмитриев»,True,False,5,3,1,42.0,62680.0,25.0,78880.0,21.0,64060.0,25.0,59138.333333333336,22.714285714285715,60322.857142857145,66525.0,132.0
Кофемашина Siemens EQ.6 plus,2025-03-15,Санкт-Петербург,Siemens,Бытовая техника,24,66460.0,66460.0,0.0,69.0,4.9,322.0,3.0,РАО «Егорова-Суханова»,True,False,5,3,1,21.0,62420.0,12.0,52315.0,13.0,59930.0,29.0,63853.333333333336,24.285714285714285,61255.71428571428,70889.0,118.0
Кофемашина Siemens EQ.6 plus,2025-03-15,Челябинск,Siemens,Бытовая техника,19,67460.0,67460.0,0.0,368.0,4.7,466.0,3.0,Белуга Групп,True,False,5,3,1,24.0,66460.0,42.0,62680.0,11.0,42800.0,21.333333333333332,65446.666666666664,25.428571428571427,64778.57142857143,61200.0,117.0
Кофемашина Siemens EQ.6 plus,2025-03-16,Санкт-Петербург,Siemens,Бытовая техника,42,64435.0,64435.0,0.0,156.0,4.6,476.0,7.0,Калинина Лимитед,True,False,6,3,1,19.0,67460.0,21.0,62420.0,35.0,63235.0,28.333333333333332,66118.33333333333,26.428571428571427,64950.0,71210.0,90.0
Кофемашина Siemens EQ.6 plus,2025-03-17,Екатеринбург,Siemens,Бытовая техника,7,76470.0,76470.0,0.0,490.0,5.0,414.0,2.0,Архангельский ЦБК,False,False,0,3,1,42.0,64435.0,24.0,66460.0,25.0,78880.0,22.666666666666668,69455.0,23.857142857142858,64605.71428571428,61545.0,90.0
Кофемашина Siemens EQ.6 plus,2025-03-17,Нижний Новгород,Siemens,Бытовая техника,6,70450.0,70450.0,0.0,195.0,5.0,323.0,1.0,АО «Русаков Елисеев»,False,False,0,3,1,7.0,76470.0,19.0,67460.0,12.0,52315.0,18.333333333333332,70451.66666666667,23.0,67196.42857142857,70797.5,100.0
Кофемашина Siemens EQ.6 plus,2025-03-17,Санкт-Петербург,Siemens,Бытовая техника,17,69430.0,69430.0,0.0,307.0,4.8,711.0,3.0,Быкова Лимитед,False,False,0,3,1,6.0,70450.0,42.0,64435.0,42.0,62680.0,10.0,72116.66666666667,19.428571428571427,68160.71428571429,66109.5,116.0
Кофемашина Siemens EQ.6 plus,2025-03-17,Уфа,Siemens,Бытовая техника,17,66525.0,66525.0,0.0,53.5,4.75,548.5,5.0,Федосеев Инкорпорэйтед,False,False,0,3,1,17.0,69430.0,7.0,76470.0,21.0,62420.0,13.333333333333334,68801.66666666667,18.857142857142858,68747.14285714286,50369.0,115.0
Кофемашина Siemens EQ.6 plus,2025-03-17,Челябинск,Siemens,Бытовая техника,10,70889.0,70889.0,0.0,436.0,4.8,588.0,2.0,ЗАО «Якушев»,False,False,0,3,1,17.0,66525.0,6.0,70450.0,24.0,66460.0,14.666666666666666,68948.0,16.857142857142858,69379.85714285714,68689.0,120.0
Кофемашина Siemens EQ.6 plus,2025-03-18,Екатеринбург,Siemens,Бытовая техника,18,61200.0,61200.0,0.0,373.0,4.8,548.0,3.0,ИП «Герасимов Ефимова»,False,False,1,3,1,10.0,70889.0,17.0,69430.0,19.0,67460.0,15.0,66204.66666666667,16.714285714285715,68485.57142857143,72959.0,133.0
Кофемашина Siemens EQ.6 plus,2025-03-19,Москва,Siemens,Бытовая техника,15,71210.0,71210.0,0.0,186.0,4.6,317.0,3.0,Никонова Инк,False,False,2,3,1,18.0,61200.0,17.0,66525.0,42.0,64435.0,14.333333333333334,67766.33333333333,12.857142857142858,69453.42857142857,67759.0,135.0
Кофемашина Siemens EQ.6 plus,2025-03-19,Уфа,Siemens,Бытовая техника,7,61545.0,61545.0,0.0,466.0,4.7,316.0,5.0,РАО «Лыткин-Колобова»,False,False,2,3,1,15.0,71210.0,10.0,70889.0,7.0,76470.0,13.333333333333334,64651.666666666664,12.857142857142858,67321.28571428571,73890.0,164.0
Кофемашина Siemens EQ.6 plus,2025-03-19,Челябинск,Siemens,Бытовая техника,16,70797.5,70797.5,0.0,208.5,4.8,545.5,2.5,ЗАО «Моисеева Горбунов»,False,False,2,3,1,7.0,61545.0,18.0,61200.0,6.0,70450.0,12.666666666666666,67850.83333333333,14.285714285714286,67370.92857142857,68399.0,168.0
Кроссовки Adidas Ultraboost,2025-03-01,Новосибирск,Adidas,Одежда,17,13590.0,13590.0,0.0,119.0,4.9,438.0,2.0,Назаров Лтд,True,False,5,3,1,,,,,,,,,,,15010.0,113.0
Кроссовки Adidas Ultraboost,2025-03-03,Екатеринбург,Adidas,Одежда,12,16815.0,16815.0,0.0,450.0,4.8,546.0,3.0,ООО «Осипова-Самойлова»,False,False,0,3,1,17.0,13590.0,,,,,,,,,12970.0,109.0
Кроссовки Adidas Ultraboost,2025-03-03,Москва,Adidas,Одежда,22,8479.0,13050.0,35.0,515.0,5.0,374.0,3.0,НПО «Филатов Веселова»,False,False,0,3,1,12.0,16815.0,,,,,17.0,12961.333333333334,,,15251.666666666666,136.0
Кроссовки Adidas Ultraboost,2025-03-04,Екатеринбург,Adidas,Одежда,14,13370.0,13370.0,0.0,63.0,4.6,638.0,3.0,"РАО «Соколова, Харитонов и Артемьев»",False,False,1,3,1,22.0,8479.0,17.0,13590.0,,,16.0,12888.0,,,14415.0,130.0
Кроссовки Adidas Ultraboost,2025-03-04,Москва,Adidas,Одежда,34,14950.0,14950.0,0.0,491.0,4.8,619.0,2.0,РАО «Абрамова»,False,False,1,3,1,14.0,13370.0,12.0,16815.0,,,23.333333333333332,12266.333333333334,,,15950.0,115.0
Кроссовки Adidas Ultraboost,2025-03-04,Уфа,Adidas,Одежда,5,14935.0,14935.0,0.0,80.0,4.5,299.0,2.0,"ИП «Молчанова, Третьяков и Герасимов»",False,False,1,3,1,34.0,14950.0,22.0,8479.0,,,17.666666666666668,14418.333333333334,,,10385.0,117.0
Кроссовки Adidas Ultraboost,2025-03-04,Челябинск,Adidas,Одежда,6,13300.0,13300.0,0.0,35.0,5.0,422.0,1.0,НПО «Гришин Дьячков»,False,False,1,3,1,5.0,14935.0,14.0,13370.0,,,15.0,14395.0,15.714285714285714,13634.142857142857,14270.0,120.0
Кроссовки Adidas Ultraboost,2025-03-05,Москва,Adidas,Одежда,20,15010.0,16689.0,10.0,94.0,4.6,271.0,5.0,Бирюкова Инк,False,False,2,3,1,6.0,13300.0,34.0,14950.0,17.0,13590.0,10.333333333333334,14415.0,16.142857142857142,13837.0,16319.0,128.0
Кроссовки Adidas Ultraboost,2025-03-05,Самара,Adidas,Одежда,8,12970.0,12970.0,0.0,32.0,4.7,440.0,2.0,"ЗАО «Устинов, Устинова и Рожков»",False,False,2,3,1,20.0,15010.0,5.0,14935.0,12.0,16815.0,11.333333333333334,13760.0,15.571428571428571,13287.714285714286,16410.0,131.0
Кроссовки Adidas Ultraboost,2025-03-05,Санкт-Петербург,Adidas,Одежда,49,15251.666666666666,15251.666666666666,0.0,494.0,4.6000000000000005,414.6666666666667,5.0,АО «Воронов»,False,False,2,3,1,8.0,12970.0,6.0,13300.0,22.0,8479.0,25.666666666666668,14410.555555555555,19.428571428571427,14255.238095238095,13060.0,97.0
Кроссовки Adidas Ultraboost,2025-03-05,Уфа,Adidas,Одежда,8,14415.0,14415.0,0.0,8.0,4.8,380.0,3.0,"ИП «Тихонов, Тихонова и Голубев»",False,False,2,3,1,49.0,15251.666666666666,20.0,15010.0,14.0,13370.0,21.666666666666668,14212.22222222222,18.571428571428573,14404.523809523811,15776.333333333334,142.0
Кроссовки Adidas Ultraboost,2025-03-06,Екатеринбург,Adidas,Одежда,19,15950.0,15950.0,0.0,456.0,4.7,668.0,2.0,Захаров и партнеры,False,False,3,3,1,8.0,14415.0,8.0,12970.0,34.0,14950.0,25.333333333333332,15205.555555555555,16.428571428571427,14547.380952380952,14560.0,148.0
Кроссовки Adidas Ultraboost,2025-03-06,Уфа,Adidas,Одежда,7,10385.0,14629.0,29.0,435.0,4.8,243.0,2.0,Жуков Лтд,False,False,3,3,1,19.0,15950.0,49.0,15251.666666666666,5.0,14935.0,11.333333333333334,13583.333333333334,16.714285714285715,13897.380952380952,14345.0,149.0
Кроссовки Adidas Ultraboost,2025-03-06,Челябинск,Adidas,Одежда,9,14270.0,14270.0,0.0,347.0,4.5,618.0,3.0,АО «Якушев-Комиссарова»,False,False,3,3,1,7.0,10385.0,8.0,14415.0,6.0,13300.0,11.666666666666666,13535.0,17.142857142857142,14035.952380952382,14209.0,156.0
Кроссовки Adidas Ultraboost,2025-03-07,Новосибирск,Adidas,Одежда,28,16319.0,16319.0,0.0,304.5,4.8,612.0,2.0,Елисеев и партнеры,False,False,4,3,1,9.0,14270.0,19.0,15950.0,20.0,15010.0,14.666666666666666,13658.0,18.285714285714285,14222.952380952382,15750.0,137.0
Кроссовки Adidas Ultraboost,2025-03-07,Ростов-на-Дону,Adidas,Одежда,11,16410.0,16410.0,0.0,450.0,4.9,558.0,5.0,Михайлов Инкорпорэйтед,False,False,4,3,1,28.0,16319.0,7.0,10385.0,8.0,12970.0,16.0,15666.333333333334,18.714285714285715,14714.38095238095,16650.0,139.0
Кроссовки Adidas Ultraboost,2025-03-07,Самара,Adidas,Одежда,15,13060.0,13060.0,0.0,235.0,4.6,288.0,5.0,"АО «Маслов, Кузьмин и Комарова»",False,False,4,3,1,11.0,16410.0,9.0,14270.0,49.0,15251.666666666666,18.0,15263.0,13.857142857142858,14401.285714285714,16700.0,141.0
Кроссовки Adidas Ultraboost,2025-03-07,Санкт-Петербург,Adidas,Одежда,53,15776.333333333334,16396.333333333332,4.0,226.0,4.733333333333333,468.3333333333333,2.0,"ОАО «Ковалева, Киселев и Иванова»",False,False,4,3,1,15.0,13060.0,28.0,16319.0,8.0,14415.0,26.333333333333332,15082.111111111111,20.285714285714285,14595.761904761905,10070.0,100.0
Кроссовки Adidas Ultraboost,2025-03-09,Новосибирск,Adidas,Одежда,25,14560.0,14560.0,0.0,84.0,4.9,245.0,3.0,"ЗАО «Лукин, Петров и Беляков»",True,False,6,3,1,53.0,15776.333333333334,11.0,16410.0,19.0,15950.0,31.0,14465.444444444445,21.142857142857142,14397.190476190475,14710.0,81.0
Кроссовки Adidas Ultraboost,2025-03-09,Челябинск,Adidas,Одежда,8,14345.0,14345.0,0.0,494.0,4.8,523.0,1.0,АО «Носков»,True,False,6,3,1,25.0,14560.0,15.0,13060.0,7.0,10385.0,28.666666666666668,14893.77777777778,21.285714285714285,14962.904761904761,13709.0,98.0
Кроссовки Adidas Ultraboost,2025-03-10,Нижний Новгород,Adidas,Одежда,16,14209.0,14209.0,0.0,367.0,4.5,391.0,3.0,ИП «Савельев Николаев»,False,False,0,3,1,8.0,14345.0,53.0,15776.333333333334,9.0,14270.0,16.333333333333332,14371.333333333334,22.285714285714285,14954.190476190475,14450.0,90.0
Кроссовки Adidas Ultraboost,2025-03-10,Самара,Adidas,Одежда,9,15750.0,15750.0,0.0,333.0,4.8,338.0,3.0,ВАД,False,False,0,3,1,16.0,14209.0,25.0,14560.0,28.0,16319.0,11.0,14768.0,19.571428571428573,14872.904761904761,13345.0,87.0
Кроссовки Adidas Ultraboost,2025-03-10,Уфа,Adidas,Одежда,13,16650.0,16650.0,0.0,283.0,4.7,643.0,2.0,НПО «Сорокина Бобылева»,False,False,0,3,1,9.0,15750.0,8.0,14345.0,11.0,16410.0,12.666666666666666,15536.333333333334,19.857142857142858,14907.190476190477,14455.0,105.0
Кроссовки Adidas Ultraboost,2025-03-11,Москва,Adidas,Одежда,17,16700.0,16700.0,0.0,312.0,4.6,357.0,3.0,"НПО «Михайлов, Шилов и Стрелков»",False,False,1,3,1,13.0,16650.0,16.0,14209.0,15.0,13060.0,13.0,16366.666666666666,20.142857142857142,15427.190476190477,16510.0,124.0
Кроссовки Adidas Ultraboost,2025-03-11,Нижний Новгород,Adidas,Одежда,12,10070.0,15740.0,36.0,109.0,5.0,535.0,3.0,Вишняков Лтд,False,False,1,3,1,17.0,16700.0,9.0,15750.0,53.0,15776.333333333334,14.0,14473.333333333334,14.285714285714286,14612.0,15005.0,134.0
Кроссовки Adidas Ultraboost,2025-03-11,Самара,Adidas,Одежда,6,14710.0,14710.0,0.0,227.0,4.9,545.0,2.0,Исакова Инк,False,False,1,3,1,12.0,10070.0,13.0,16650.0,25.0,14560.0,11.666666666666666,13826.666666666666,11.571428571428571,14633.42857142857,12810.0,137.0
Кроссовки Adidas Ultraboost,2025-03-11,Санкт-Петербург,Adidas,Одежда,25,13709.0,13709.0,0.0,301.0,4.8,642.0,2.0,Корнилов Групп,False,False,1,3,1,6.0,14710.0,17.0,16700.0,8.0,14345.0,14.333333333333334,12829.666666666666,14.0,14542.57142857143,14260.0,148.0
Кроссовки Adidas Ultraboost,2025-03-12,Челябинск,Adidas,Одежда,8,14450.0,14450.0,0.0,408.0,5.0,641.0,5.0,ЗАО «Афанасьев Орлова»,False,False,2,3,1,25.0,13709.0,12.0,10070.0,16.0,14209.0,13.0,14289.666666666666,12.857142857142858,14577.0,14240.0,168.0
Кроссовки Adidas Ultraboost,2025-03-13,Челябинск,Adidas,Одежда,6,13345.0,13345.0,0.0,24.0,4.8,595.0,3.0,Крылов Инк,False,False,3,3,1,8.0,14450.0,6.0,14710.0,9.0,15750.0,13.0,13834.666666666666,12.428571428571429,14233.42857142857,13670.0,171.0
Кроссовки Adidas Ultraboost,2025-03-15,Екатеринбург,Adidas,Одежда,31,14455.0,14455.0,0.0,120.0,4.7,356.0,3.0,ИП «Пестова-Зиновьев»,True,False,5,3,1,6.0,13345.0,25.0,13709.0,13.0,16650.0,15.0,14083.333333333334,15.0,13919.857142857143,15160.0,163.0
Кроссовки Adidas Ultraboost,2025-03-15,Москва,Adidas,Одежда,36,16510.0,16510.0,0.0,390.0,4.5,248.0,3.0,ЗАО «Дементьева»,True,False,5,3,1,31.0,14455.0,8.0,14450.0,17.0,16700.0,24.333333333333332,14770.0,17.714285714285715,13892.714285714286,12838.333333333334,181.0
Кроссовки Adidas Ultraboost,2025-03-15,Нижний Новгород,Adidas,Одежда,22,15005.0,15005.0,0.0,251.0,4.7,432.0,3.0,АО «Зиновьев-Турова»,True,False,5,3,1,36.0,16510.0,6.0,13345.0,12.0,10070.0,29.666666666666668,15323.333333333334,19.142857142857142,14597.714285714286,15805.0,167.0
Кроссовки Adidas Ultraboost,2025-03-15,Уфа,Adidas,Одежда,9,12810.0,12810.0,0.0,261.0,5.0,487.0,3.0,ИП «Орехова-Исаков»,True,False,5,3,1,22.0,15005.0,31.0,14455.0,6.0,14710.0,22.333333333333332,14775.0,19.571428571428573,14326.285714285714,15849.0,176.0
Кроссовки Adidas Ultraboost,2025-03-16,Москва,Adidas,Одежда,36,14260.0,14260.0,0.0,486.0,4.9,572.0,7.0,ОАО «Герасимов»,True,False,6,3,1,9.0,12810.0,36.0,16510.0,25.0,13709.0,22.333333333333332,14025.0,21.142857142857142,14405.0,14815.0,155.0
Кроссовки Adidas Ultraboost,2025-03-18,Москва,Adidas,Одежда,28,14240.0,14240.0,0.0,76.0,4.5,679.0,3.0,Артемьева и партнеры,False,False,1,3,1,36.0,14260.0,22.0,15005.0,8.0,14450.0,24.333333333333332,13770.0,24.0,14375.0,14710.0,138.0
Кроссовки Adidas Ultraboost,2025-03-18,Нижний Новгород,Adidas,Одежда,9,13670.0,13670.0,0.0,24.0,4.7,478.0,3.0,НПО «Филиппов Сорокин»,False,False,1,3,1,28.0,14240.0,9.0,12810.0,6.0,13345.0,24.333333333333332,14056.666666666666,24.428571428571427,14421.42857142857,14125.0,137.0
Кроссовки Adidas Ultraboost,2025-03-18,Ростов-на-Дону,Adidas,Одежда,23,15160.0,15160.0,0.0,400.0,4.8,448.0,3.5,ООО «Зуева Веселова»,False,False,1,3,1,9.0,13670.0,36.0,14260.0,31.0,14455.0,20.0,14356.666666666666,23.285714285714285,14522.142857142857,15820.0,148.0
Кроссовки Adidas Ultraboost,2025-03-18,Санкт-Петербург,Adidas,Одежда,54,12838.333333333334,14256.666666666666,9.666666666666666,228.66666666666666,4.6000000000000005,570.3333333333334,3.3333333333333335,Компания Адамас,False,False,1,3,1,23.0,15160.0,28.0,14240.0,36.0,16510.0,28.666666666666668,13889.444444444445,25.857142857142858,13997.619047619048,16974.0,120.0
Кроссовки Adidas Ultraboost,2025-03-18,Челябинск,Adidas,Одежда,8,15805.0,15805.0,0.0,271.0,4.6,413.0,2.0,ФК Пульс,False,False,1,3,1,54.0,12838.333333333334,9.0,13670.0,22.0,15005.0,28.333333333333332,14601.111111111111,23.857142857142858,14111.904761904761,14465.0,125.0
Кроссовки Adidas Ultraboost,2025-03-19,Москва,Adidas,Одежда,18,15849.0,15849.0,0.0,185.0,4.7,478.0,3.0,Кондратьева Инкорпорэйтед,False,False,2,3,1,8.0,15805.0,23.0,15160.0,9.0,12810.0,26.666666666666668,14830.77777777778,25.142857142857142,14546.047619047618,16850.0,120.0
Кроссовки Adidas Ultraboost,2025-03-19,Нижний Новгород,Adidas,Одежда,15,14815.0,14815.0,0.0,67.0,5.0,290.0,3.0,АО «Зуева»,False,False,2,3,1,18.0,15849.0,54.0,12838.333333333334,36.0,14260.0,13.666666666666666,15489.666666666666,22.142857142857142,14625.333333333332,15475.0,120.0
Кроссовки Nike Air Max 270,2025-03-02,Новосибирск,Nike,Одежда,21,11210.0,11210.0,0.0,382.0,4.6,450.0,5.0,ООО «Воробьев»,True,False,6,3,1,,,,,,,,,,,14010.0,110.0
Кроссовки Nike Air Max 270,2025-03-02,Санкт-Петербург,Nike,Одежда,37,13920.0,13920.0,0.0,124.0,4.8,540.0,1.0,Мамонтов Инкорпорэйтед,True,False,6,3,1,21.0,11210.0,,,,,,,,,7760.0,80.0
Кроссовки Nike Air Max 270,2025-03-03,Ростов-на-Дону,Nike,Одежда,7,14470.0,14470.0,0.0,59.0,4.6,502.0,3.0,АО «Комиссаров Суханов»,False,False,0,3,1,37.0,13920.0,,,,,21.666666666666668,13200.0,,,14200.0,83.0
Кроссовки Nike Air Max 270,2025-03-04,Нижний Новгород,Nike,Одежда,11,14860.0,14860.0,0.0,308.0,4.7,407.0,1.0,АХ Степь,False,False,1,3,1,7.0,14470.0,21.0,11210.0,,,18.333333333333332,14416.666666666666,,,12815.0,94.0
Кроссовки Nike Air Max 270,2025-03-04,Санкт-Петербург,Nike,Одежда,13,10445.0,12010.0,13.0,394.0,4.8,496.0,2.0,Дементьева и партнеры,False,False,1,3,1,11.0,14860.0,37.0,13920.0,,,10.333333333333334,13258.333333333334,,,13229.0,87.0
Кроссовки Nike Air Max 270,2025-03-05,Новосибирск,Nike,Одежда,20,14110.0,14110.0,0.0,391.0,4.8,285.0,5.0,НПО «Лихачева»,False,False,2,3,1,13.0,10445.0,7.0,14470.0,,,14.666666666666666,13138.333333333334,,,9694.5,92.0
Кроссовки Nike Air Max 270,2025-03-05,Ростов-на-Дону,Nike,Одежда,17,11214.5,11214.5,0.0,166.0,4.6,372.5,3.5,"ООО «Терентьев, Брагина и Ситникова»",False,False,2,3,1,20.0,14110.0,11.0,14860.0,,,16.666666666666668,11923.166666666666,18.0,12889.92857142857,11520.0,124.0
Кроссовки Nike Air Max 270,2025-03-05,Уфа,Nike,Одежда,5,14010.0,14010.0,0.0,220.0,4.5,476.0,3.0,Энергосбытовая компания Восток,False,False,2,3,1,17.0,11214.5,13.0,10445.0,21.0,11210.0,14.0,13111.5,15.714285714285714,13289.92857142857,8180.0,159.0
Кроссовки Nike Air Max 270,2025-03-06,Нижний Новгород,Nike,Одежда,7,7760.0,11250.0,31.0,280.0,4.7,394.0,7.0,Мосводоканал,False,False,3,3,1,5.0,14010.0,20.0,14110.0,37.0,13920.0,9.666666666666666,10994.833333333334,11.428571428571429,12409.92857142857,13415.0,167.0
Кроссовки Nike Air Max 270,2025-03-06,Уфа,Nike,Одежда,10,14200.0,14200.0,0.0,305.0,4.6,384.0,3.0,"ЗАО «Котов, Голубева и Чернов»",False,False,3,3,1,7.0,7760.0,17.0,11214.5,7.0,14470.0,7.333333333333333,11990.0,11.857142857142858,12371.357142857143,12452.0,191.0
Кроссовки Nike Air Max 270,2025-03-07,Москва,Nike,Одежда,22,12815.0,12815.0,0.0,286.0,4.5,577.0,5.0,"РАО «Якушев, Гришина и Никифорова»",False,False,4,3,1,10.0,14200.0,5.0,14010.0,11.0,14860.0,13.0,11591.666666666666,13.428571428571429,12079.214285714286,10250.0,188.0
Кроссовки Nike Air Max 270,2025-03-07,Нижний Новгород,Nike,Одежда,6,13229.0,13229.0,0.0,234.0,5.0,274.0,2.0,"ЗАО «Мамонтова, Колобова и Шарапова»",False,False,4,3,1,22.0,12815.0,7.0,7760.0,13.0,10445.0,12.666666666666666,13414.666666666666,12.428571428571429,12476.92857142857,13445.0,197.0
Кроссовки Nike Air Max 270,2025-03-07,Санкт-Петербург,Nike,Одежда,25,9694.5,13179.5,23.5,225.0,4.8,566.5,6.0,"РАО «Игнатьев, Сысоева и Федосеев»",False,False,4,3,1,6.0,13229.0,10.0,14200.0,20.0,14110.0,17.666666666666668,11912.833333333334,13.142857142857142,11846.142857142857,14455.0,188.0
Кроссовки Nike Air Max 270,2025-03-08,Новосибирск,Nike,Одежда,49,11520.0,11520.0,0.0,530.0,4.5,304.0,5.0,НМЖК,True,True,5,3,1,25.0,9694.5,22.0,12815.0,17.0,11214.5,26.666666666666668,11481.166666666666,17.714285714285715,11889.785714285714,9455.0,170.0
Кроссовки Nike Air Max 270,2025-03-08,Уфа,Nike,Одежда,40,8180.0,14620.0,44.0,314.0,4.5,522.0,1.0,Носкова Инк,True,True,5,3,1,49.0,11520.0,6.0,13229.0,5.0,14010.0,38.0,9798.166666666666,22.714285714285715,11056.92857142857,12580.0,144.0
Кроссовки Nike Air Max 270,2025-03-09,Екатеринбург,Nike,Одежда,15,13415.0,13415.0,0.0,277.0,4.7,436.0,5.0,Аргос,True,False,6,3,1,40.0,8180.0,25.0,9694.5,7.0,7760.0,34.666666666666664,11038.333333333334,23.857142857142858,11864.785714285714,11297.0,154.0
Кроссовки Nike Air Max 270,2025-03-09,Нижний Новгород,Nike,Одежда,34,12452.0,12452.0,0.0,194.0,4.75,395.0,3.0,ОАО «Назарова»,True,False,6,3,1,15.0,13415.0,49.0,11520.0,10.0,14200.0,29.666666666666668,11349.0,27.285714285714285,11615.07142857143,14139.0,130.0
Кроссовки Nike Air Max 270,2025-03-09,Новосибирск,Nike,Одежда,19,10250.0,14230.0,28.0,476.0,4.6,595.0,7.0,Жуков Лимитед,True,False,6,3,1,34.0,12452.0,40.0,8180.0,22.0,12815.0,22.666666666666668,12039.0,26.857142857142858,11248.642857142857,9335.0,125.0
Кроссовки Nike Air Max 270,2025-03-09,Челябинск,Nike,Одежда,15,13445.0,13445.0,0.0,63.0,5.0,371.0,7.0,ОАО «Дьячков Яковлева»,True,False,6,3,1,19.0,10250.0,15.0,13415.0,6.0,13229.0,22.666666666666668,12049.0,28.142857142857142,11279.5,11277.0,154.0
Кроссовки Nike Air Max 270,2025-03-10,Москва,Nike,Одежда,16,14455.0,14455.0,0.0,272.0,4.5,394.0,3.0,ООО «Баранов»,False,False,0,3,1,15.0,13445.0,34.0,12452.0,25.0,9694.5,16.666666666666668,12716.666666666666,26.857142857142858,11959.57142857143,12410.0,147.0
Кроссовки Nike Air Max 270,2025-03-11,Москва,Nike,Одежда,31,9455.0,13510.0,30.0,522.0,4.7,545.0,2.0,ЗАО «Тетерин Павлов»,False,False,1,3,1,16.0,14455.0,19.0,10250.0,49.0,11520.0,20.666666666666668,12451.666666666666,24.285714285714285,11664.57142857143,12315.0,128.0
Кроссовки Nike Air Max 270,2025-03-11,Нижний Новгород,Nike,Одежда,14,12580.0,12580.0,0.0,464.0,5.0,448.0,1.0,ОАО «Зиновьев Сысоева»,False,False,1,3,1,31.0,9455.0,15.0,13445.0,40.0,8180.0,20.333333333333332,12163.333333333334,20.571428571428573,12293.142857142857,13290.0,132.0
Кроссовки Nike Air Max 270,2025-03-12,Екатеринбург,Nike,Одежда,25,11297.0,11297.0,0.0,319.5,4.9,590.5,2.5,Комиссарова Лтд,False,False,2,3,1,14.0,12580.0,16.0,14455.0,15.0,13415.0,23.333333333333332,11110.666666666666,22.0,11990.57142857143,13150.0,119.0
Кроссовки Nike Air Max 270,2025-03-12,Санкт-Петербург,Nike,Одежда,10,14139.0,14139.0,0.0,167.0,4.9,553.0,7.0,Группа НПФ Благосостояние,False,False,2,3,1,25.0,11297.0,31.0,9455.0,34.0,12452.0,16.333333333333332,12672.0,18.571428571428573,12231.57142857143,12121.333333333334,141.0
Кроссовки Nike Air Max 270,2025-03-13,Екатеринбург,Nike,Одежда,14,9335.0,11975.0,22.0,190.0,4.5,505.0,3.0,НПО «Пахомов»,False,False,3,3,1,10.0,14139.0,14.0,12580.0,19.0,10250.0,16.333333333333332,11590.333333333334,17.857142857142858,12100.857142857143,13142.0,199.0
Кроссовки Nike Air Max 270,2025-03-13,Москва,Nike,Одежда,44,11277.0,11277.0,0.0,46.0,4.9,544.5,3.0,ОАО «Шашкова-Суворова»,False,False,3,3,1,14.0,9335.0,25.0,11297.0,15.0,13445.0,22.666666666666668,11583.666666666666,22.0,11791.142857142857,11940.0,184.0
Кроссовки Nike Air Max 270,2025-03-13,Нижний Новгород,Nike,Одежда,9,12410.0,12410.0,0.0,129.0,4.7,648.0,5.0,ГК Российские коммунальные системы,False,False,3,3,1,44.0,11277.0,10.0,14139.0,16.0,14455.0,22.333333333333332,11007.333333333334,21.0,11499.0,13279.0,189.0
Кроссовки Nike Air Max 270,2025-03-13,Уфа,Nike,Одежда,12,12315.0,12315.0,0.0,286.0,4.4,349.0,2.0,ООО «Петухова»,False,False,3,3,1,9.0,12410.0,14.0,9335.0,31.0,9455.0,21.666666666666668,12000.666666666666,18.285714285714285,11907.57142857143,14209.0,184.0
Кроссовки Nike Air Max 270,2025-03-14,Екатеринбург,Nike,Одежда,18,13290.0,13290.0,0.0,322.0,4.6,354.0,7.0,ООО «Егорова»,False,False,4,3,1,12.0,12315.0,44.0,11277.0,14.0,12580.0,13.0,12671.666666666666,18.857142857142858,12009.0,13560.0,191.0
Кроссовки Nike Air Max 270,2025-03-14,Нижний Новгород,Nike,Одежда,12,13150.0,13150.0,0.0,54.0,4.7,460.0,7.0,"ОАО «Казаков, Кузьмина и Федоров»",False,False,4,3,1,18.0,13290.0,9.0,12410.0,25.0,11297.0,14.0,12918.333333333334,17.0,12273.714285714286,11660.0,195.0
Кроссовки Nike Air Max 270,2025-03-14,Уфа,Nike,Одежда,32,12121.333333333334,12548.0,3.3333333333333335,239.0,4.7,598.6666666666666,4.0,РКК Энергия,False,False,4,3,1,12.0,13150.0,12.0,12315.0,10.0,14139.0,20.666666666666668,12853.77777777778,20.142857142857142,11985.476190476189,13072.0,174.0
Кроссовки Nike Air Max 270,2025-03-15,Москва,Nike,Одежда,72,13142.0,13142.0,0.0,292.5,4.7,369.5,4.5,Стройсервис,True,False,5,3,1,32.0,12121.333333333334,18.0,13290.0,14.0,9335.0,38.666666666666664,12804.444444444445,28.428571428571427,12529.333333333332,10880.0,126.0
Кроссовки Nike Air Max 270,2025-03-15,Новосибирск,Nike,Одежда,29,11940.0,11940.0,0.0,237.0,4.9,642.0,2.0,ООО «Беляков Лебедева»,True,False,5,3,1,72.0,13142.0,12.0,13150.0,44.0,11277.0,44.333333333333336,12401.111111111111,26.285714285714285,12624.047619047618,11985.0,110.0
Кроссовки Nike Air Max 270,2025-03-17,Нижний Новгород,Nike,Одежда,14,13279.0,13279.0,0.0,381.0,4.7,668.0,2.0,"АО «Фадеева, Никифорова и Носов»",False,False,0,3,1,29.0,11940.0,32.0,12121.333333333334,9.0,12410.0,38.333333333333336,12787.0,27.0,12748.190476190475,10800.0,161.0
Кроссовки Nike Air Max 270,2025-03-17,Новосибирск,Nike,Одежда,7,14209.0,14209.0,0.0,138.0,5.0,395.0,2.0,ООО «Николаев-Зимина»,False,False,0,3,1,14.0,13279.0,72.0,13142.0,12.0,12315.0,16.666666666666668,13142.666666666666,26.285714285714285,13018.761904761905,14030.0,160.0
Кроссовки Nike Air Max 270,2025-03-17,Санкт-Петербург,Nike,Одежда,25,13560.0,13560.0,0.0,402.0,5.0,383.0,5.0,Брагина Лтд,False,False,0,3,1,7.0,14209.0,29.0,11940.0,18.0,13290.0,15.333333333333334,13682.666666666666,27.285714285714285,13057.333333333332,8860.0,152.0
Кроссовки Nike Air Max 270,2025-03-18,Казань,Nike,Одежда,16,11660.0,11660.0,0.0,514.0,4.6,570.0,3.0,"ИП «Шестакова, Гуляев и Дьячков»",False,False,1,3,1,25.0,13560.0,14.0,13279.0,12.0,13150.0,16.0,13143.0,27.857142857142858,12844.476190476189,10440.0,160.0
Кроссовки Nike Air Max 270,2025-03-18,Ростов-на-Дону,Nike,Одежда,11,13072.0,13072.0,0.0,432.5,4.5,630.5,2.0,ИП «Миронов Веселова»,False,False,1,3,1,16.0,11660.0,7.0,14209.0,32.0,12121.333333333334,17.333333333333332,12764.0,24.857142857142858,12980.285714285714,13039.0,157.0
Кроссовки Nike Air Max 270,2025-03-19,Челябинск,Nike,Одежда,24,10880.0,13960.0,23.5,429.0,4.65,605.5,4.0,Merlion,False,False,2,3,1,11.0,13072.0,25.0,13560.0,72.0,13142.0,17.0,11870.666666666666,18.0,12657.142857142857,7850.0,140.0
Кроссовки Puma RS-X,2025-03-01,Москва,Puma,Одежда,37,9299.0,9299.0,0.0,238.0,4.6,530.0,3.0,АО «Соколов Мухина»,True,False,5,3,1,,,,,,,,,,,7605.0,159.0
Кроссовки Puma RS-X,2025-03-02,Ростов-на-Дону,Puma,Одежда,19,10459.0,10459.0,0.0,133.0,4.4,397.0,1.0,ИП «Фомичева»,True,False,6,3,1,37.0,9299.0,,,,,,,,,6520.0,184.0
Кроссовки Puma RS-X,2025-03-02,Уфа,Puma,Одежда,10,7539.0,7539.0,0.0,22.0,4.7,445.0,3.0,НПО «Федосеева Гуляев»,True,False,6,3,1,19.0,10459.0,,,,,22.0,9099.0,,,9590.0,185.0
Кроссовки Puma RS-X,2025-03-04,Екатеринбург,Puma,Одежда,17,5290.0,7889.0,33.0,290.0,4.5,290.0,1.0,Беляева и партнеры,False,False,1,3,1,10.0,7539.0,37.0,9299.0,,,15.333333333333334,7762.666666666667,,,9107.5,216.0
Кроссовки Puma RS-X,2025-03-04,Москва,Puma,Одежда,47,9255.0,9255.0,0.0,329.5,4.65,377.0,5.0,ЛУКОЙЛ,False,False,1,3,1,17.0,5290.0,19.0,10459.0,,,24.666666666666668,7361.333333333333,,,8810.0,175.0
Кроссовки Puma RS-X,2025-03-05,Москва,Puma,Одежда,36,7920.0,7920.0,0.0,301.0,4.449999999999999,419.0,2.5,"АО «Борисова, Фролова и Князева»",False,False,2,3,1,47.0,9255.0,10.0,7539.0,,,33.333333333333336,7488.333333333333,,,6570.0,159.0
Кроссовки Puma RS-X,2025-03-05,Новосибирск,Puma,Одежда,19,9220.0,9220.0,0.0,91.0,4.3,560.0,3.0,Сибтрейд,False,False,2,3,1,36.0,7920.0,17.0,5290.0,,,34.0,8798.333333333334,26.428571428571427,8426.0,4435.0,194.0
Кроссовки Puma RS-X,2025-03-05,Самара,Puma,Одежда,11,7605.0,7605.0,0.0,407.0,4.4,627.0,3.0,Калашникова Инкорпорэйтед,False,False,2,3,1,19.0,9220.0,47.0,9255.0,37.0,9299.0,22.0,8248.333333333334,22.714285714285715,8184.0,5340.0,235.0
Кроссовки Puma RS-X,2025-03-05,Санкт-Петербург,Puma,Одежда,44,6520.0,8847.5,23.0,468.5,4.45,449.5,3.5,ЗАО «Никонов-Антонов»,False,False,2,3,1,11.0,7605.0,36.0,7920.0,19.0,10459.0,24.666666666666668,7781.666666666667,26.285714285714285,7621.285714285715,8185.0,219.0
Кроссовки Puma RS-X,2025-03-06,Екатеринбург,Puma,Одежда,11,9590.0,9590.0,0.0,232.0,4.8,670.0,2.0,ИП «Волков Макарова»,False,False,3,3,1,44.0,6520.0,19.0,9220.0,10.0,7539.0,22.0,7905.0,26.428571428571427,7914.285714285715,7009.5,235.0
Кроссовки Puma RS-X,2025-03-07,Москва,Puma,Одежда,48,9107.5,9107.5,0.0,178.5,4.5,459.5,2.5,АО «Алексеева»,False,False,4,3,1,11.0,9590.0,11.0,7605.0,17.0,5290.0,34.333333333333336,8405.833333333334,30.857142857142858,8459.642857142857,9480.0,194.0
Кроссовки Puma RS-X,2025-03-07,Нижний Новгород,Puma,Одежда,6,8810.0,9910.0,11.0,18.0,4.7,477.0,5.0,УГС,False,False,4,3,1,48.0,9107.5,44.0,6520.0,47.0,9255.0,21.666666666666668,9169.166666666666,25.0,8396.07142857143,7920.0,194.0
Кроссовки Puma RS-X,2025-03-07,Санкт-Петербург,Puma,Одежда,20,6570.0,7915.0,17.0,303.0,4.4,521.0,1.0,АО «Орехов-Щербакова»,False,False,4,3,1,6.0,8810.0,11.0,9590.0,36.0,7920.0,24.666666666666668,8162.5,22.714285714285715,8203.214285714286,10310.0,185.0
Кроссовки Puma RS-X,2025-03-08,Екатеринбург,Puma,Одежда,54,4435.0,8065.0,45.0,207.0,4.7,468.0,3.0,Втормет,True,True,5,3,1,20.0,6570.0,48.0,9107.5,19.0,9220.0,26.666666666666668,6605.0,27.714285714285715,7519.642857142857,8439.0,141.0
Кроссовки Puma RS-X,2025-03-08,Москва,Puma,Одежда,52,5340.0,10485.0,49.0,25.0,4.5,379.0,2.0,ООО «Наумов Титова»,True,True,5,3,1,54.0,4435.0,6.0,8810.0,11.0,7605.0,42.0,5448.333333333333,33.57142857142857,7196.071428571428,9629.0,99.0
Кроссовки Puma RS-X,2025-03-08,Нижний Новгород,Puma,Одежда,28,8185.0,8185.0,0.0,256.0,4.6,621.0,5.0,РАО «Крылова-Устинова»,True,True,5,3,1,52.0,5340.0,20.0,6570.0,44.0,6520.0,44.666666666666664,5986.666666666667,31.285714285714285,7433.928571428572,4950.0,81.0
Кроссовки Puma RS-X,2025-03-09,Самара,Puma,Одежда,27,7009.5,8815.0,20.5,120.0,4.35,338.5,3.5,Суворова Инк,True,False,6,3,1,28.0,8185.0,54.0,4435.0,11.0,9590.0,35.666666666666664,6844.833333333333,33.57142857142857,7065.285714285715,4635.0,59.0
Кроссовки Puma RS-X,2025-03-10,Самара,Puma,Одежда,7,9480.0,9480.0,0.0,490.0,4.4,544.0,2.0,Константинов Инкорпорэйтед,False,False,0,3,1,27.0,7009.5,52.0,5340.0,48.0,9107.5,20.666666666666668,8224.833333333334,27.714285714285715,7118.5,8430.0,74.0
Кроссовки Puma RS-X,2025-03-11,Казань,Puma,Одежда,6,7920.0,7920.0,0.0,233.0,4.3,660.0,2.0,АО «Королева Белоусов»,False,False,1,3,1,7.0,9480.0,28.0,8185.0,6.0,8810.0,13.333333333333334,8136.5,27.714285714285715,6991.357142857143,9005.0,83.0
Кроссовки Puma RS-X,2025-03-11,Москва,Puma,Одежда,11,10310.0,10310.0,0.0,322.0,4.5,270.0,7.0,ЗАО «Котова-Пономарев»,False,False,1,3,1,6.0,7920.0,27.0,7009.5,20.0,6570.0,8.0,9236.666666666666,26.428571428571427,7525.642857142857,6790.0,102.0
Кроссовки Puma RS-X,2025-03-11,Нижний Новгород,Puma,Одежда,10,8439.0,8439.0,0.0,421.0,4.3,613.0,2.0,ООО «Шаров-Куликов»,False,False,1,3,1,11.0,10310.0,7.0,9480.0,54.0,4435.0,9.0,8889.666666666666,20.142857142857142,8097.642857142857,8069.0,100.0
Кроссовки Puma RS-X,2025-03-12,Самара,Puma,Одежда,10,9629.0,9629.0,0.0,77.0,4.6,351.0,2.0,"ИП «Рябова, Калашников и Красильникова»",False,False,2,3,1,10.0,8439.0,6.0,7920.0,52.0,5340.0,10.333333333333334,9459.333333333334,14.142857142857142,8710.357142857143,9365.0,114.0
Кроссовки Puma RS-X,2025-03-12,Челябинск,Puma,Одежда,10,4950.0,7980.0,38.0,300.0,4.7,427.0,5.0,"НПО «Колобова, Фокин и Лобанов»",False,False,2,3,1,10.0,9629.0,11.0,10310.0,28.0,8185.0,10.0,7672.666666666667,11.571428571428571,8248.214285714286,4250.0,119.0
Кроссовки Puma RS-X,2025-03-13,Самара,Puma,Одежда,5,4635.0,9290.0,50.0,251.0,4.6,535.0,2.0,Игнатьев Инк,False,False,3,3,1,10.0,4950.0,10.0,8439.0,27.0,7009.5,8.333333333333334,6404.666666666667,8.428571428571429,7909.0,8779.0,125.0
Кроссовки Puma RS-X,2025-03-13,Санкт-Петербург,Puma,Одежда,22,8430.0,8430.0,0.0,365.0,4.3,233.0,3.0,РАО «Антонова-Мамонтова»,False,False,3,3,1,5.0,4635.0,10.0,9629.0,7.0,9480.0,12.333333333333334,6005.0,10.571428571428571,7759.0,8520.0,117.0
Кроссовки Puma RS-X,2025-03-14,Казань,Puma,Одежда,15,9005.0,9005.0,0.0,355.0,4.5,411.0,1.0,ИП «Казакова Тимофеев»,False,False,4,3,1,22.0,8430.0,10.0,4950.0,6.0,7920.0,14.0,7356.666666666667,11.857142857142858,7914.0,8960.0,121.0
Кроссовки Puma RS-X,2025-03-14,Москва,Puma,Одежда,30,6790.0,7635.0,11.0,452.0,4.3,668.0,5.0,"ЗАО «Цветков, Трофимова и Буров»",False,False,4,3,1,15.0,9005.0,5.0,4635.0,11.0,10310.0,22.333333333333332,8075.0,14.571428571428571,7411.142857142857,10230.0,98.0
Кроссовки Puma RS-X,2025-03-14,Ростов-на-Дону,Puma,Одежда,8,8069.0,8069.0,0.0,434.0,4.7,480.0,2.0,Командор-Холдинг,False,False,4,3,1,30.0,6790.0,22.0,8430.0,10.0,8439.0,17.666666666666668,7954.666666666667,14.285714285714286,7358.285714285715,8890.0,104.0
Кроссовки Puma RS-X,2025-03-14,Санкт-Петербург,Puma,Одежда,24,9365.0,9365.0,0.0,427.0,4.8,510.0,2.0,ИП «Третьяков Казаков»,False,False,4,3,1,8.0,8069.0,15.0,9005.0,10.0,9629.0,20.666666666666668,8074.666666666667,16.285714285714285,7320.571428571428,8910.0,95.0
Кроссовки Puma RS-X,2025-03-15,Казань,Puma,Одежда,15,4250.0,8190.0,48.0,140.0,4.5,672.0,3.0,"ОАО «Михайлов, Мартынова и Анисимова»",True,False,5,3,1,24.0,9365.0,30.0,6790.0,10.0,4950.0,15.666666666666666,7228.0,17.0,7220.571428571428,8490.0,88.0
Кроссовки Puma RS-X,2025-03-15,Нижний Новгород,Puma,Одежда,11,8779.0,8779.0,0.0,356.0,4.7,584.0,5.0,Зайцева Инк,True,False,5,3,1,15.0,4250.0,8.0,8069.0,5.0,4635.0,16.666666666666668,7464.666666666667,17.857142857142858,7812.571428571428,8190.0,83.0
Кроссовки Puma RS-X,2025-03-15,Ростов-на-Дону,Puma,Одежда,14,8520.0,8520.0,0.0,289.0,4.5,549.0,3.0,ООО «Крюков-Никифоров»,True,False,5,3,1,11.0,8779.0,24.0,9365.0,22.0,8430.0,13.333333333333334,7183.0,16.714285714285715,7825.428571428572,4755.0,95.0
Кроссовки Puma RS-X,2025-03-16,Уфа,Puma,Одежда,19,8960.0,8960.0,0.0,282.0,4.4,547.0,7.0,"ОАО «Осипова, Ершов и Романов»",True,False,6,3,1,14.0,8520.0,15.0,4250.0,15.0,9005.0,14.666666666666666,8753.0,17.285714285714285,7819.0,9709.0,84.0
Кроссовки Puma RS-X,2025-03-17,Самара,Puma,Одежда,7,10230.0,10230.0,0.0,73.0,4.4,438.0,5.0,Фадеева Инкорпорэйтед,False,False,0,3,1,19.0,8960.0,11.0,8779.0,30.0,6790.0,13.333333333333334,9236.666666666666,14.0,8310.42857142857,7960.0,88.0
Кроссовки Puma RS-X,2025-03-17,Санкт-Петербург,Puma,Одежда,14,8890.0,8890.0,0.0,211.0,4.2,376.0,2.0,"ООО «Рыбакова, Яковлева и Кондратьев»",False,False,0,3,1,7.0,10230.0,14.0,8520.0,8.0,8069.0,13.333333333333334,9360.0,14.857142857142858,8427.714285714286,9670.0,87.0
Кроссовки Puma RS-X,2025-03-18,Санкт-Петербург,Puma,Одежда,15,8910.0,8910.0,0.0,244.0,4.3,369.0,3.0,Комиссарова Групп,False,False,1,3,1,14.0,8890.0,19.0,8960.0,24.0,9365.0,12.0,9343.333333333334,13.571428571428571,8362.714285714286,8860.0,80.0
Кроссовки Puma RS-X,2025-03-19,Нижний Новгород,Puma,Одежда,8,8490.0,8490.0,0.0,392.0,4.2,301.0,1.0,Трофимов Лтд,False,False,2,3,1,15.0,8910.0,7.0,10230.0,15.0,4250.0,12.333333333333334,8763.333333333334,12.571428571428571,8968.42857142857,9705.0,91.0
Кроссовки Puma RS-X,2025-03-19,Самара,Puma,Одежда,6,8190.0,8190.0,0.0,85.0,4.5,304.0,2.0,"ООО «Вишнякова, Некрасова и Ларионов»",False,False,2,3,1,8.0,8490.0,14.0,8890.0,11.0,8779.0,9.666666666666666,8530.0,11.857142857142858,8884.285714285714,5730.0,98.0
Куртка Adidas Outdoor Terrex,2025-03-02,Ростов-на-Дону,Adidas,Одежда,12,10839.0,10839.0,0.0,185.0,4.6,373.0,3.0,"ОАО «Носов, Лобанова и Куликова»",True,False,6,3,1,,,,,,,,,,,11489.0,77.0
Куртка Adidas Outdoor Terrex,2025-03-02,Санкт-Петербург,Adidas,Одежда,27,11235.0,11235.0,0.0,171.0,4.5,301.0,2.0,"ОАО «Кабанов, Попова и Козлов»",True,False,6,3,1,12.0,10839.0,,,,,,,,,11809.0,55.0
Куртка Adidas Outdoor Terrex,2025-03-03,Казань,Adidas,Одежда,10,12645.0,13460.0,6.0,487.0,4.5,574.0,5.0,ОАО «Исаева Боброва»,False,False,0,3,1,27.0,11235.0,,,,,16.333333333333332,11573.0,,,12230.0,71.0
Куртка Adidas Outdoor Terrex,2025-03-03,Челябинск,Adidas,Одежда,11,11395.0,11395.0,0.0,412.0,4.9,436.0,7.0,"ООО «Горбунова, Архипова и Цветков»",False,False,0,3,1,10.0,12645.0,12.0,10839.0,,,16.0,11758.333333333334,,,13415.0,77.0
Куртка Adidas Outdoor Terrex,2025-03-04,Нижний Новгород,Adidas,Одежда,9,13055.0,13055.0,0.0,235.0,4.3,579.0,2.0,Максимова Лтд,False,False,1,3,1,11.0,11395.0,27.0,11235.0,,,10.0,12365.0,,,10159.0,77.0
Куртка Adidas Outdoor Terrex,2025-03-04,Челябинск,Adidas,Одежда,5,7300.0,11055.0,34.0,482.0,4.8,523.0,1.0,НЛМК,False,False,1,3,1,9.0,13055.0,10.0,12645.0,,,8.333333333333334,10583.333333333334,,,7810.0,87.0
Куртка Adidas Outdoor Terrex,2025-03-05,Москва,Adidas,Одежда,11,13680.0,13680.0,0.0,452.0,4.8,608.0,3.0,Юдин Инкорпорэйтед,False,False,2,3,1,5.0,7300.0,11.0,11395.0,,,8.333333333333334,11345.0,12.142857142857142,11449.857142857143,9770.0,86.0
Куртка Adidas Outdoor Terrex,2025-03-05,Уфа,Adidas,Одежда,4,11489.0,11489.0,0.0,89.0,4.4,329.0,5.0,ООО «Кабанов Королев»,False,False,2,3,1,11.0,13680.0,9.0,13055.0,12.0,10839.0,6.666666666666667,10823.0,11.0,11542.714285714286,7790.0,113.0
Куртка Adidas Outdoor Terrex,2025-03-05,Челябинск,Adidas,Одежда,5,11809.0,11809.0,0.0,467.0,4.6,651.0,3.0,Сергеева Групп,False,False,2,3,1,4.0,11489.0,5.0,7300.0,27.0,11235.0,6.666666666666667,12326.0,7.857142857142857,11624.714285714286,12192.0,174.0
Куртка Adidas Outdoor Terrex,2025-03-06,Москва,Adidas,Одежда,26,12230.0,12230.0,0.0,99.0,4.4,450.0,2.0,ЗАО «Кудрявцева-Абрамов»,False,False,3,3,1,5.0,11809.0,11.0,13680.0,10.0,12645.0,11.666666666666666,11842.666666666666,10.142857142857142,11565.42857142857,12830.0,172.0
Куртка Adidas Outdoor Terrex,2025-03-06,Новосибирск,Adidas,Одежда,17,13415.0,13415.0,0.0,478.0,4.4,596.0,3.0,НПО «Назарова»,False,False,3,3,1,26.0,12230.0,4.0,11489.0,11.0,11395.0,16.0,12484.666666666666,11.0,11854.0,13755.0,173.0
Куртка Adidas Outdoor Terrex,2025-03-06,Челябинск,Adidas,Одежда,9,10159.0,10159.0,0.0,212.0,4.9,318.0,3.0,"РАО «Абрамов, Яковлева и Стрелкова»",False,False,3,3,1,17.0,13415.0,5.0,11809.0,9.0,13055.0,17.333333333333332,11934.666666666666,11.0,11440.285714285714,12110.0,184.0
Куртка Adidas Outdoor Terrex,2025-03-07,Екатеринбург,Adidas,Одежда,15,7810.0,12820.0,39.0,452.0,4.3,518.0,2.0,Шелл Нефть (Shell),False,False,4,3,1,9.0,10159.0,26.0,12230.0,5.0,7300.0,13.666666666666666,10461.333333333334,12.428571428571429,11513.142857142857,10469.0,176.0
Куртка Adidas Outdoor Terrex,2025-03-07,Нижний Новгород,Adidas,Одежда,10,9770.0,10520.0,7.0,100.0,4.7,531.0,2.0,РАО «Брагина Тетерин»,False,False,4,3,1,15.0,7810.0,17.0,13415.0,11.0,13680.0,11.333333333333334,9246.333333333334,12.285714285714286,10954.57142857143,12280.0,186.0
Куртка Adidas Outdoor Terrex,2025-03-08,Казань,Adidas,Одежда,31,7790.0,11999.0,35.0,301.0,4.5,292.0,2.0,"ЗАО «Рожков, Гаврилов и Тимофеева»",True,True,5,3,1,10.0,9770.0,9.0,10159.0,4.0,11489.0,18.666666666666668,8456.666666666666,16.142857142857142,10426.142857142857,13440.0,177.0
Куртка Adidas Outdoor Terrex,2025-03-08,Самара,Adidas,Одежда,66,12192.0,12192.0,0.0,307.5,4.65,594.0,4.0,НК Дулисьма,True,True,5,3,1,31.0,7790.0,15.0,7810.0,5.0,11809.0,35.666666666666664,9917.333333333334,24.857142857142858,10480.857142857143,12769.0,117.0
Куртка Adidas Outdoor Terrex,2025-03-09,Екатеринбург,Adidas,Одежда,24,12830.0,12830.0,0.0,157.0,4.8,449.0,7.0,Горбачев Лимитед,True,False,6,3,1,66.0,12192.0,10.0,9770.0,26.0,12230.0,40.333333333333336,10937.333333333334,24.571428571428573,10566.57142857143,11350.0,105.0
Куртка Adidas Outdoor Terrex,2025-03-10,Новосибирск,Adidas,Одежда,18,13755.0,13755.0,0.0,37.0,4.4,459.0,1.0,ЗАО «Гурьев Фомичев»,False,False,0,3,1,24.0,12830.0,31.0,7790.0,17.0,13415.0,36.0,12925.666666666666,24.714285714285715,10615.142857142857,12500.0,100.0
Куртка Adidas Outdoor Terrex,2025-03-10,Санкт-Петербург,Adidas,Одежда,20,12110.0,12110.0,0.0,298.0,4.4,610.0,7.0,АБ Инбев Эфес (Anheuser-Busch Inbev),False,False,0,3,1,18.0,13755.0,66.0,12192.0,9.0,10159.0,20.666666666666668,12898.333333333334,26.285714285714285,10893.857142857143,10145.0,95.0
Куртка Adidas Outdoor Terrex,2025-03-11,Нижний Новгород,Adidas,Одежда,7,10469.0,10469.0,0.0,181.0,4.7,455.0,5.0,АО «Лапина»,False,False,1,3,1,20.0,12110.0,24.0,12830.0,15.0,7810.0,15.0,12111.333333333334,25.142857142857142,11273.714285714286,11190.0,106.0
Куртка Adidas Outdoor Terrex,2025-03-11,Новосибирск,Adidas,Одежда,20,12280.0,12280.0,0.0,275.0,4.8,597.0,2.0,Московская инженерно-строительная компания,False,False,1,3,1,7.0,10469.0,18.0,13755.0,10.0,9770.0,15.666666666666666,11619.666666666666,26.571428571428573,11632.285714285714,12009.0,98.0
Куртка Adidas Outdoor Terrex,2025-03-11,Санкт-Петербург,Adidas,Одежда,22,13440.0,13440.0,0.0,132.0,4.7,516.0,7.0,Максимов Лтд,False,False,1,3,1,20.0,12280.0,20.0,12110.0,31.0,7790.0,16.333333333333332,12063.0,25.285714285714285,12439.42857142857,13000.0,105.0
Куртка Adidas Outdoor Terrex,2025-03-11,Уфа,Adidas,Одежда,6,12769.0,12769.0,0.0,378.0,4.8,542.0,1.0,"ООО «Сафонов, Суханова и Исаков»",False,False,1,3,1,22.0,13440.0,7.0,10469.0,66.0,12192.0,16.0,12829.666666666666,16.714285714285715,12521.857142857143,9395.0,125.0
Куртка Adidas Outdoor Terrex,2025-03-12,Нижний Новгород,Adidas,Одежда,12,11350.0,12905.0,12.0,311.0,4.7,392.0,5.0,ООО «Полякова-Лебедева»,False,False,2,3,1,6.0,12769.0,20.0,12280.0,24.0,12830.0,13.333333333333334,12519.666666666666,15.0,12310.42857142857,11129.0,124.0
Куртка Adidas Outdoor Terrex,2025-03-12,Новосибирск,Adidas,Одежда,13,12500.0,12500.0,0.0,13.0,4.3,477.0,3.0,ИП «Григорьева»,False,False,2,3,1,12.0,11350.0,22.0,13440.0,18.0,13755.0,10.333333333333334,12206.333333333334,14.285714285714286,12131.142857142857,7560.0,134.0
Куртка Adidas Outdoor Terrex,2025-03-13,Екатеринбург,Adidas,Одежда,15,10145.0,10145.0,0.0,234.0,4.3,450.0,3.0,Морской терминал Тамань,False,False,3,3,1,13.0,12500.0,6.0,12769.0,20.0,12110.0,13.333333333333334,11331.666666666666,13.571428571428571,11850.42857142857,12940.0,129.0
Куртка Adidas Outdoor Terrex,2025-03-13,Москва,Adidas,Одежда,18,11190.0,11190.0,0.0,91.0,4.4,599.0,7.0,Группа компаний ПИК,False,False,3,3,1,15.0,10145.0,12.0,11350.0,7.0,10469.0,15.333333333333334,11278.333333333334,15.142857142857142,11953.42857142857,12070.0,120.0
Куртка Adidas Outdoor Terrex,2025-03-13,Ростов-на-Дону,Adidas,Одежда,12,12009.0,12009.0,0.0,121.0,4.4,317.0,3.0,ОАО «Капустина Игнатьев»,False,False,3,3,1,18.0,11190.0,13.0,12500.0,20.0,12280.0,15.0,11114.666666666666,14.0,11914.714285714286,13370.0,133.0
Куртка Adidas Outdoor Terrex,2025-03-13,Санкт-Петербург,Adidas,Одежда,29,13000.0,13000.0,0.0,239.0,4.5,286.5,2.0,"НПО «Кириллова, Щербакова и Мамонтова»",False,False,3,3,1,12.0,12009.0,15.0,10145.0,22.0,13440.0,19.666666666666668,12066.333333333334,15.0,11851.857142857143,11619.0,113.0
Куртка Adidas Outdoor Terrex,2025-03-14,Санкт-Петербург,Adidas,Одежда,26,9395.0,13245.0,29.0,396.0,4.9,308.0,3.0,ИП «Маслов-Устинов»,False,False,4,3,1,29.0,13000.0,18.0,11190.0,6.0,12769.0,22.333333333333332,11468.0,17.857142857142858,11369.857142857143,13730.0,97.0
Куртка Adidas Outdoor Terrex,2025-03-14,Уфа,Adidas,Одежда,11,11129.0,11129.0,0.0,18.0,4.5,316.0,1.0,ИП «Терентьев-Максимов»,False,False,4,3,1,26.0,9395.0,12.0,12009.0,12.0,11350.0,22.0,11174.666666666666,17.714285714285715,11338.285714285714,12800.0,96.0
Куртка Adidas Outdoor Terrex,2025-03-15,Москва,Adidas,Одежда,23,7560.0,10960.0,31.0,521.0,4.7,321.0,1.0,Дьячкова Групп,True,False,5,3,1,11.0,11129.0,29.0,13000.0,13.0,12500.0,20.0,9361.333333333334,19.142857142857142,10632.57142857143,10980.0,79.0
Куртка Adidas Outdoor Terrex,2025-03-15,Ростов-на-Дону,Adidas,Одежда,10,12940.0,12940.0,0.0,399.0,4.5,364.0,2.0,ООО «Фокин Шубина»,True,False,5,3,1,23.0,7560.0,26.0,9395.0,15.0,10145.0,14.666666666666666,10543.0,18.428571428571427,11031.857142857143,12625.0,84.0
Куртка Adidas Outdoor Terrex,2025-03-15,Самара,Adidas,Одежда,9,12070.0,12070.0,0.0,83.0,4.5,277.0,5.0,АО «Ларионов-Тимофеев»,True,False,5,3,1,10.0,12940.0,11.0,11129.0,18.0,11190.0,14.0,10856.666666666666,17.142857142857142,11157.57142857143,11475.0,81.0
Куртка Adidas Outdoor Terrex,2025-03-15,Санкт-Петербург,Adidas,Одежда,25,13370.0,13370.0,0.0,482.0,4.9,545.0,5.0,НПО «Шубина-Орехова»,True,False,5,3,1,9.0,12070.0,23.0,7560.0,12.0,12009.0,14.666666666666666,12793.333333333334,19.0,11352.0,13140.0,67.0
Куртка Adidas Outdoor Terrex,2025-03-16,Уфа,Adidas,Одежда,9,11619.0,11619.0,0.0,144.0,4.3,631.0,2.0,Объединенная двигателестроительная корпорация,True,False,6,3,1,25.0,13370.0,10.0,12940.0,29.0,13000.0,14.333333333333334,12353.0,16.142857142857142,11154.714285714286,11700.0,68.0
Куртка Adidas Outdoor Terrex,2025-03-17,Екатеринбург,Adidas,Одежда,10,13730.0,13730.0,0.0,48.0,4.6,514.0,3.0,Металлстандарт,False,False,0,3,1,9.0,11619.0,9.0,12070.0,26.0,9395.0,14.666666666666666,12906.333333333334,13.857142857142858,11774.0,13640.0,71.0
Куртка Adidas Outdoor Terrex,2025-03-17,Челябинск,Adidas,Одежда,10,12800.0,12800.0,0.0,47.0,4.3,435.0,5.0,НМЖК,False,False,0,3,1,10.0,13730.0,25.0,13370.0,11.0,11129.0,9.666666666666666,12716.333333333334,13.714285714285714,12012.714285714286,9255.0,71.0
Куртка Adidas Outdoor Terrex,2025-03-18,Казань,Adidas,Одежда,6,10980.0,10980.0,0.0,119.0,4.3,453.0,2.0,НПО «Пахомов-Шарапова»,False,False,1,3,1,10.0,12800.0,9.0,11619.0,23.0,7560.0,8.666666666666666,12503.333333333334,11.285714285714286,12501.285714285714,9790.0,79.0
Куртка Adidas Outdoor Terrex,2025-03-18,Москва,Adidas,Одежда,15,12625.0,12625.0,0.0,31.0,4.8,235.0,7.0,АНГК,False,False,1,3,1,6.0,10980.0,10.0,13730.0,10.0,12940.0,10.333333333333334,12135.0,12.0,12456.285714285714,13020.0,86.0
Куртка Adidas Outdoor Terrex,2025-03-18,Нижний Новгород,Adidas,Одежда,6,11475.0,11475.0,0.0,343.0,4.8,232.0,7.0,"ЗАО «Федосеева, Кононова и Козлов»",False,False,1,3,1,15.0,12625.0,10.0,12800.0,9.0,12070.0,9.0,11693.333333333334,11.571428571428571,12371.285714285714,11100.0,101.0
Куртка Adidas Outdoor Terrex,2025-03-18,Ростов-на-Дону,Adidas,Одежда,11,13140.0,13140.0,0.0,424.0,4.3,489.0,2.0,РАО «Гущина-Никитин»,False,False,1,3,1,6.0,11475.0,6.0,10980.0,25.0,13370.0,10.666666666666666,12413.333333333334,9.571428571428571,12338.42857142857,6720.0,105.0
Куртка Adidas Outdoor Terrex,2025-03-18,Самара,Adidas,Одежда,10,11700.0,11700.0,0.0,87.0,4.5,660.0,3.0,Группа Агат,False,False,1,3,1,11.0,13140.0,15.0,12625.0,9.0,11619.0,9.0,12105.0,9.714285714285714,12350.0,12625.0,112.0
Куртка Adidas Outdoor Terrex,2025-03-18,Санкт-Петербург,Adidas,Одежда,13,13640.0,13640.0,0.0,303.0,4.6,566.0,2.0,«Томскнефть» ВНК,False,False,1,3,1,10.0,11700.0,6.0,11475.0,10.0,13730.0,11.333333333333334,12826.666666666666,10.142857142857142,12337.142857142857,12800.0,105.0
Куртка Adidas Outdoor Terrex,2025-03-18,Уфа,Adidas,Одежда,10,9255.0,13825.0,33.0,425.0,4.5,328.0,7.0,Доронина Лимитед,False,False,1,3,1,13.0,13640.0,11.0,13140.0,10.0,12800.0,11.0,11531.666666666666,10.142857142857142,11830.714285714286,11290.0,118.0
Куртка Columbia Watertight II,2025-03-01,Екатеринбург,Columbia,Одежда,18,9100.0,9100.0,0.0,120.0,4.4,678.0,5.0,Гленкор Агро Мзк (Firada),True,False,5,3,1,,,,,,,,,,,11720.0,101.0
Куртка Columbia Watertight II,2025-03-01,Казань,Columbia,Одежда,10,10059.0,10059.0,0.0,507.0,4.8,646.0,2.0,"ЗАО «Устинова, Герасимова и Киселева»",True,False,5,3,1,18.0,9100.0,,,,,,,,,6815.0,124.0
Куртка Columbia Watertight II,2025-03-01,Новосибирск,Columbia,Одежда,18,9660.0,9660.0,0.0,221.0,5.0,308.0,1.0,"ООО «Туров, Васильева и Осипов»",True,False,5,3,1,10.0,10059.0,,,,,15.333333333333334,9606.333333333334,,,10639.0,117.0
Куртка Columbia Watertight II,2025-03-02,Казань,Columbia,Одежда,14,11670.0,11670.0,0.0,151.0,4.5,484.0,2.0,Артемьева Инк,True,False,6,3,1,18.0,9660.0,18.0,9100.0,,,14.0,10463.0,,,7055.0,119.0
Куртка Columbia Watertight II,2025-03-02,Нижний Новгород,Columbia,Одежда,25,11765.0,11765.0,0.0,416.0,4.8,391.0,3.0,Завод имени Дегтярева,True,False,6,3,1,14.0,11670.0,10.0,10059.0,,,19.0,11031.666666666666,,,10450.0,99.0
Куртка Columbia Watertight II,2025-03-02,Челябинск,Columbia,Одежда,9,11430.0,11430.0,0.0,429.0,4.5,611.0,7.0,"ЗАО «Сафонова, Поляков и Фадеева»",True,False,6,3,1,25.0,11765.0,18.0,9660.0,,,16.0,11621.666666666666,,,9459.5,112.0
Куртка Columbia Watertight II,2025-03-03,Москва,Columbia,Одежда,18,10250.0,10250.0,0.0,170.0,4.7,302.0,2.0,Авеста Фармацевтика (Baby Dream),False,False,0,3,1,9.0,11430.0,14.0,11670.0,,,17.333333333333332,11148.333333333334,16.0,10562.0,9590.0,145.0
Куртка Columbia Watertight II,2025-03-04,Екатеринбург,Columbia,Одежда,7,11720.0,11720.0,0.0,125.0,4.9,459.0,2.0,"РАО «Агафонова, Доронин и Семенов»",False,False,1,3,1,18.0,10250.0,25.0,11765.0,18.0,9100.0,11.333333333333334,11133.333333333334,14.428571428571429,10936.285714285714,6679.0,156.0
Куртка Columbia Watertight II,2025-03-05,Москва,Columbia,Одежда,33,6815.0,9609.0,29.0,153.0,4.7,371.0,2.0,АО «Тарасова-Ефремов»,False,False,2,3,1,7.0,11720.0,9.0,11430.0,10.0,10059.0,19.333333333333332,9595.0,17.714285714285715,10472.857142857143,10920.0,149.0
Куртка Columbia Watertight II,2025-03-05,Санкт-Петербург,Columbia,Одежда,11,10639.0,10639.0,0.0,451.0,4.6,246.0,5.0,НПО «Панфилова Беляев»,False,False,2,3,1,33.0,6815.0,18.0,10250.0,18.0,9660.0,17.0,9724.666666666666,16.714285714285715,10612.714285714286,9667.0,165.0
Куртка Columbia Watertight II,2025-03-07,Казань,Columbia,Одежда,16,7055.0,8510.0,17.0,62.0,5.0,397.0,3.0,"ОАО «Михеева, Белякова и Котова»",False,False,4,3,1,11.0,10639.0,7.0,11720.0,14.0,11670.0,20.0,8169.666666666667,17.0,9953.42857142857,8810.0,169.0
Куртка Columbia Watertight II,2025-03-07,Ростов-на-Дону,Columbia,Одежда,5,10450.0,10450.0,0.0,28.0,4.5,674.0,1.0,Антонова Инкорпорэйтед,False,False,4,3,1,16.0,7055.0,33.0,6815.0,25.0,11765.0,10.666666666666666,9381.333333333334,14.142857142857142,9765.57142857143,11440.0,203.0
Куртка Columbia Watertight II,2025-03-07,Самара,Columbia,Одежда,22,9459.5,10414.5,9.0,143.5,4.75,510.0,6.0,Брок-Инвест-Сервис и К,False,False,4,3,1,5.0,10450.0,11.0,10639.0,9.0,11430.0,14.333333333333334,8988.166666666666,16.0,9484.07142857143,8580.0,198.0
Куртка Columbia Watertight II,2025-03-08,Казань,Columbia,Одежда,51,9590.0,9590.0,0.0,130.0,4.5,625.0,1.0,Крок инкорпорейтед,True,True,5,3,1,22.0,9459.5,16.0,7055.0,18.0,10250.0,26.0,9833.166666666666,20.714285714285715,9389.785714285714,9740.0,162.0
Куртка Columbia Watertight II,2025-03-08,Ростов-на-Дону,Columbia,Одежда,18,6679.0,8349.0,20.0,374.0,5.0,392.0,3.0,Никифорова Лтд,True,True,5,3,1,51.0,9590.0,5.0,10450.0,7.0,11720.0,30.333333333333332,8576.166666666666,22.285714285714285,8669.642857142857,11679.0,168.0
Куртка Columbia Watertight II,2025-03-08,Челябинск,Columbia,Одежда,26,10920.0,10920.0,0.0,347.0,4.7,438.0,2.0,АО «Беляев Белоусов»,True,True,5,3,1,18.0,6679.0,22.0,9459.5,33.0,6815.0,31.666666666666668,9063.0,21.285714285714285,9256.07142857143,8029.0,149.0
Куртка Columbia Watertight II,2025-03-09,Казань,Columbia,Одежда,27,9667.0,9667.0,0.0,197.0,4.699999999999999,541.5,5.0,"НПО «Силина, Субботин и Жукова»",True,False,6,3,1,26.0,10920.0,51.0,9590.0,11.0,10639.0,23.666666666666668,9088.666666666666,23.571428571428573,9117.214285714286,10559.666666666666,150.0
Куртка Columbia Watertight II,2025-03-09,Самара,Columbia,Одежда,20,8810.0,8810.0,0.0,414.0,4.6,430.0,3.0,Соколов Групп,True,False,6,3,1,27.0,9667.0,18.0,6679.0,16.0,7055.0,24.333333333333332,9799.0,24.142857142857142,9367.92857142857,10990.0,142.0
Куртка Columbia Watertight II,2025-03-09,Санкт-Петербург,Columbia,Одежда,39,11440.0,11440.0,0.0,315.0,4.6,358.0,3.0,НПО «Федорова Селиверстова»,True,False,6,3,1,20.0,8810.0,26.0,10920.0,5.0,10450.0,28.666666666666668,9972.333333333334,29.0,9509.357142857143,9419.0,111.0
Куртка Columbia Watertight II,2025-03-10,Екатеринбург,Columbia,Одежда,17,8580.0,8580.0,0.0,78.0,4.7,538.0,3.0,ИП «Лихачев-Исаева»,False,False,0,3,1,39.0,11440.0,27.0,9667.0,22.0,9459.5,25.333333333333332,9610.0,28.285714285714285,9383.714285714286,9160.0,99.0
Куртка Columbia Watertight II,2025-03-10,Челябинск,Columbia,Одежда,15,9740.0,9740.0,0.0,274.0,4.6,690.0,1.0,ЗАО «Уварова Крюкова»,False,False,0,3,1,17.0,8580.0,20.0,8810.0,51.0,9590.0,23.666666666666668,9920.0,23.142857142857142,9405.142857142857,8824.5,134.0
Куртка Columbia Watertight II,2025-03-11,Москва,Columbia,Одежда,24,11679.0,11679.0,0.0,151.0,4.5,690.0,5.0,Национальная медиа группа,False,False,1,3,1,15.0,9740.0,39.0,11440.0,18.0,6679.0,18.666666666666668,9999.666666666666,24.0,10119.42857142857,10702.5,140.0
Куртка Columbia Watertight II,2025-03-11,Нижний Новгород,Columbia,Одежда,7,8029.0,10435.0,23.0,80.0,5.0,369.0,2.0,"РАО «Константинова, Блохин и Громов»",False,False,1,3,1,24.0,11679.0,17.0,8580.0,26.0,10920.0,15.333333333333334,9816.0,21.285714285714285,9706.42857142857,9625.0,173.0
Куртка Columbia Watertight II,2025-03-11,Самара,Columbia,Одежда,28,10559.666666666666,10559.666666666666,0.0,382.3333333333333,4.733333333333333,392.6666666666667,2.6666666666666665,Охрана Росгвардии,False,False,1,3,1,7.0,8029.0,15.0,9740.0,27.0,9667.0,19.666666666666668,10089.22222222222,21.428571428571427,9833.952380952382,7230.0,164.0
Куртка Columbia Watertight II,2025-03-12,Казань,Columbia,Одежда,12,10990.0,10990.0,0.0,141.0,4.8,296.0,3.0,АО «Костина Титов»,False,False,2,3,1,28.0,10559.666666666666,24.0,11679.0,20.0,8810.0,15.666666666666666,9859.555555555555,20.285714285714285,10145.380952380952,9885.0,180.0
Куртка Columbia Watertight II,2025-03-13,Челябинск,Columbia,Одежда,8,9419.0,9419.0,0.0,248.0,4.9,350.0,5.0,ИП «Игнатьева»,False,False,3,3,1,12.0,10990.0,7.0,8029.0,39.0,11440.0,16.0,10322.888888888889,15.857142857142858,9856.666666666668,9269.0,182.0
Куртка Columbia Watertight II,2025-03-14,Нижний Новгород,Columbia,Одежда,5,9160.0,9160.0,0.0,163.0,4.7,484.0,5.0,ООО «Баранова»,False,False,4,3,1,8.0,9419.0,28.0,10559.666666666666,17.0,8580.0,8.333333333333334,9856.333333333334,14.142857142857142,9939.523809523811,11605.0,192.0
Куртка Columbia Watertight II,2025-03-15,Екатеринбург,Columbia,Одежда,50,8824.5,9972.5,10.0,225.5,4.6,563.5,4.0,ЗАО «Никифоров-Горбачева»,True,False,5,3,1,5.0,9160.0,12.0,10990.0,15.0,9740.0,21.0,9134.5,19.142857142857142,9808.738095238095,8825.0,150.0
Куртка Columbia Watertight II,2025-03-15,Казань,Columbia,Одежда,30,10702.5,10702.5,0.0,76.5,4.9,429.0,2.5,РАО «Блохина-Кошелева»,True,False,5,3,1,50.0,8824.5,8.0,9419.0,24.0,11679.0,28.333333333333332,9562.333333333334,20.0,9669.238095238095,8979.0,139.0
Куртка Columbia Watertight II,2025-03-15,Нижний Новгород,Columbia,Одежда,40,9625.0,9625.0,0.0,213.0,4.6,497.0,4.5,"ООО «Тимофеев, Лукин и Лукина»",True,False,5,3,1,30.0,10702.5,5.0,9160.0,7.0,8029.0,40.0,9717.333333333334,24.714285714285715,9897.238095238095,9650.0,105.0
Куртка Columbia Watertight II,2025-03-15,Санкт-Петербург,Columbia,Одежда,19,7230.0,9270.0,22.0,167.0,4.6,400.0,1.0,"ООО «Фадеева, Зимин и Веселова»",True,False,5,3,1,40.0,9625.0,50.0,8824.5,28.0,10559.666666666666,29.666666666666668,9185.833333333334,23.428571428571427,9421.57142857143,7025.0,99.0
Куртка Columbia Watertight II,2025-03-16,Москва,Columbia,Одежда,28,9885.0,9885.0,0.0,98.0,4.5,671.0,7.0,ООО «Соколов»,True,False,6,3,1,19.0,7230.0,30.0,10702.5,12.0,10990.0,29.0,8913.333333333334,25.714285714285715,9263.714285714286,5775.0,85.0
Куртка Columbia Watertight II,2025-03-16,Новосибирск,Columbia,Одежда,10,9269.0,11309.0,18.0,247.0,4.7,283.0,3.0,АО «Афанасьев-Ситников»,True,False,6,3,1,28.0,9885.0,40.0,9625.0,8.0,9419.0,19.0,8794.666666666666,26.0,9242.285714285714,9705.0,100.0
Куртка Columbia Watertight II,2025-03-17,Екатеринбург,Columbia,Одежда,15,11605.0,11605.0,0.0,226.0,4.6,645.0,3.0,Абрамов Инкорпорэйтед,False,False,0,3,1,10.0,9269.0,19.0,7230.0,5.0,9160.0,17.666666666666668,10253.0,27.428571428571427,9591.57142857143,10545.0,103.0
Куртка Columbia Watertight II,2025-03-17,Уфа,Columbia,Одежда,8,8825.0,8825.0,0.0,46.0,4.8,303.0,2.0,ООО «Герасимова-Гришин»,False,False,0,3,1,15.0,11605.0,28.0,9885.0,50.0,8824.5,11.0,9899.666666666666,21.428571428571427,9591.642857142857,10955.0,105.0
Куртка Columbia Watertight II,2025-03-18,Екатеринбург,Columbia,Одежда,19,8979.0,8979.0,0.0,77.0,4.7,397.0,7.0,Силовые машины,False,False,1,3,1,8.0,8825.0,10.0,9269.0,30.0,10702.5,14.0,9803.0,19.857142857142858,9345.42857142857,10250.0,97.0
Куртка Columbia Watertight II,2025-03-18,Нижний Новгород,Columbia,Одежда,6,9650.0,9650.0,0.0,190.0,4.4,273.0,3.0,НПО «Лукин»,False,False,1,3,1,19.0,8979.0,15.0,11605.0,40.0,9625.0,11.0,9151.333333333334,15.0,9349.0,9000.0,105.0
Куртка Columbia Watertight II,2025-03-18,Санкт-Петербург,Columbia,Одежда,13,7025.0,9900.0,29.0,20.0,4.5,383.0,2.0,ОАО «Васильева»,False,False,1,3,1,6.0,9650.0,8.0,8825.0,19.0,7230.0,12.666666666666666,8551.333333333334,14.142857142857142,9319.714285714286,8250.0,100.0
Куртка Columbia Watertight II,2025-03-18,Челябинск,Columbia,Одежда,14,5775.0,10710.0,46.0,181.0,4.9,652.0,1.0,ИП «Ларионов Копылов»,False,False,1,3,1,13.0,7025.0,19.0,8979.0,28.0,9885.0,11.0,7483.333333333333,12.142857142857142,8732.57142857143,11349.0,97.0
Куртка Columbia Watertight II,2025-03-19,Москва,Columbia,Одежда,25,9705.0,9705.0,0.0,258.5,4.85,591.5,2.5,ООО «Шашкова-Яковлев»,False,False,2,3,1,14.0,5775.0,6.0,9650.0,10.0,9269.0,17.333333333333332,7501.666666666667,14.285714285714286,8794.857142857143,11210.0,91.0
Куртка Columbia Watertight II,2025-03-19,Новосибирск,Columbia,Одежда,18,10545.0,10545.0,0.0,339.0,4.7,425.0,2.0,РАО «Гордеев Лыткин»,False,False,2,3,1,25.0,9705.0,13.0,7025.0,15.0,11605.0,19.0,8675.0,14.714285714285714,8643.42857142857,8270.0,90.0
Куртка Columbia Watertight II,2025-03-19,Санкт-Петербург,Columbia,Одежда,10,10955.0,10955.0,0.0,497.0,4.4,307.0,3.0,НПО «Николаев»,False,False,2,3,1,18.0,10545.0,14.0,5775.0,8.0,8825.0,17.666666666666668,10401.666666666666,15.0,8947.714285714286,11110.0,92.0
Куртка Columbia Watertight II,2025-03-19,Уфа,Columbia,Одежда,11,10250.0,10250.0,0.0,54.0,4.8,680.0,1.0,"РАО «Рогова, Матвеев и Ильина»",False,False,2,3,1,10.0,10955.0,25.0,9705.0,19.0,8979.0,13.0,10583.333333333334,13.857142857142858,9129.285714285714,6590.0,88.0
Куртка The North Face Resolve 2,2025-03-01,Москва,The North Face,Одежда,27,11739.0,11739.0,0.0,357.0,4.8,335.0,2.0,НПО «Соловьева Павлова»,True,False,5,3,1,,,,,,,,,,,12609.0,130.0
Куртка The North Face Resolve 2,2025-03-01,Ростов-на-Дону,The North Face,Одежда,12,8000.0,11600.0,31.0,451.0,5.0,384.0,2.0,ОАО «Князев-Никонова»,True,False,5,3,1,27.0,11739.0,,,,,,,,,11540.0,128.0
Куртка The North Face Resolve 2,2025-03-01,Санкт-Петербург,The North Face,Одежда,34,13840.0,13840.0,0.0,245.0,4.8,669.0,3.0,АО «Жданов-Зуев»,True,False,5,3,1,12.0,8000.0,,,,,24.333333333333332,11193.0,,,11754.5,155.0
Куртка The North Face Resolve 2,2025-03-03,Челябинск,The North Face,Одежда,8,12490.0,12490.0,0.0,346.0,4.9,399.0,3.0,ООО «Ермаков»,False,False,0,3,1,34.0,13840.0,27.0,11739.0,,,18.0,11443.333333333334,,,13694.5,163.0
Куртка The North Face Resolve 2,2025-03-04,Нижний Новгород,The North Face,Одежда,28,13007.5,13007.5,0.0,404.5,5.0,481.0,3.0,НПО «Шестакова»,False,False,1,3,1,8.0,12490.0,12.0,8000.0,,,23.333333333333332,13112.5,,,13675.0,227.0
Куртка The North Face Resolve 2,2025-03-04,Новосибирск,The North Face,Одежда,19,14075.0,14075.0,0.0,423.0,4.8,534.0,7.0,Ашинский металлургический завод,False,False,1,3,1,28.0,13007.5,34.0,13840.0,,,18.333333333333332,13190.833333333334,,,12970.0,227.0
Куртка The North Face Resolve 2,2025-03-05,Екатеринбург,The North Face,Одежда,18,14195.0,14195.0,0.0,25.0,4.6,320.0,5.0,"НПО «Овчинникова, Емельянова и Дроздов»",False,False,2,3,1,19.0,14075.0,8.0,12490.0,,,21.666666666666668,13759.166666666666,20.857142857142858,12478.07142857143,6830.0,217.0
Куртка The North Face Resolve 2,2025-03-05,Санкт-Петербург,The North Face,Одежда,11,12609.0,12609.0,0.0,425.0,4.6,377.0,3.0,Р-Фарм,False,False,2,3,1,18.0,14195.0,28.0,13007.5,27.0,11739.0,16.0,13626.333333333334,18.571428571428573,12602.357142857143,13440.0,216.0
Куртка The North Face Resolve 2,2025-03-06,Уфа,The North Face,Одежда,10,11540.0,11540.0,0.0,119.0,4.8,616.0,3.0,ЗАО «Никитина Рябов»,False,False,3,3,1,11.0,12609.0,19.0,14075.0,12.0,8000.0,13.0,12781.333333333334,18.285714285714285,13108.07142857143,11815.0,221.0
Куртка The North Face Resolve 2,2025-03-07,Москва,The North Face,Одежда,61,11754.5,11754.5,0.0,331.0,4.9,312.5,3.0,РАО «Лобанов»,False,False,4,3,1,10.0,11540.0,18.0,14195.0,34.0,13840.0,27.333333333333332,11967.833333333334,22.142857142857142,12810.142857142857,13022.0,179.0
Куртка The North Face Resolve 2,2025-03-07,Челябинск,The North Face,Одежда,16,13694.5,13694.5,0.0,157.5,4.9,677.5,4.0,Моисеев Лимитед,False,False,4,3,1,61.0,11754.5,11.0,12609.0,8.0,12490.0,29.0,12329.666666666666,23.285714285714285,12982.214285714286,11049.0,178.0
Куртка The North Face Resolve 2,2025-03-08,Москва,The North Face,Одежда,92,13675.0,13675.0,0.0,98.0,5.0,263.0,2.0,ИКЕА Торг (INGKA),True,True,5,3,1,16.0,13694.5,10.0,11540.0,28.0,13007.5,56.333333333333336,13041.333333333334,32.42857142857143,13077.57142857143,10719.5,104.0
Куртка The North Face Resolve 2,2025-03-09,Новосибирск,The North Face,Одежда,19,12970.0,12970.0,0.0,108.0,4.8,326.0,7.0,ИП «Кузьмин»,True,False,6,3,1,92.0,13675.0,61.0,11754.5,19.0,14075.0,42.333333333333336,13446.5,32.42857142857143,12919.714285714286,13539.0,106.0
Куртка The North Face Resolve 2,2025-03-10,Ростов-на-Дону,The North Face,Одежда,8,6830.0,11990.0,43.0,492.0,4.5,571.0,5.0,ЗАО «Савельев-Волков»,False,False,0,3,1,19.0,12970.0,16.0,13694.5,18.0,14195.0,39.666666666666664,11158.333333333334,31.0,11867.57142857143,13800.0,127.0
Куртка The North Face Resolve 2,2025-03-10,Уфа,The North Face,Одежда,10,13440.0,13440.0,0.0,153.0,5.0,287.0,2.0,РАО «Никитина Романов»,False,False,0,3,1,8.0,6830.0,92.0,13675.0,11.0,12609.0,12.333333333333334,11080.0,30.857142857142858,11986.285714285714,11010.0,122.0
Куртка The North Face Resolve 2,2025-03-10,Челябинск,The North Face,Одежда,15,11815.0,11815.0,0.0,69.0,5.0,569.0,2.0,Блинова Лимитед,False,False,0,3,1,10.0,13440.0,19.0,12970.0,10.0,11540.0,11.0,10695.0,31.571428571428573,12025.57142857143,11060.0,121.0
Куртка The North Face Resolve 2,2025-03-11,Казань,The North Face,Одежда,19,13022.0,13022.0,0.0,187.5,4.75,346.0,1.5,"НПО «Игнатов, Николаева и Соболев»",False,False,1,3,1,15.0,11815.0,8.0,6830.0,61.0,11754.5,14.666666666666666,12759.0,25.571428571428573,12206.642857142857,14760.0,118.0
Куртка The North Face Resolve 2,2025-03-12,Нижний Новгород,The North Face,Одежда,15,11049.0,11049.0,0.0,311.0,4.9,580.0,3.0,НПО «Шубина Носова»,False,False,2,3,1,19.0,13022.0,10.0,13440.0,16.0,13694.5,16.333333333333332,11962.0,25.428571428571427,11828.714285714286,12065.0,122.0
Куртка The North Face Resolve 2,2025-03-12,Уфа,The North Face,Одежда,18,10719.5,12179.5,12.5,333.0,4.699999999999999,334.0,2.5,Орлов Лимитед,False,False,2,3,1,15.0,11049.0,15.0,11815.0,92.0,13675.0,17.333333333333332,11596.833333333334,14.857142857142858,11406.5,13460.0,117.0
Куртка The North Face Resolve 2,2025-03-13,Екатеринбург,The North Face,Одежда,21,13539.0,13539.0,0.0,415.0,4.7,561.0,2.0,ЗАО «Ситникова»,False,False,3,3,1,18.0,10719.5,19.0,13022.0,19.0,12970.0,18.0,11769.166666666666,15.142857142857142,11487.785714285714,11160.0,108.0
Куртка The North Face Resolve 2,2025-03-13,Москва,The North Face,Одежда,29,13800.0,13800.0,0.0,336.0,4.5,290.0,3.0,Бобылева Лимитед,False,False,3,3,1,21.0,13539.0,15.0,11049.0,8.0,6830.0,22.666666666666668,12686.166666666666,18.142857142857142,12483.5,13775.0,84.0
Куртка The North Face Resolve 2,2025-03-13,Самара,The North Face,Одежда,5,11010.0,11010.0,0.0,404.0,5.0,318.0,3.0,Савина Лтд,False,False,3,3,1,29.0,13800.0,18.0,10719.5,10.0,13440.0,18.333333333333332,12783.0,17.428571428571427,12136.357142857143,13164.5,96.0
Куртка The North Face Resolve 2,2025-03-14,Казань,The North Face,Одежда,14,11060.0,13029.0,15.0,29.0,4.9,428.0,5.0,Алексеева Лимитед,False,False,4,3,1,5.0,11010.0,21.0,13539.0,15.0,11815.0,16.0,11956.666666666666,17.285714285714285,12028.5,13290.0,117.0
Куртка The North Face Resolve 2,2025-03-14,Новосибирск,The North Face,Одежда,16,14760.0,14760.0,0.0,342.0,5.0,482.0,2.0,АО «Туров»,False,False,4,3,1,14.0,11060.0,29.0,13800.0,19.0,13022.0,11.666666666666666,12276.666666666666,16.857142857142858,12276.785714285714,12610.0,121.0
Куртка The North Face Resolve 2,2025-03-15,Нижний Новгород,The North Face,Одежда,19,12065.0,12065.0,0.0,406.0,5.0,279.0,2.0,Концерн Автоматика,True,False,5,3,1,16.0,14760.0,5.0,11010.0,15.0,11049.0,16.333333333333332,12628.333333333334,17.428571428571427,12421.92857142857,12845.0,119.0
Куртка The North Face Resolve 2,2025-03-17,Екатеринбург,The North Face,Одежда,13,13460.0,13460.0,0.0,227.0,5.0,686.0,3.0,"НПО «Гуляев, Медведев и Красильников»",False,False,0,3,1,19.0,12065.0,14.0,11060.0,18.0,10719.5,16.0,13428.333333333334,16.714285714285715,12813.42857142857,13087.0,125.0
Куртка The North Face Resolve 2,2025-03-17,Ростов-на-Дону,The North Face,Одежда,12,11160.0,11160.0,0.0,494.0,5.0,445.0,3.0,ООО «Воронцов Горбачева»,False,False,0,3,1,13.0,13460.0,16.0,14760.0,21.0,13539.0,14.666666666666666,12228.333333333334,15.428571428571429,12473.57142857143,13714.5,149.0
Куртка The North Face Resolve 2,2025-03-17,Челябинск,The North Face,Одежда,5,13775.0,13775.0,0.0,454.0,5.0,503.0,3.0,Детский мир,False,False,0,3,1,12.0,11160.0,19.0,12065.0,29.0,13800.0,10.0,12798.333333333334,12.0,12470.0,14189.0,152.0
Куртка The North Face Resolve 2,2025-03-18,Казань,The North Face,Одежда,17,13164.5,13164.5,0.0,438.0,4.5,321.5,3.5,ООО «Киселева»,False,False,1,3,1,5.0,13775.0,13.0,13460.0,5.0,11010.0,11.333333333333334,12699.833333333334,13.714285714285714,12777.785714285714,13799.0,145.0
Куртка The North Face Resolve 2,2025-03-18,Москва,The North Face,Одежда,35,13290.0,13290.0,0.0,464.0,5.0,644.0,5.0,"ЗАО «Селиверстова, Тетерин и Герасимова»",False,False,1,3,1,17.0,13164.5,12.0,11160.0,14.0,11060.0,19.0,13409.833333333334,16.714285714285715,13096.357142857143,6385.0,138.0
Куртка The North Face Resolve 2,2025-03-18,Новосибирск,The North Face,Одежда,20,12610.0,12610.0,0.0,32.0,5.0,309.0,7.0,ООО «Жданов-Дорофеев»,False,False,1,3,1,35.0,13290.0,5.0,13775.0,16.0,14760.0,24.0,13021.5,17.285714285714285,12789.214285714286,14770.0,123.0
Куртка The North Face Resolve 2,2025-03-19,Москва,The North Face,Одежда,17,12845.0,13665.0,6.0,141.0,4.5,498.0,2.0,ООО «Фокина»,False,False,2,3,1,20.0,12610.0,17.0,13164.5,19.0,12065.0,24.0,12915.0,17.0,12900.642857142857,14750.0,124.0
Куртка The North Face Resolve 2,2025-03-19,Ростов-на-Дону,The North Face,Одежда,19,13087.0,13087.0,0.0,371.0,4.9,415.0,3.0,ИП «Филатов-Калашников»,False,False,2,3,1,17.0,12845.0,35.0,13290.0,13.0,13460.0,18.666666666666668,12847.333333333334,17.857142857142858,12847.357142857143,11680.0,119.0
Микроволновка LG NeoChef MH6336,2025-03-01,Нижний Новгород,LG,Бытовая техника,19,14390.0,14390.0,0.0,185.0,4.4,457.0,5.0,"ООО «Шилов, Алексеева и Колесников»",True,False,5,3,1,,,,,,,,,,,11389.0,110.0
Микроволновка LG NeoChef MH6336,2025-03-01,Ростов-на-Дону,LG,Бытовая техника,19,11920.0,11920.0,0.0,110.0,4.1,241.0,7.0,НПО «Белоусов-Семенова»,True,False,5,3,1,19.0,14390.0,,,,,,,,,13885.0,105.0
Микроволновка LG NeoChef MH6336,2025-03-01,Уфа,LG,Бытовая техника,16,5790.0,11575.0,50.0,397.0,4.4,328.0,7.0,Гусева Лимитед,True,False,5,3,1,19.0,11920.0,,,,,18.0,10700.0,,,12072.0,131.0
Микроволновка LG NeoChef MH6336,2025-03-02,Ростов-на-Дону,LG,Бытовая техника,18,11060.0,11060.0,0.0,490.0,4.7,446.0,3.0,НПО «Ефремова-Веселов»,True,False,6,3,1,16.0,5790.0,19.0,14390.0,,,17.666666666666668,9590.0,,,13540.0,122.0
Микроволновка LG NeoChef MH6336,2025-03-02,Санкт-Петербург,LG,Бытовая техника,29,14725.0,14725.0,0.0,255.0,4.5,329.0,5.0,"ОАО «Костин, Савин и Королев»",True,False,6,3,1,18.0,11060.0,19.0,11920.0,,,21.0,10525.0,,,11770.0,100.0
Микроволновка LG NeoChef MH6336,2025-03-03,Екатеринбург,LG,Бытовая техника,12,8409.0,15010.0,44.0,365.0,4.6,615.0,1.0,НЗНП,False,False,0,3,1,29.0,14725.0,16.0,5790.0,,,19.666666666666668,11398.0,,,8380.0,103.0
Микроволновка LG NeoChef MH6336,2025-03-03,Казань,LG,Бытовая техника,12,13440.0,13440.0,0.0,465.0,4.2,647.0,5.0,Русэнергоресурс,False,False,0,3,1,12.0,8409.0,18.0,11060.0,,,17.666666666666668,12191.333333333334,17.857142857142858,11390.57142857143,14549.0,109.0
Микроволновка LG NeoChef MH6336,2025-03-03,Ростов-на-Дону,LG,Бытовая техника,4,11389.0,14059.0,19.0,62.0,4.5,261.0,5.0,АО «Вишняков»,False,False,0,3,1,12.0,13440.0,29.0,14725.0,19.0,14390.0,9.333333333333334,11079.333333333334,15.714285714285714,10961.857142857143,10089.0,118.0
Микроволновка LG NeoChef MH6336,2025-03-03,Самара,LG,Бытовая техника,14,13885.0,13885.0,0.0,489.0,4.6,345.0,2.0,РАО «Горшкова-Комиссарова»,False,False,0,3,1,4.0,11389.0,12.0,8409.0,19.0,11920.0,10.0,12904.666666666666,15.0,11242.57142857143,13485.0,120.0
Микроволновка LG NeoChef MH6336,2025-03-04,Москва,LG,Бытовая техника,42,12072.0,13217.5,8.0,268.0,4.5,498.5,4.0,ООО «Тарасов-Ширяев»,False,False,1,3,1,14.0,13885.0,12.0,13440.0,16.0,5790.0,20.0,12448.666666666666,18.714285714285715,12140.0,11850.0,83.0
Микроволновка LG NeoChef MH6336,2025-03-04,Нижний Новгород,LG,Бытовая техника,9,13540.0,13540.0,0.0,328.0,4.3,304.0,3.0,АО «Якушева Галкин»,False,False,1,3,1,42.0,12072.0,4.0,11389.0,18.0,11060.0,21.666666666666668,13165.666666666666,17.428571428571427,12494.285714285714,11970.0,99.0
Микроволновка LG NeoChef MH6336,2025-03-04,Ростов-на-Дону,LG,Бытовая техника,7,11770.0,13370.0,12.0,232.0,4.7,576.0,3.0,"РАО «Никифоров, Лобанов и Журавлева»",False,False,1,3,1,9.0,13540.0,14.0,13885.0,29.0,14725.0,19.333333333333332,12460.666666666666,14.285714285714286,12072.142857142857,11643.333333333334,125.0
Микроволновка LG NeoChef MH6336,2025-03-05,Казань,LG,Бытовая техника,15,8380.0,13110.0,36.0,344.0,4.6,319.0,2.0,ИП «Горшков-Шашкова»,False,False,2,3,1,7.0,11770.0,42.0,12072.0,12.0,8409.0,10.333333333333334,11230.0,14.714285714285714,12068.0,12280.0,133.0
Микроволновка LG NeoChef MH6336,2025-03-05,Москва,LG,Бытовая техника,18,14549.0,14549.0,0.0,28.0,4.7,577.0,1.0,ИП «Евсеева-Цветков»,False,False,2,3,1,15.0,8380.0,9.0,13540.0,12.0,13440.0,13.333333333333334,11566.333333333334,15.571428571428571,12226.42857142857,11979.0,121.0
Микроволновка LG NeoChef MH6336,2025-03-05,Санкт-Петербург,LG,Бытовая техника,13,10089.0,14840.0,32.0,43.0,4.4,464.0,1.0,ФСК Лидер,False,False,2,3,1,18.0,14549.0,7.0,11770.0,4.0,11389.0,15.333333333333334,11006.0,16.857142857142858,12040.714285714286,12525.0,145.0
Микроволновка LG NeoChef MH6336,2025-03-06,Новосибирск,LG,Бытовая техника,16,13485.0,13485.0,0.0,444.0,4.6,285.0,1.0,Васильев Групп,False,False,3,3,1,13.0,10089.0,15.0,8380.0,14.0,13885.0,15.666666666666666,12707.666666666666,17.142857142857142,11983.57142857143,11000.0,155.0
Микроволновка LG NeoChef MH6336,2025-03-06,Самара,LG,Бытовая техника,5,11850.0,11850.0,0.0,396.0,4.2,265.0,3.0,Беркс,False,False,3,3,1,16.0,13485.0,18.0,14549.0,42.0,12072.0,11.333333333333334,11808.0,11.857142857142858,11951.857142857143,15195.0,174.0
Микроволновка LG NeoChef MH6336,2025-03-06,Санкт-Петербург,LG,Бытовая техника,25,11970.0,11970.0,0.0,398.0,4.4,330.0,2.0,Эйч Энд Эм (H&M),False,False,3,3,1,5.0,11850.0,13.0,10089.0,9.0,13540.0,15.333333333333334,12435.0,14.142857142857142,11727.57142857143,12639.0,166.0
Микроволновка LG NeoChef MH6336,2025-03-07,Казань,LG,Бытовая техника,33,11643.333333333334,12786.666666666666,9.0,160.66666666666666,4.466666666666666,447.0,3.6666666666666665,НПО «Кабанов-Константинов»,False,False,4,3,1,25.0,11970.0,16.0,13485.0,7.0,11770.0,21.0,11821.111111111111,17.857142857142858,11709.476190476189,15299.0,156.0
Микроволновка LG NeoChef MH6336,2025-03-07,Санкт-Петербург,LG,Бытовая техника,23,12280.0,13947.0,12.0,52.5,4.300000000000001,423.0,3.0,Кузбасская топливная компания,False,False,4,3,1,33.0,11643.333333333334,5.0,11850.0,15.0,8380.0,27.0,11964.444444444445,19.0,12266.619047619048,14465.0,156.0
Микроволновка LG NeoChef MH6336,2025-03-07,Уфа,LG,Бытовая техника,6,11979.0,11979.0,0.0,367.0,4.6,553.0,2.0,АО «Николаева»,False,False,4,3,1,23.0,12280.0,25.0,11970.0,18.0,14549.0,20.666666666666668,11967.444444444445,17.285714285714285,11899.476190476189,11445.0,164.0
Микроволновка LG NeoChef MH6336,2025-03-08,Нижний Новгород,LG,Бытовая техника,37,12525.0,12525.0,0.0,474.0,4.2,318.0,2.0,РАО «Зуева Николаев»,True,True,5,3,1,6.0,11979.0,33.0,11643.333333333334,13.0,10089.0,22.0,12261.333333333334,20.714285714285715,12247.476190476189,9970.0,133.0
Микроволновка LG NeoChef MH6336,2025-03-08,Новосибирск,LG,Бытовая техника,26,11000.0,11000.0,0.0,454.0,4.4,285.0,1.0,Одинцов Инкорпорэйтед,True,True,5,3,1,37.0,12525.0,23.0,12280.0,16.0,13485.0,23.0,11834.666666666666,22.142857142857142,11892.476190476189,12010.0,123.0
Микроволновка LG NeoChef MH6336,2025-03-08,Ростов-на-Дону,LG,Бытовая техника,24,15195.0,15195.0,0.0,216.0,4.4,367.0,2.0,Сибуглемет,True,True,5,3,1,26.0,11000.0,6.0,11979.0,5.0,11850.0,29.0,12906.666666666666,24.857142857142858,12370.333333333332,11310.0,113.0
Микроволновка LG NeoChef MH6336,2025-03-08,Самара,LG,Бытовая техника,17,12639.0,12639.0,0.0,481.0,4.3,440.0,2.0,ОАО «Константинова-Харитонов»,True,True,5,3,1,24.0,15195.0,37.0,12525.0,25.0,11970.0,22.333333333333332,12944.666666666666,23.714285714285715,12465.904761904761,15180.0,102.0
Микроволновка LG NeoChef MH6336,2025-03-08,Уфа,LG,Бытовая техника,23,15299.0,15299.0,0.0,44.0,4.2,599.0,5.0,171 Меридиан,True,True,5,3,1,17.0,12639.0,26.0,11000.0,33.0,11643.333333333334,21.333333333333332,14377.666666666666,22.285714285714285,12988.142857142857,14880.0,93.0
Микроволновка LG NeoChef MH6336,2025-03-09,Нижний Новгород,LG,Бытовая техника,23,14465.0,14465.0,0.0,440.0,4.3,485.0,3.0,ЗАО «Сорокин»,True,False,6,3,1,23.0,15299.0,24.0,15195.0,23.0,12280.0,21.0,14134.333333333334,22.285714285714285,13300.285714285714,14170.0,75.0
Микроволновка LG NeoChef MH6336,2025-03-09,Самара,LG,Бытовая техника,14,11445.0,11445.0,0.0,216.0,4.4,477.0,3.0,Центр финансовых технологий,True,False,6,3,1,23.0,14465.0,17.0,12639.0,6.0,11979.0,20.0,13736.333333333334,23.428571428571427,13224.0,14030.0,89.0
Микроволновка LG NeoChef MH6336,2025-03-10,Новосибирск,LG,Бытовая техника,6,9970.0,14450.0,31.0,262.0,4.5,547.0,7.0,ИП «Шубина Савельев»,False,False,0,3,1,14.0,11445.0,23.0,15299.0,37.0,12525.0,14.333333333333334,11960.0,19.0,12859.0,11700.0,110.0
Микроволновка LG NeoChef MH6336,2025-03-10,Санкт-Петербург,LG,Бытовая техника,16,12010.0,12010.0,0.0,398.0,4.6,223.0,7.0,НПО «Комарова»,False,False,0,3,1,6.0,9970.0,23.0,14465.0,26.0,11000.0,12.0,11141.666666666666,17.571428571428573,13003.285714285714,14789.0,121.0
Микроволновка LG NeoChef MH6336,2025-03-11,Казань,LG,Бытовая техника,14,11310.0,11310.0,0.0,240.0,4.6,310.0,1.0,РАО «Федосеева Гусев»,False,False,1,3,1,16.0,12010.0,14.0,11445.0,24.0,15195.0,12.0,11096.666666666666,16.142857142857142,12448.285714285714,6960.0,118.0
Микроволновка LG NeoChef MH6336,2025-03-12,Казань,LG,Бытовая техника,6,15180.0,15180.0,0.0,175.0,4.4,372.0,2.0,Нижфарм (Nidda Midco),False,False,2,3,1,14.0,11310.0,6.0,9970.0,17.0,12639.0,12.0,12833.333333333334,14.571428571428571,12811.285714285714,14259.0,136.0
Микроволновка LG NeoChef MH6336,2025-03-12,Нижний Новгород,LG,Бытовая техника,14,14880.0,14880.0,0.0,473.0,4.6,238.0,7.0,"ООО «Колобова, Молчанов и Павлов»",False,False,2,3,1,6.0,15180.0,16.0,12010.0,23.0,15299.0,11.333333333333334,13790.0,13.285714285714286,12751.42857142857,13579.0,132.0
Микроволновка LG NeoChef MH6336,2025-03-13,Самара,LG,Бытовая техника,5,14170.0,14170.0,0.0,367.0,4.5,649.0,2.0,КДВ Групп,False,False,3,3,1,14.0,14880.0,14.0,11310.0,23.0,14465.0,8.333333333333334,14743.333333333334,10.714285714285714,12709.285714285714,13480.0,132.0
Микроволновка LG NeoChef MH6336,2025-03-14,Москва,LG,Бытовая техника,28,14030.0,14030.0,0.0,31.0,4.4,268.0,2.0,"НПО «Русакова, Стрелков и Гаврилов»",False,False,4,3,1,5.0,14170.0,6.0,15180.0,14.0,11445.0,15.666666666666666,14360.0,12.714285714285714,13078.57142857143,13969.5,120.0
Микроволновка LG NeoChef MH6336,2025-03-15,Екатеринбург,LG,Бытовая техника,27,11700.0,11700.0,0.0,504.0,4.3,295.0,1.0,АО «Миронова»,True,False,5,3,1,28.0,14030.0,14.0,14880.0,6.0,9970.0,20.0,13300.0,15.714285714285714,13325.714285714286,7679.0,98.0
Микроволновка LG NeoChef MH6336,2025-03-15,Новосибирск,LG,Бытовая техника,27,14789.0,14789.0,0.0,195.0,4.4,378.0,7.0,"ЗАО «Тетерин, Уваров и Пахомов»",True,False,5,3,1,27.0,11700.0,5.0,14170.0,16.0,12010.0,27.333333333333332,13506.333333333334,17.285714285714285,13722.714285714286,14929.0,77.0
Микроволновка LG NeoChef MH6336,2025-03-15,Челябинск,LG,Бытовая техника,11,6960.0,13659.0,49.0,347.0,4.4,484.0,3.0,ОАО «Русаков»,True,False,5,3,1,27.0,14789.0,28.0,14030.0,14.0,11310.0,21.666666666666668,11149.666666666666,16.857142857142858,13101.285714285714,10455.0,92.0
Микроволновка LG NeoChef MH6336,2025-03-17,Москва,LG,Бытовая техника,24,14259.0,14259.0,0.0,358.0,4.2,543.0,2.0,Емельянова Инкорпорэйтед,False,False,0,3,1,11.0,6960.0,27.0,11700.0,6.0,15180.0,20.666666666666668,12002.666666666666,19.428571428571427,12969.714285714286,7715.0,77.0
Микроволновка LG NeoChef MH6336,2025-03-17,Санкт-Петербург,LG,Бытовая техника,10,13579.0,13579.0,0.0,325.0,4.6,232.0,1.0,Дементьев и партнеры,False,False,0,3,1,24.0,14259.0,27.0,14789.0,14.0,14880.0,15.0,11599.333333333334,18.857142857142858,12783.857142857143,12705.0,78.0
Микроволновка LG NeoChef MH6336,2025-03-17,Челябинск,LG,Бытовая техника,5,13480.0,13480.0,0.0,329.0,4.6,254.0,3.0,ОАО «Кудряшова»,False,False,0,3,1,10.0,13579.0,11.0,6960.0,5.0,14170.0,13.0,13772.666666666666,18.857142857142858,12685.285714285714,9680.0,90.0
Микроволновка LG NeoChef MH6336,2025-03-18,Казань,LG,Бытовая техника,16,13969.5,13969.5,0.0,206.0,4.35,348.0,3.5,Михеев Инк,False,False,1,3,1,5.0,13480.0,24.0,14259.0,28.0,14030.0,10.333333333333334,13676.166666666666,17.142857142857142,12676.642857142857,12155.0,91.0
Микроволновка LG NeoChef MH6336,2025-03-19,Казань,LG,Бытовая техника,5,7679.0,10665.0,28.0,387.0,4.4,581.0,2.0,ЗАО «Денисова Беспалов»,False,False,2,3,1,16.0,13969.5,10.0,13579.0,27.0,11700.0,8.666666666666666,11709.5,14.0,12102.214285714286,15190.0,98.0
Микроволновка LG NeoChef MH6336,2025-03-19,Ростов-на-Дону,LG,Бытовая техника,6,14929.0,14929.0,0.0,116.0,4.3,265.0,3.0,Совкомфлот,False,False,2,3,1,5.0,7679.0,5.0,13480.0,27.0,14789.0,9.0,12192.5,11.0,12122.214285714286,10620.0,103.0
Микроволновка LG NeoChef MH6336,2025-03-19,Самара,LG,Бытовая техника,26,10455.0,12275.0,14.0,270.0,4.300000000000001,564.0,1.5,ЗАО «Шарапова Сысоев»,False,False,2,3,1,6.0,14929.0,16.0,13969.5,11.0,6960.0,12.333333333333334,11021.0,13.142857142857142,12621.5,10790.0,111.0
Микроволновка Panasonic NN-GT261,2025-03-01,Челябинск,Panasonic,Бытовая техника,10,10480.0,10480.0,0.0,305.0,4.1,562.0,2.0,НПФ Газфонд пенсионные накопления,True,False,5,3,1,,,,,,,,,,,8309.0,123.0
Микроволновка Panasonic NN-GT261,2025-03-02,Новосибирск,Panasonic,Бытовая техника,27,6840.0,9515.0,28.0,105.0,4.1,568.0,5.0,Власов Лтд,True,False,6,3,1,10.0,10480.0,,,,,,,,,11385.0,116.0
Микроволновка Panasonic NN-GT261,2025-03-02,Ростов-на-Дону,Panasonic,Бытовая техника,18,11720.0,11720.0,0.0,402.0,4.1,558.0,7.0,Фортум (Fortum),True,False,6,3,1,27.0,6840.0,,,,,18.333333333333332,9680.0,,,8399.0,114.0
Микроволновка Panasonic NN-GT261,2025-03-02,Уфа,Panasonic,Бытовая техника,16,4629.0,8580.0,46.0,442.0,4.5,428.0,3.0,ООО «Ильин Тихонова»,True,False,6,3,1,18.0,11720.0,10.0,10480.0,,,20.333333333333332,7729.666666666667,,,5770.0,119.0
Микроволновка Panasonic NN-GT261,2025-03-04,Казань,Panasonic,Бытовая техника,28,10105.0,10105.0,0.0,261.0,4.300000000000001,337.0,2.0,ИП «Быкова Тарасова»,False,False,1,3,1,16.0,4629.0,27.0,6840.0,,,20.666666666666668,8818.0,,,8544.5,109.0
Микроволновка Panasonic NN-GT261,2025-03-04,Челябинск,Panasonic,Бытовая техника,13,6319.0,11709.0,46.0,193.0,4.2,592.0,1.0,Глория Джинс,False,False,1,3,1,28.0,10105.0,18.0,11720.0,,,19.0,7017.666666666667,,,8919.0,108.0
Микроволновка Panasonic NN-GT261,2025-03-05,Екатеринбург,Panasonic,Бытовая техника,10,6615.0,10025.0,34.0,274.0,4.3,558.0,3.0,НПО «Тимофеева-Елисеев»,False,False,2,3,1,13.0,6319.0,16.0,4629.0,,,17.0,7679.666666666667,17.428571428571427,8101.142857142857,11910.0,112.0
Микроволновка Panasonic NN-GT261,2025-03-05,Новосибирск,Panasonic,Бытовая техника,11,8309.0,8309.0,0.0,211.0,4.3,427.0,2.0,"ОАО «Капустин, Суворова и Евдокимов»",False,False,2,3,1,10.0,6615.0,28.0,10105.0,10.0,10480.0,11.333333333333334,7081.0,17.571428571428573,7791.0,9198.0,183.0
Микроволновка Panasonic NN-GT261,2025-03-05,Санкт-Петербург,Panasonic,Бытовая техника,20,11385.0,11385.0,0.0,149.0,4.4,433.0,1.0,АО «Медведева-Русаков»,False,False,2,3,1,11.0,8309.0,13.0,6319.0,27.0,6840.0,13.666666666666666,8769.666666666666,16.571428571428573,8440.285714285714,9152.0,220.0
Микроволновка Panasonic NN-GT261,2025-03-06,Екатеринбург,Panasonic,Бытовая техника,16,8399.0,8399.0,0.0,460.0,4.6,465.0,3.0,ИКЕА Торг (INGKA),False,False,3,3,1,20.0,11385.0,10.0,6615.0,18.0,11720.0,15.666666666666666,9364.333333333334,16.285714285714285,7965.857142857143,7365.0,217.0
Микроволновка Panasonic NN-GT261,2025-03-06,Москва,Panasonic,Бытовая техника,21,5770.0,9940.0,42.0,364.0,4.1,227.0,2.0,Тихонов Инкорпорэйтед,False,False,3,3,1,16.0,8399.0,11.0,8309.0,16.0,4629.0,19.0,8518.0,17.0,8128.857142857143,9240.0,211.0
Микроволновка Panasonic NN-GT261,2025-03-06,Ростов-на-Дону,Panasonic,Бытовая техника,18,8544.5,9857.5,11.5,85.0,4.300000000000001,406.0,2.0,Inventive Retail Group,False,False,3,3,1,21.0,5770.0,20.0,11385.0,28.0,10105.0,18.333333333333332,7571.166666666667,15.571428571428571,7905.928571428572,9970.0,214.0
Микроволновка Panasonic NN-GT261,2025-03-07,Санкт-Петербург,Panasonic,Бытовая техника,12,8919.0,8919.0,0.0,189.0,4.4,401.0,2.0,"ООО «Воронцова, Дроздов и Алексеев»",False,False,4,3,1,18.0,8544.5,16.0,8399.0,13.0,6319.0,17.0,7744.5,15.428571428571429,8277.357142857143,8219.0,208.0
Микроволновка Panasonic NN-GT261,2025-03-08,Ростов-на-Дону,Panasonic,Бытовая техника,14,11910.0,11910.0,0.0,76.0,4.2,576.0,2.0,ИП «Савин Пономарева»,True,True,5,3,1,12.0,8919.0,21.0,5770.0,10.0,6615.0,14.666666666666666,9791.166666666666,16.0,9033.785714285714,11679.0,205.0
Микроволновка Panasonic NN-GT261,2025-03-08,Самара,Panasonic,Бытовая техника,82,9198.0,9351.666666666666,1.6666666666666667,384.6666666666667,4.1,489.6666666666667,2.3333333333333335,Шашков Лимитед,True,True,5,3,1,14.0,11910.0,18.0,8544.5,11.0,8309.0,36.0,10009.0,26.142857142857142,9160.785714285714,11629.0,130.0
Микроволновка Panasonic NN-GT261,2025-03-08,Челябинск,Panasonic,Бытовая техника,57,9152.0,9770.0,7.5,187.5,4.4,393.5,3.0,ИП «Зуева»,True,True,5,3,1,82.0,9198.0,12.0,8919.0,20.0,11385.0,51.0,10086.666666666666,31.428571428571427,8841.785714285714,7419.0,84.0
Микроволновка Panasonic NN-GT261,2025-03-09,Казань,Panasonic,Бытовая техника,13,7365.0,10099.0,27.0,82.0,4.4,583.0,5.0,РАО «Кузнецов Шубина»,True,False,6,3,1,57.0,9152.0,14.0,11910.0,16.0,8399.0,50.666666666666664,8571.666666666666,31.0,8694.07142857143,9355.0,82.0
Микроволновка Panasonic NN-GT261,2025-03-09,Самара,Panasonic,Бытовая техника,15,9240.0,9240.0,0.0,453.0,4.2,346.0,3.0,ЗАО «Орлов-Комаров»,True,False,6,3,1,13.0,7365.0,82.0,9198.0,21.0,5770.0,28.333333333333332,8585.666666666666,30.142857142857142,9189.785714285714,5540.0,80.0
Микроволновка Panasonic NN-GT261,2025-03-10,Нижний Новгород,Panasonic,Бытовая техника,21,9970.0,9970.0,0.0,241.0,4.25,572.5,3.5,Джонсон & Джонсон (Johnson & Johnson),False,False,0,3,1,15.0,9240.0,57.0,9152.0,18.0,8544.5,16.333333333333332,8858.333333333334,30.571428571428573,9393.42857142857,9099.0,73.0
Микроволновка Panasonic NN-GT261,2025-03-11,Екатеринбург,Panasonic,Бытовая техника,6,8219.0,8219.0,0.0,409.0,4.4,336.0,2.0,АО «Ковалев»,False,False,1,3,1,21.0,9970.0,13.0,7365.0,12.0,8919.0,14.0,9143.0,29.714285714285715,9293.42857142857,11730.0,78.0
Микроволновка Panasonic NN-GT261,2025-03-11,Казань,Panasonic,Бытовая техника,11,11679.0,11679.0,0.0,325.0,4.4,630.0,2.0,"ИП «Назаров, Елисеева и Самсонова»",False,False,1,3,1,6.0,8219.0,15.0,9240.0,14.0,11910.0,12.666666666666666,9956.0,29.285714285714285,9260.42857142857,6730.0,83.0
Микроволновка Panasonic NN-GT261,2025-03-11,Нижний Новгород,Panasonic,Бытовая техника,7,11629.0,11629.0,0.0,249.0,4.0,370.0,3.0,ИП «Алексеева-Макарова»,False,False,1,3,1,11.0,11679.0,21.0,9970.0,82.0,9198.0,8.0,10509.0,18.571428571428573,9607.714285714286,7320.0,88.0
Микроволновка Panasonic NN-GT261,2025-03-11,Самара,Panasonic,Бытовая техника,11,7419.0,8249.0,10.0,288.0,4.1,467.0,3.0,РАО «Рябова-Шарапова»,False,False,1,3,1,7.0,11629.0,6.0,8219.0,57.0,9152.0,9.666666666666666,10242.333333333334,12.0,9360.142857142857,9590.0,85.0
Микроволновка Panasonic NN-GT261,2025-03-12,Екатеринбург,Panasonic,Бытовая техника,11,9355.0,9355.0,0.0,29.0,4.5,252.0,2.0,"ООО «Кузьмин, Архипов и Журавлева»",False,False,2,3,1,11.0,7419.0,11.0,11679.0,13.0,7365.0,9.666666666666666,9467.666666666666,11.714285714285714,9644.42857142857,8679.0,81.0
Микроволновка Panasonic NN-GT261,2025-03-12,Самара,Panasonic,Бытовая техника,13,5540.0,8050.0,31.0,409.0,4.1,459.0,2.0,ООО «Лукина Щукина»,False,False,2,3,1,11.0,9355.0,7.0,11629.0,15.0,9240.0,11.666666666666666,7438.0,11.428571428571429,9115.857142857143,9620.0,77.0
Микроволновка Panasonic NN-GT261,2025-03-12,Санкт-Петербург,Panasonic,Бытовая техника,14,9099.0,9099.0,0.0,280.0,4.2,345.0,7.0,Сазонова Лтд,False,False,2,3,1,13.0,5540.0,11.0,7419.0,21.0,9970.0,12.666666666666666,7998.0,10.428571428571429,8991.42857142857,9720.0,70.0
Микроволновка Panasonic NN-GT261,2025-03-13,Казань,Panasonic,Бытовая техника,11,11730.0,11730.0,0.0,21.0,4.3,243.0,3.0,Мишлен (Michelin),False,False,3,3,1,14.0,9099.0,11.0,9355.0,6.0,8219.0,12.666666666666666,8789.666666666666,11.142857142857142,9493.0,8439.0,72.0
Микроволновка Panasonic NN-GT261,2025-03-13,Москва,Panasonic,Бытовая техника,16,6730.0,8850.0,24.0,301.0,4.3,605.0,2.0,Алтайвагон,False,False,3,3,1,11.0,11730.0,13.0,5540.0,11.0,11679.0,13.666666666666666,9186.333333333334,11.857142857142858,8786.0,8125.0,85.0
Микроволновка Panasonic NN-GT261,2025-03-13,Нижний Новгород,Panasonic,Бытовая техника,12,7320.0,9629.0,24.0,355.0,4.1,401.0,2.0,ООО «Вишнякова-Туров»,False,False,3,3,1,16.0,6730.0,14.0,9099.0,7.0,11629.0,13.0,8593.333333333334,12.571428571428571,8170.428571428572,9090.0,94.0
Микроволновка Panasonic NN-GT261,2025-03-13,Санкт-Петербург,Panasonic,Бытовая техника,8,9590.0,9590.0,0.0,294.0,4.4,305.0,2.0,Ковалева и партнеры,False,False,3,3,1,12.0,7320.0,11.0,11730.0,11.0,7419.0,12.0,7880.0,12.142857142857142,8480.57142857143,10710.0,110.0
Микроволновка Panasonic NN-GT261,2025-03-13,Уфа,Panasonic,Бытовая техника,7,8679.0,8679.0,0.0,171.0,4.3,229.0,3.0,Ягуар ленд ровер,False,False,3,3,1,8.0,9590.0,16.0,6730.0,11.0,9355.0,9.0,8529.666666666666,11.571428571428571,8384.0,7769.5,126.0
Микроволновка Panasonic NN-GT261,2025-03-14,Казань,Panasonic,Бытовая техника,9,9620.0,9620.0,0.0,361.0,4.0,636.0,3.0,"РАО «Зиновьев, Гришина и Галкина»",False,False,4,3,1,7.0,8679.0,12.0,7320.0,13.0,5540.0,8.0,9296.333333333334,11.0,8966.857142857143,8859.0,127.0
Микроволновка Panasonic NN-GT261,2025-03-14,Ростов-на-Дону,Panasonic,Бытовая техника,7,9720.0,9720.0,0.0,251.0,4.0,462.0,3.0,Анисимова Инкорпорэйтед,False,False,4,3,1,9.0,9620.0,8.0,9590.0,14.0,9099.0,7.666666666666667,9339.666666666666,10.0,9055.57142857143,9599.0,144.0
Микроволновка Panasonic NN-GT261,2025-03-14,Санкт-Петербург,Panasonic,Бытовая техника,13,8439.0,8439.0,0.0,495.0,4.4,345.0,2.0,НПО «Шашкова-Лапин»,False,False,4,3,1,7.0,9720.0,7.0,8679.0,11.0,11730.0,9.666666666666666,9259.666666666666,10.285714285714286,8585.42857142857,6760.0,138.0
Микроволновка Panasonic NN-GT261,2025-03-15,Санкт-Петербург,Panasonic,Бытовая техника,29,8125.0,8125.0,0.0,351.0,4.4,388.0,3.0,РАО «Орлов Щукина»,True,False,5,3,1,13.0,8439.0,9.0,9620.0,16.0,6730.0,16.333333333333332,8761.333333333334,12.142857142857142,8784.714285714286,6590.0,118.0
Микроволновка Panasonic NN-GT261,2025-03-16,Казань,Panasonic,Бытовая техника,21,9090.0,9090.0,0.0,44.0,4.4,565.0,3.0,АО «Филиппов»,True,False,6,3,1,29.0,8125.0,7.0,9720.0,12.0,7320.0,21.0,8551.333333333334,13.428571428571429,9037.57142857143,10520.0,117.0
Микроволновка Panasonic NN-GT261,2025-03-16,Санкт-Петербург,Panasonic,Бытовая техника,24,10710.0,10710.0,0.0,243.0,4.2,615.0,2.0,Мосинжпроект,True,False,6,3,1,21.0,9090.0,13.0,8439.0,8.0,9590.0,24.666666666666668,9308.333333333334,15.714285714285714,9197.57142857143,10357.0,107.0
Микроволновка Panasonic NN-GT261,2025-03-17,Екатеринбург,Panasonic,Бытовая техника,23,7769.5,10160.0,26.5,375.0,4.1,420.5,3.5,АО «Титов»,False,False,0,3,1,24.0,10710.0,29.0,8125.0,7.0,8679.0,22.666666666666668,9189.833333333334,18.0,9067.642857142857,8734.0,98.0
Микроволновка Panasonic NN-GT261,2025-03-17,Нижний Новгород,Panasonic,Бытовая техника,10,8859.0,8859.0,0.0,478.0,4.2,430.0,2.0,Новосибирскэнергосбыт,False,False,0,3,1,23.0,7769.5,21.0,9090.0,9.0,9620.0,19.0,9112.833333333334,18.142857142857142,8958.92857142857,9785.0,94.0
Микроволновка Panasonic NN-GT261,2025-03-17,Санкт-Петербург,Panasonic,Бытовая техника,24,9599.0,9599.0,0.0,232.0,4.4,324.0,2.0,ОАО «Игнатов»,False,False,0,3,1,10.0,8859.0,24.0,10710.0,7.0,9720.0,19.0,8742.5,20.571428571428573,8941.642857142857,5720.0,77.0
Микроволновка Panasonic NN-GT261,2025-03-17,Уфа,Panasonic,Бытовая техника,7,6760.0,8159.0,17.0,500.0,4.2,317.0,1.0,"ОАО «Соколова, Мамонтов и Лобанова»",False,False,0,3,1,24.0,9599.0,23.0,7769.5,13.0,8439.0,13.666666666666666,8406.0,19.714285714285715,8701.785714285714,7369.0,87.0
Микроволновка Panasonic NN-GT261,2025-03-18,Казань,Panasonic,Бытовая техника,9,6590.0,10300.0,36.0,27.0,4.5,441.0,2.0,ООО «Коновалов-Аксенова»,False,False,1,3,1,7.0,6760.0,10.0,8859.0,29.0,8125.0,13.333333333333334,7649.666666666667,16.857142857142858,8482.5,7090.0,91.0
Микроволновка Panasonic NN-GT261,2025-03-18,Санкт-Петербург,Panasonic,Бытовая техника,20,10520.0,10520.0,0.0,450.0,4.4,431.0,2.0,ООО «Рыбакова Фадеев»,False,False,1,3,1,9.0,6590.0,24.0,9599.0,21.0,9090.0,12.0,7956.666666666667,16.714285714285715,8686.785714285714,9510.0,86.0
Микроволновка Panasonic NN-GT261,2025-03-18,Уфа,Panasonic,Бытовая техника,14,10357.0,10357.0,0.0,328.5,4.199999999999999,381.5,5.0,АО «Пахомов»,False,False,1,3,1,20.0,10520.0,7.0,6760.0,24.0,10710.0,14.333333333333334,9155.666666666666,15.285714285714286,8636.357142857143,10450.0,77.0
Микроволновка Panasonic NN-GT261,2025-03-19,Самара,Panasonic,Бытовая техника,14,8734.0,10084.5,12.5,182.0,4.2,337.0,2.5,ООО «Копылов»,False,False,2,3,1,14.0,10357.0,9.0,6590.0,23.0,7769.5,16.0,9870.333333333334,14.0,8774.142857142857,8379.0,70.0
Микроволновка Panasonic NN-GT261,2025-03-19,Уфа,Panasonic,Бытовая техника,6,9785.0,9785.0,0.0,239.0,4.6,359.0,3.0,ОАО «Костин»,False,False,2,3,1,14.0,8734.0,20.0,10520.0,10.0,8859.0,11.333333333333334,9625.333333333334,13.428571428571429,8906.42857142857,10970.0,75.0
Микроволновка Samsung MG30T5018,2025-03-01,Екатеринбург,Samsung,Бытовая техника,18,17940.0,17940.0,0.0,86.0,4.5,357.0,2.0,АО «Якушева»,True,False,5,3,1,,,,,,,,,,,18015.0,120.0
Микроволновка Samsung MG30T5018,2025-03-02,Екатеринбург,Samsung,Бытовая техника,23,18660.0,18660.0,0.0,396.0,4.7,463.0,3.0,"РАО «Гусева, Николаева и Семенова»",True,False,6,3,1,18.0,17940.0,,,,,,,,,15312.5,119.0
Микроволновка Samsung MG30T5018,2025-03-02,Санкт-Петербург,Samsung,Бытовая техника,37,13410.0,13410.0,0.0,158.0,4.5,277.0,1.0,"ИП «Сысоева, Наумова и Артемьев»",True,False,6,3,1,23.0,18660.0,,,,,26.0,16670.0,,,13225.0,89.0
Микроволновка Samsung MG30T5018,2025-03-03,Нижний Новгород,Samsung,Бытовая техника,8,15680.0,15680.0,0.0,442.0,4.4,426.0,3.0,Борисхоф 1 (Inchcape),False,False,0,3,1,37.0,13410.0,18.0,17940.0,,,22.666666666666668,15916.666666666666,,,15320.0,86.0
Микроволновка Samsung MG30T5018,2025-03-04,Новосибирск,Samsung,Бытовая техника,13,16040.0,16040.0,0.0,244.0,4.5,439.0,2.0,ЗАО «Шилова-Харитонов»,False,False,1,3,1,8.0,15680.0,23.0,18660.0,,,19.333333333333332,15043.333333333334,,,18970.0,93.0
Микроволновка Samsung MG30T5018,2025-03-05,Самара,Samsung,Бытовая техника,11,15470.0,15470.0,0.0,328.0,4.4,583.0,5.0,Анисимова Лтд,False,False,2,3,1,13.0,16040.0,37.0,13410.0,,,10.666666666666666,15730.0,,,11770.0,106.0
Микроволновка Samsung MG30T5018,2025-03-05,Санкт-Петербург,Samsung,Бытовая техника,19,18029.0,18029.0,0.0,476.0,4.6,615.0,5.0,Панфилов и партнеры,False,False,2,3,1,11.0,15470.0,8.0,15680.0,,,14.333333333333334,16513.0,18.428571428571427,16461.285714285714,13775.0,106.0
Микроволновка Samsung MG30T5018,2025-03-05,Уфа,Samsung,Бытовая техника,9,18015.0,18015.0,0.0,439.0,4.3,454.0,7.0,ООО «Наумов»,False,False,2,3,1,19.0,18029.0,13.0,16040.0,18.0,17940.0,13.0,17171.333333333332,17.142857142857142,16472.0,18780.0,116.0
Микроволновка Samsung MG30T5018,2025-03-06,Казань,Samsung,Бытовая техника,22,15312.5,16432.5,6.0,345.5,4.6,463.0,3.0,Николаев Инк,False,False,3,3,1,9.0,18015.0,11.0,15470.0,23.0,18660.0,16.666666666666668,17118.833333333332,17.0,15993.785714285714,10179.0,120.0
Микроволновка Samsung MG30T5018,2025-03-06,Новосибирск,Samsung,Бытовая техника,7,13225.0,13225.0,0.0,472.0,4.2,359.0,5.0,"ИП «Шилов, Тарасов и Андреева»",False,False,3,3,1,22.0,15312.5,19.0,18029.0,37.0,13410.0,12.666666666666666,15517.5,12.714285714285714,15967.357142857143,17150.0,130.0
Микроволновка Samsung MG30T5018,2025-03-06,Самара,Samsung,Бытовая техника,5,15320.0,15320.0,0.0,310.0,4.3,325.0,3.0,ИП «Наумова»,False,False,3,3,1,7.0,13225.0,9.0,18015.0,8.0,15680.0,11.333333333333334,14619.166666666666,12.285714285714286,15915.92857142857,15340.0,151.0
Микроволновка Samsung MG30T5018,2025-03-06,Санкт-Петербург,Samsung,Бытовая техника,20,18970.0,18970.0,0.0,255.0,4.5,259.0,2.0,РАО «Фокин-Якушев»,False,False,3,3,1,5.0,15320.0,22.0,15312.5,13.0,16040.0,10.666666666666666,15838.333333333334,13.285714285714286,16334.5,14325.0,153.0
Микроволновка Samsung MG30T5018,2025-03-07,Москва,Samsung,Бытовая техника,24,11770.0,18400.0,36.0,81.0,4.2,472.0,1.0,НПО «Морозова-Харитонов»,False,False,4,3,1,20.0,18970.0,7.0,13225.0,11.0,15470.0,16.333333333333332,15353.333333333334,15.142857142857142,15805.92857142857,15290.0,134.0
Микроволновка Samsung MG30T5018,2025-03-07,Новосибирск,Samsung,Бытовая техника,19,13775.0,13775.0,0.0,287.0,4.7,552.0,5.0,НПО «Захаров Красильников»,False,False,4,3,1,24.0,11770.0,5.0,15320.0,19.0,18029.0,21.0,14838.333333333334,15.142857142857142,15198.214285714286,12679.0,137.0
Микроволновка Samsung MG30T5018,2025-03-08,Нижний Новгород,Samsung,Бытовая техника,19,18780.0,18780.0,0.0,39.0,4.5,611.0,2.0,ЗАО «Никитина-Кулаков»,True,True,5,3,1,19.0,13775.0,20.0,18970.0,9.0,18015.0,20.666666666666668,14775.0,16.571428571428573,15307.5,17835.0,131.0
Микроволновка Samsung MG30T5018,2025-03-08,Самара,Samsung,Бытовая техника,26,10179.0,13400.0,24.0,168.0,4.4,250.0,1.0,ОАО «Матвеева»,True,True,5,3,1,19.0,18780.0,24.0,11770.0,22.0,15312.5,21.333333333333332,14244.666666666666,17.142857142857142,14574.142857142857,14790.0,121.0
Микроволновка Samsung MG30T5018,2025-03-09,Новосибирск,Samsung,Бытовая техника,17,17150.0,17150.0,0.0,366.0,4.8,639.0,5.0,Силовые машины,True,False,6,3,1,26.0,10179.0,19.0,13775.0,7.0,13225.0,20.666666666666668,15369.666666666666,18.571428571428573,15134.857142857143,16390.0,109.0
Микроволновка Samsung MG30T5018,2025-03-09,Санкт-Петербург,Samsung,Бытовая техника,26,15340.0,15340.0,0.0,435.0,4.7,308.0,3.0,Матвеева Инкорпорэйтед,True,False,6,3,1,17.0,17150.0,19.0,18780.0,5.0,15320.0,23.0,14223.0,21.571428571428573,15137.714285714286,17340.0,95.0
Микроволновка Samsung MG30T5018,2025-03-10,Екатеринбург,Samsung,Бытовая техника,22,14325.0,14325.0,0.0,382.5,4.550000000000001,343.0,2.5,РАО «Суханов»,False,False,0,3,1,26.0,15340.0,26.0,10179.0,20.0,18970.0,21.666666666666668,15605.0,21.857142857142858,14474.142857142857,7820.0,86.0
Микроволновка Samsung MG30T5018,2025-03-10,Ростов-на-Дону,Samsung,Бытовая техника,5,15290.0,15290.0,0.0,18.0,4.5,288.0,3.0,"ОАО «Артемьев, Зиновьев и Тихонова»",False,False,0,3,1,22.0,14325.0,17.0,17150.0,24.0,11770.0,17.666666666666668,14985.0,19.142857142857142,14977.0,14449.0,108.0
Микроволновка Samsung MG30T5018,2025-03-11,Москва,Samsung,Бытовая техника,22,12679.0,15465.0,18.0,351.0,4.7,315.0,2.0,ОАО «Емельянова-Егоров»,False,False,1,3,1,5.0,15290.0,26.0,15340.0,19.0,13775.0,16.333333333333332,14098.0,19.571428571428573,14820.42857142857,17270.0,110.0
Микроволновка Samsung MG30T5018,2025-03-11,Ростов-на-Дону,Samsung,Бытовая техника,13,17835.0,17835.0,0.0,251.0,4.3,543.0,3.0,Кузбасская топливная компания,False,False,1,3,1,22.0,12679.0,22.0,14325.0,19.0,18780.0,13.333333333333334,15268.0,18.714285714285715,14685.42857142857,13905.0,111.0
Микроволновка Samsung MG30T5018,2025-03-12,Екатеринбург,Samsung,Бытовая техника,16,14790.0,14790.0,0.0,91.0,4.8,426.0,3.0,Журавлев Инк,False,False,2,3,1,13.0,17835.0,5.0,15290.0,26.0,10179.0,17.0,15101.333333333334,17.285714285714285,15344.142857142857,18829.0,122.0
Микроволновка Samsung MG30T5018,2025-03-12,Уфа,Samsung,Бытовая техника,5,16390.0,16390.0,0.0,384.0,4.8,515.0,3.0,ИП «Щукина-Афанасьева»,False,False,2,3,1,16.0,14790.0,22.0,12679.0,17.0,17150.0,11.333333333333334,16338.333333333334,15.571428571428571,15235.57142857143,13475.0,125.0
Микроволновка Samsung MG30T5018,2025-03-14,Казань,Samsung,Бытовая техника,12,17340.0,17340.0,0.0,169.0,4.5,360.0,7.0,ЗАО «Красильников»,False,False,4,3,1,5.0,16390.0,13.0,17835.0,26.0,15340.0,11.0,16173.333333333334,13.571428571428571,15521.285714285714,14360.0,146.0
Микроволновка Samsung MG30T5018,2025-03-14,Самара,Samsung,Бытовая техника,13,7820.0,13729.0,43.0,452.0,4.3,284.0,3.0,Проктер Энд Гэмбл. Дистрибьюторская компания (Procter & Gamble),False,False,4,3,1,12.0,17340.0,16.0,14790.0,22.0,14325.0,10.0,13850.0,12.285714285714286,14592.0,15127.0,159.0
Микроволновка Samsung MG30T5018,2025-03-15,Екатеринбург,Samsung,Бытовая техника,27,14449.0,14449.0,0.0,132.0,4.6,513.0,3.0,НПО «Шестакова-Прохорова»,True,False,5,3,1,13.0,7820.0,5.0,16390.0,5.0,15290.0,17.333333333333332,13203.0,15.428571428571429,14471.857142857143,13450.0,144.0
Микроволновка Samsung MG30T5018,2025-03-15,Казань,Samsung,Бытовая техника,24,17270.0,17270.0,0.0,52.0,4.6,251.0,3.0,ЗАО «Кондратьев Елисеева»,True,False,5,3,1,27.0,14449.0,12.0,17340.0,22.0,12679.0,21.333333333333332,13179.666666666666,15.714285714285714,15127.714285714286,17139.0,134.0
Микроволновка Samsung MG30T5018,2025-03-15,Нижний Новгород,Samsung,Бытовая техника,14,13905.0,13905.0,0.0,288.0,4.5,261.0,1.0,Кузбасская топливная компания,True,False,5,3,1,24.0,17270.0,13.0,7820.0,13.0,17835.0,21.666666666666668,15208.0,15.857142857142858,14566.285714285714,16970.0,127.0
Микроволновка Samsung MG30T5018,2025-03-15,Новосибирск,Samsung,Бытовая техника,27,18829.0,18829.0,0.0,479.0,4.5,462.0,2.0,РАО «Орлова»,True,False,5,3,1,14.0,13905.0,27.0,14449.0,16.0,14790.0,21.666666666666668,16668.0,17.428571428571427,15143.285714285714,14535.0,120.0
Микроволновка Samsung MG30T5018,2025-03-15,Уфа,Samsung,Бытовая техника,8,13475.0,13475.0,0.0,429.0,4.4,581.0,2.0,ОАО «Николаев-Николаев»,True,False,5,3,1,27.0,18829.0,24.0,17270.0,5.0,16390.0,16.333333333333332,15403.0,17.857142857142858,14726.857142857143,17650.0,120.0
Микроволновка Samsung MG30T5018,2025-03-16,Москва,Samsung,Бытовая техника,33,14360.0,14360.0,0.0,260.0,4.4,376.0,1.0,ИП «Красильникова-Алексеева»,True,False,6,3,1,8.0,13475.0,14.0,13905.0,12.0,17340.0,22.666666666666668,15554.666666666666,20.857142857142858,14301.142857142857,15720.0,99.0
Микроволновка Samsung MG30T5018,2025-03-17,Екатеринбург,Samsung,Бытовая техника,26,15127.0,15127.0,0.0,211.5,4.4,476.0,3.5,Емельянова Инк,False,False,0,3,1,33.0,14360.0,27.0,18829.0,13.0,7820.0,22.333333333333332,14320.666666666666,22.714285714285715,15345.0,15488.0,102.0
Микроволновка Samsung MG30T5018,2025-03-17,Москва,Samsung,Бытовая техника,12,13450.0,15840.0,15.0,199.0,4.2,378.0,2.0,ОАО «Русаков»,False,False,0,3,1,26.0,15127.0,8.0,13475.0,27.0,14449.0,23.666666666666668,14312.333333333334,20.571428571428573,15202.285714285714,13910.0,119.0
Микроволновка Samsung MG30T5018,2025-03-18,Нижний Новгород,Samsung,Бытовая техника,14,17139.0,17139.0,0.0,130.0,4.300000000000001,469.5,3.0,АО «Петрова Громов»,False,False,1,3,1,12.0,13450.0,33.0,14360.0,24.0,17270.0,17.333333333333332,15238.666666666666,19.142857142857142,15183.57142857143,13070.0,121.0
Микроволновка Samsung MG30T5018,2025-03-18,Ростов-на-Дону,Samsung,Бытовая техника,7,16970.0,16970.0,0.0,48.0,4.2,336.0,5.0,Несте Санкт-Петербург (Neste),False,False,1,3,1,14.0,17139.0,26.0,15127.0,14.0,13905.0,11.0,15853.0,18.142857142857142,15621.42857142857,12960.0,160.0
Микроволновка Samsung MG30T5018,2025-03-19,Москва,Samsung,Бытовая техника,20,14535.0,14535.0,0.0,515.0,4.7,578.0,1.0,"ЗАО «Ковалев, Калинин и Абрамова»",False,False,2,3,1,7.0,16970.0,12.0,13450.0,27.0,18829.0,13.666666666666666,16214.666666666666,17.142857142857142,15008.0,14070.0,147.0
Микроволновка Samsung MG30T5018,2025-03-19,Самара,Samsung,Бытовая техника,8,17650.0,17650.0,0.0,29.0,4.4,448.0,5.0,Уральский банк реконструкции и развития,False,False,2,3,1,20.0,14535.0,14.0,17139.0,8.0,13475.0,11.666666666666666,16385.0,17.142857142857142,15604.42857142857,18490.0,164.0
Микроволновка Samsung MG30T5018,2025-03-19,Санкт-Петербург,Samsung,Бытовая техника,12,15720.0,15720.0,0.0,303.0,4.4,531.0,5.0,Луидор,False,False,2,3,1,8.0,17650.0,7.0,16970.0,33.0,14360.0,13.333333333333334,15968.333333333334,14.142857142857142,15798.714285714286,13610.0,186.0
Наушники Apple AirPods Pro 2,2025-03-01,Москва,Apple,Электроника,35,22440.0,22440.0,0.0,163.0,4.7,261.0,5.0,"АО «Горбунов, Белоусова и Белозерова»",True,False,5,3,1,,,,,,,,,,,27170.0,139.0
Наушники Apple AirPods Pro 2,2025-03-01,Самара,Apple,Электроника,16,22380.0,22380.0,0.0,22.0,5.0,269.0,5.0,Капустин Групп,True,False,5,3,1,35.0,22440.0,,,,,,,,,22160.0,131.0
Наушники Apple AirPods Pro 2,2025-03-02,Казань,Apple,Электроника,14,16735.0,26150.0,36.0,42.0,4.8,542.0,2.0,Горбачева и партнеры,True,False,6,3,1,16.0,22380.0,,,,,21.666666666666668,20518.333333333332,,,22735.0,140.0
Наушники Apple AirPods Pro 2,2025-03-03,Казань,Apple,Электроника,7,23870.0,23870.0,0.0,372.0,4.8,558.0,5.0,ОАО «Казакова-Филатов»,False,False,0,3,1,14.0,16735.0,35.0,22440.0,,,12.333333333333334,20995.0,,,22705.0,140.0
Наушники Apple AirPods Pro 2,2025-03-03,Москва,Apple,Электроника,15,27089.0,27089.0,0.0,246.0,4.6,300.0,1.0,Колесникова Инк,False,False,0,3,1,7.0,23870.0,16.0,22380.0,,,12.0,22564.666666666668,,,24420.0,145.0
Наушники Apple AirPods Pro 2,2025-03-03,Самара,Apple,Электроника,12,26755.0,26755.0,0.0,433.0,4.8,335.0,2.0,Независимая нефтегазовая компания,False,False,0,3,1,15.0,27089.0,14.0,16735.0,,,11.333333333333334,25904.666666666668,,,20539.0,142.0
Наушники Apple AirPods Pro 2,2025-03-04,Москва,Apple,Электроника,62,25272.5,25272.5,0.0,290.0,4.9,364.5,5.0,Котова Инк,False,False,1,3,1,12.0,26755.0,7.0,23870.0,,,29.666666666666668,26372.166666666668,23.0,23505.928571428572,26260.0,93.0
Наушники Apple AirPods Pro 2,2025-03-04,Новосибирск,Apple,Электроника,13,27170.0,27170.0,0.0,439.0,4.5,655.0,2.0,Курганмашзавод,False,False,1,3,1,62.0,25272.5,15.0,27089.0,35.0,22440.0,29.0,26399.166666666668,19.857142857142858,24181.64285714286,15730.0,95.0
Наушники Apple AirPods Pro 2,2025-03-04,Уфа,Apple,Электроника,8,22160.0,22160.0,0.0,487.0,4.8,318.0,2.0,"АО «Комарова, Лаврентьев и Зиновьева»",False,False,1,3,1,13.0,27170.0,12.0,26755.0,16.0,22380.0,27.666666666666668,24867.5,18.714285714285715,24150.214285714286,24215.0,110.0
Наушники Apple AirPods Pro 2,2025-03-05,Москва,Apple,Электроника,23,22735.0,24720.0,8.0,136.0,5.0,557.0,2.0,ООО «Евсеев Селезнев»,False,False,2,3,1,8.0,22160.0,62.0,25272.5,14.0,16735.0,14.666666666666666,24021.666666666668,20.0,25007.35714285714,27059.0,140.0
Наушники Apple AirPods Pro 2,2025-03-05,Нижний Новгород,Apple,Электроника,7,22705.0,22705.0,0.0,181.0,4.9,279.0,3.0,АО «Щукина»,False,False,2,3,1,23.0,22735.0,13.0,27170.0,7.0,23870.0,12.666666666666666,22533.333333333332,20.0,24840.928571428572,15169.0,161.0
Наушники Apple AirPods Pro 2,2025-03-06,Москва,Apple,Электроника,20,24420.0,24420.0,0.0,419.0,4.9,552.0,5.0,"РАО «Логинова, Гурьев и Белоусов»",False,False,3,3,1,7.0,22705.0,8.0,22160.0,15.0,27089.0,16.666666666666668,23286.666666666668,20.714285714285715,24459.64285714286,27275.0,181.0
Наушники Apple AirPods Pro 2,2025-03-06,Ростов-на-Дону,Apple,Электроника,9,20539.0,27759.0,26.0,434.0,5.0,541.0,3.0,Антонов Инк,False,False,3,3,1,20.0,24420.0,23.0,22735.0,12.0,26755.0,12.0,22554.666666666668,20.285714285714285,23571.64285714286,23605.0,212.0
Наушники Apple AirPods Pro 2,2025-03-06,Санкт-Петербург,Apple,Электроника,13,26260.0,26260.0,0.0,461.0,5.0,636.0,3.0,АО «Сазонов Мамонтова»,False,False,3,3,1,9.0,20539.0,7.0,22705.0,62.0,25272.5,14.0,23739.666666666668,13.285714285714286,23712.714285714286,23489.0,219.0
Наушники Apple AirPods Pro 2,2025-03-07,Челябинск,Apple,Электроника,15,15730.0,27600.0,43.0,344.0,5.0,496.0,1.0,"АО «Жукова, Тетерина и Рогов»",False,False,4,3,1,13.0,26260.0,20.0,24420.0,13.0,27170.0,12.333333333333334,20843.0,13.571428571428571,22078.428571428572,26289.0,209.0
Наушники Apple AirPods Pro 2,2025-03-08,Екатеринбург,Apple,Электроника,23,24215.0,24215.0,0.0,220.0,4.5,598.0,5.0,General Fueller,True,True,5,3,1,15.0,15730.0,9.0,20539.0,8.0,22160.0,17.0,22068.333333333332,15.714285714285714,22372.0,27695.0,195.0
Наушники Apple AirPods Pro 2,2025-03-08,Москва,Apple,Электроника,53,27059.0,27059.0,0.0,3.0,4.5,275.0,3.0,НПО «Емельянов»,True,True,5,3,1,23.0,24215.0,13.0,26260.0,23.0,22735.0,30.333333333333332,22334.666666666668,20.0,22989.714285714286,12370.0,150.0
Наушники Apple AirPods Pro 2,2025-03-08,Новосибирск,Apple,Электроника,28,15169.0,25720.0,41.0,364.0,4.9,378.0,3.0,ОАО «Фомина-Мартынов»,True,True,5,3,1,53.0,27059.0,15.0,15730.0,7.0,22705.0,34.666666666666664,22147.666666666668,23.0,21913.14285714286,26839.0,137.0
Наушники Apple AirPods Pro 2,2025-03-08,Челябинск,Apple,Электроника,40,27275.0,27275.0,0.0,485.0,5.0,312.0,1.0,"РАО «Филатова, Маслова и Александрова»",True,True,5,3,1,28.0,15169.0,23.0,24215.0,20.0,24420.0,40.333333333333336,23167.666666666668,25.857142857142858,22321.0,26165.0,124.0
Наушники Apple AirPods Pro 2,2025-03-09,Санкт-Петербург,Apple,Электроника,40,23605.0,23605.0,0.0,315.0,4.6,563.0,5.0,ООО «Архипов Зимин»,True,False,6,3,1,40.0,27275.0,53.0,27059.0,9.0,20539.0,36.0,22016.333333333332,30.285714285714285,22759.0,22579.0,97.0
Наушники Apple AirPods Pro 2,2025-03-09,Уфа,Apple,Электроника,20,23489.0,23489.0,0.0,461.0,4.9,374.0,3.0,Сиско Солюшенз (Cisco),True,False,6,3,1,40.0,23605.0,28.0,15169.0,13.0,26260.0,33.333333333333336,24789.666666666668,31.285714285714285,22363.14285714286,27680.0,88.0
Наушники Apple AirPods Pro 2,2025-03-10,Ростов-на-Дону,Apple,Электроника,5,26289.0,26289.0,0.0,141.0,4.9,525.0,3.0,Башкирэнерго,False,False,0,3,1,20.0,23489.0,40.0,27275.0,15.0,15730.0,21.666666666666668,24461.0,29.857142857142858,23871.571428571428,23225.0,95.0
Наушники Apple AirPods Pro 2,2025-03-11,Самара,Apple,Электроника,9,27695.0,27695.0,0.0,171.0,4.8,285.0,3.0,АО «Одинцов»,False,False,1,3,1,5.0,26289.0,40.0,23605.0,23.0,24215.0,11.333333333333334,25824.333333333332,27.857142857142858,24368.714285714286,26939.0,93.0
Наушники Apple AirPods Pro 2,2025-03-13,Новосибирск,Apple,Электроника,8,12370.0,23810.0,48.0,459.0,5.0,413.0,3.0,ОАО «Коновалов Филиппова»,False,False,3,3,1,9.0,27695.0,20.0,23489.0,53.0,27059.0,7.333333333333333,22118.0,21.428571428571427,22270.285714285714,23680.0,99.0
Наушники Apple AirPods Pro 2,2025-03-14,Ростов-на-Дону,Apple,Электроника,15,26839.0,26839.0,0.0,42.0,4.699999999999999,389.0,5.0,ЗАО «Никифорова Лапина»,False,False,4,3,1,8.0,12370.0,5.0,26289.0,28.0,15169.0,10.666666666666666,22301.333333333332,19.571428571428573,23937.428571428572,25415.0,92.0
Наушники Apple AirPods Pro 2,2025-03-15,Новосибирск,Apple,Электроника,27,26165.0,26165.0,0.0,424.0,5.0,347.0,5.0,АО «Шашкова-Кабанова»,True,False,5,3,1,15.0,26839.0,9.0,27695.0,40.0,27275.0,16.666666666666668,21791.333333333332,17.714285714285715,23778.85714285714,26522.5,104.0
Наушники Apple AirPods Pro 2,2025-03-17,Москва,Apple,Электроника,13,22579.0,22579.0,0.0,219.0,4.8,495.0,1.0,ЗАО «Лаврентьева Комиссарова»,False,False,0,3,1,27.0,26165.0,8.0,12370.0,40.0,23605.0,18.333333333333332,25194.333333333332,13.857142857142858,23632.285714285714,27895.0,116.0
Наушники Apple AirPods Pro 2,2025-03-19,Уфа,Apple,Электроника,11,27680.0,27680.0,0.0,29.0,5.0,279.0,1.0,Пахомов Инк,False,False,2,3,1,13.0,22579.0,15.0,26839.0,20.0,23489.0,17.0,25474.666666666668,12.571428571428571,24231.0,27199.0,114.0
Наушники JBL Tour Pro 2,2025-03-01,Санкт-Петербург,JBL,Электроника,37,15192.5,19450.0,22.0,315.5,4.4,385.0,2.5,"ООО «Соловьев, Сазонова и Зуев»",True,False,5,3,1,,,,,,,,,,,19465.0,170.0
Наушники JBL Tour Pro 2,2025-03-02,Екатеринбург,JBL,Электроника,16,19895.0,22609.0,12.0,307.0,4.6,456.0,3.0,Копылов Инк,True,False,6,3,1,37.0,15192.5,,,,,,,,,16155.0,166.0
Наушники JBL Tour Pro 2,2025-03-02,Новосибирск,JBL,Электроника,14,12630.0,17080.0,26.0,72.0,4.7,485.0,5.0,"ОАО «Красильникова, Блинов и Ершова»",True,False,6,3,1,16.0,19895.0,,,,,22.333333333333332,15905.833333333334,,,18515.0,160.0
Наушники JBL Tour Pro 2,2025-03-02,Уфа,JBL,Электроника,17,22380.0,22380.0,0.0,261.0,4.4,352.0,5.0,РАО «Мухина-Жданов»,True,False,6,3,1,14.0,12630.0,37.0,15192.5,,,15.666666666666666,18301.666666666668,,,21804.0,176.0
Наушники JBL Tour Pro 2,2025-03-03,Екатеринбург,JBL,Электроника,22,14427.5,18812.5,25.0,376.0,4.5,421.5,2.5,ООО «Степанова-Волков»,False,False,0,3,1,17.0,22380.0,16.0,19895.0,,,17.666666666666668,16479.166666666668,,,21155.0,160.0
Наушники JBL Tour Pro 2,2025-03-03,Москва,JBL,Электроника,45,17790.0,17790.0,0.0,337.5,4.5,484.5,3.5,ЗАО «Калашников Нестерова»,False,False,0,3,1,22.0,14427.5,14.0,12630.0,,,28.0,18199.166666666668,,,20985.0,129.0
Наушники JBL Tour Pro 2,2025-03-05,Москва,JBL,Электроника,31,20385.0,20385.0,0.0,287.0,4.55,251.0,4.0,АО «Абрамова»,False,False,2,3,1,45.0,17790.0,17.0,22380.0,,,32.666666666666664,17534.166666666668,26.0,17528.571428571428,19160.0,105.0
Наушники JBL Tour Pro 2,2025-03-05,Санкт-Петербург,JBL,Электроника,25,19465.0,19465.0,0.0,61.0,4.7,567.0,5.0,ИП «Воробьев Бирюков»,False,False,2,3,1,31.0,20385.0,22.0,14427.5,37.0,15192.5,33.666666666666664,19213.333333333332,24.285714285714285,18138.928571428572,20610.0,107.0
Наушники JBL Tour Pro 2,2025-03-06,Екатеринбург,JBL,Электроника,12,16155.0,22440.0,28.0,307.0,4.8,516.0,7.0,РАО «Филиппова-Денисов»,False,False,3,3,1,25.0,19465.0,45.0,17790.0,16.0,19895.0,22.666666666666668,18668.333333333332,23.714285714285715,17604.64285714286,19230.0,107.0
Наушники JBL Tour Pro 2,2025-03-06,Казань,JBL,Электроника,8,18515.0,18515.0,0.0,39.0,4.5,275.0,3.0,РАО «Веселова Сорокин»,False,False,3,3,1,12.0,16155.0,31.0,20385.0,14.0,12630.0,15.0,18045.0,22.857142857142858,18445.35714285714,22100.0,122.0
Наушники JBL Tour Pro 2,2025-03-06,Санкт-Петербург,JBL,Электроника,33,21804.0,21804.0,0.0,338.5,4.5,282.5,3.0,"РАО «Филиппова, Сергеева и Константинов»",False,False,3,3,1,8.0,18515.0,25.0,19465.0,17.0,22380.0,17.666666666666668,18824.666666666668,25.142857142857142,18363.071428571428,18055.0,104.0
Наушники JBL Tour Pro 2,2025-03-07,Казань,JBL,Электроника,6,21155.0,21155.0,0.0,222.0,4.7,324.0,3.0,Hoff (Домашний интерьер),False,False,4,3,1,33.0,21804.0,12.0,16155.0,22.0,14427.5,15.666666666666666,20491.333333333332,22.857142857142858,19324.14285714286,19119.0,103.0
Наушники JBL Tour Pro 2,2025-03-07,Новосибирск,JBL,Электроника,14,20985.0,20985.0,0.0,151.0,4.3,348.0,3.0,ОАО «Колесникова Стрелкова»,False,False,4,3,1,6.0,21155.0,8.0,18515.0,45.0,17790.0,17.666666666666668,21314.666666666668,18.428571428571427,19780.571428571428,12550.0,100.0
Наушники JBL Tour Pro 2,2025-03-07,Ростов-на-Дону,JBL,Электроника,7,19160.0,19160.0,0.0,484.0,4.4,672.0,5.0,ЗАО «Белоусов»,False,False,4,3,1,14.0,20985.0,33.0,21804.0,31.0,20385.0,9.0,20433.333333333332,15.0,19605.571428571428,22320.0,103.0
Наушники JBL Tour Pro 2,2025-03-09,Екатеринбург,JBL,Электроника,27,20610.0,20610.0,0.0,62.0,4.7,472.0,3.0,ОАО «Белоусова Авдеева»,True,False,6,3,1,7.0,19160.0,6.0,21155.0,25.0,19465.0,16.0,20251.666666666668,15.285714285714286,19769.14285714286,22289.0,92.0
Наушники JBL Tour Pro 2,2025-03-10,Санкт-Петербург,JBL,Электроника,12,19230.0,19230.0,0.0,172.0,4.6,608.0,7.0,Сатурн-Р,False,False,0,3,1,27.0,20610.0,14.0,20985.0,12.0,16155.0,15.333333333333334,19666.666666666668,15.285714285714286,20208.428571428572,15845.0,94.0
Наушники JBL Tour Pro 2,2025-03-11,Екатеринбург,JBL,Электроника,23,22100.0,22100.0,0.0,222.0,4.6,574.0,4.0,"ИП «Рыбаков, Романов и Ширяева»",False,False,1,3,1,12.0,19230.0,7.0,19160.0,8.0,18515.0,20.666666666666668,20646.666666666668,17.428571428571427,20720.571428571428,16975.0,121.0
Наушники JBL Tour Pro 2,2025-03-11,Москва,JBL,Электроника,15,18055.0,18055.0,0.0,277.0,4.7,502.0,7.0,АО «Сергеева»,False,False,1,3,1,23.0,22100.0,27.0,20610.0,33.0,21804.0,16.666666666666668,19795.0,14.857142857142858,20185.0,17419.0,114.0
Наушники JBL Tour Pro 2,2025-03-11,Нижний Новгород,JBL,Электроника,5,19119.0,19119.0,0.0,12.0,4.6,496.0,3.0,ИП «Громова»,False,False,1,3,1,15.0,18055.0,12.0,19230.0,6.0,21155.0,14.333333333333334,19758.0,14.714285714285714,19894.14285714286,20929.0,126.0
Наушники JBL Tour Pro 2,2025-03-11,Санкт-Петербург,JBL,Электроника,11,12550.0,18200.0,31.0,159.0,4.3,460.0,7.0,РАО «Вишнякова Громов»,False,False,1,3,1,5.0,19119.0,23.0,22100.0,14.0,20985.0,10.333333333333334,16574.666666666668,14.285714285714286,18689.14285714286,21380.0,129.0
Наушники JBL Tour Pro 2,2025-03-11,Уфа,JBL,Электроника,10,22320.0,22320.0,0.0,273.0,4.3,525.0,2.0,Щукина Лтд,False,False,1,3,1,11.0,12550.0,15.0,18055.0,7.0,19160.0,8.666666666666666,17996.333333333332,14.714285714285714,19140.571428571428,21260.0,166.0
Наушники JBL Tour Pro 2,2025-03-12,Москва,JBL,Электроника,16,22289.0,22289.0,0.0,269.0,4.4,384.0,3.0,"ЗАО «Шарова, Галкин и Лукин»",False,False,2,3,1,10.0,22320.0,5.0,19119.0,27.0,20610.0,12.333333333333334,19053.0,13.142857142857142,19380.428571428572,22955.0,159.0
Наушники JBL Tour Pro 2,2025-03-12,Санкт-Петербург,JBL,Электроника,14,15845.0,17805.0,11.0,326.0,4.6,408.0,5.0,Нижнекамскнефтехим,False,False,2,3,1,16.0,22289.0,11.0,12550.0,12.0,19230.0,13.333333333333334,20151.333333333332,13.428571428571429,18896.85714285714,20805.0,159.0
Наушники JBL Tour Pro 2,2025-03-13,Москва,JBL,Электроника,50,16975.0,18847.5,10.5,159.0,4.45,375.5,2.5,"ОАО «Белов, Тарасова и Ширяева»",False,False,3,3,1,14.0,15845.0,10.0,22320.0,23.0,22100.0,26.666666666666668,18369.666666666668,17.285714285714285,18164.714285714286,18869.0,129.0
Наушники JBL Tour Pro 2,2025-03-13,Нижний Новгород,JBL,Электроника,8,17419.0,17419.0,0.0,381.0,4.4,646.0,5.0,ИП «Яковлев»,False,False,3,3,1,50.0,16975.0,16.0,22289.0,15.0,18055.0,24.0,16746.333333333332,16.285714285714285,18073.85714285714,20097.5,156.0
Наушники JBL Tour Pro 2,2025-03-14,Екатеринбург,JBL,Электроника,17,20929.0,20929.0,0.0,287.0,4.7,646.0,3.0,"ИП «Шарапов, Кудрявцева и Князев»",False,False,4,3,1,8.0,17419.0,14.0,15845.0,5.0,19119.0,25.0,18441.0,18.0,18332.428571428572,19090.0,147.0
Наушники JBL Tour Pro 2,2025-03-15,Уфа,JBL,Электроника,14,21380.0,21380.0,0.0,255.0,4.5,660.0,5.0,РАО «Молчанов-Лаврентьева»,True,False,5,3,1,17.0,20929.0,50.0,16975.0,11.0,12550.0,13.0,19909.333333333332,18.428571428571427,19593.85714285714,19082.0,158.0
Наушники JBL Tour Pro 2,2025-03-18,Санкт-Петербург,JBL,Электроника,47,21260.0,21260.0,0.0,377.5,4.45,451.0,3.0,"ЗАО «Романов, Цветков и Стрелкова»",False,False,1,3,1,14.0,21380.0,8.0,17419.0,10.0,22320.0,26.0,21189.666666666668,23.714285714285715,19442.428571428572,11210.0,132.0
Наушники JBL Tour Pro 2,2025-03-19,Санкт-Петербург,JBL,Электроника,9,22955.0,22955.0,0.0,386.0,4.8,236.0,3.0,ОАО «Карпова»,False,False,2,3,1,47.0,21260.0,17.0,20929.0,16.0,22289.0,23.333333333333332,21865.0,22.714285714285715,19537.571428571428,20119.0,160.0
Наушники Samsung Galaxy Buds2 Pro,2025-03-01,Москва,Samsung,Электроника,42,16249.0,16249.0,0.0,339.0,4.6,474.0,3.0,"АО «Панов, Сидоров и Марков»",True,False,5,3,1,,,,,,,,,,,18770.0,193.0
Наушники Samsung Galaxy Buds2 Pro,2025-03-01,Ростов-на-Дону,Samsung,Электроника,16,16170.0,16170.0,0.0,434.0,4.5,474.0,7.0,АО «Тимофеев-Хохлов»,True,False,5,3,1,42.0,16249.0,,,,,,,,,15770.0,185.0
Наушники Samsung Galaxy Buds2 Pro,2025-03-02,Москва,Samsung,Электроника,77,16272.5,19647.5,17.0,356.0,4.6,491.0,1.5,РАО «Комиссарова»,True,False,6,3,1,16.0,16170.0,,,,,45.0,16230.5,,,19549.0,113.0
Наушники Samsung Galaxy Buds2 Pro,2025-03-02,Новосибирск,Samsung,Электроника,18,18550.0,18550.0,0.0,196.0,4.6,597.0,7.0,Белоусов Инкорпорэйтед,True,False,6,3,1,77.0,16272.5,42.0,16249.0,,,37.0,16997.5,,,18519.5,150.0
Наушники Samsung Galaxy Buds2 Pro,2025-03-02,Самара,Samsung,Электроника,34,15229.666666666666,17066.333333333332,11.333333333333334,322.0,4.7,521.3333333333334,2.3333333333333335,НПО «Трофимова-Егоров»,True,False,6,3,1,18.0,18550.0,16.0,16170.0,,,43.0,16684.055555555555,,,17755.0,124.0
Наушники Samsung Galaxy Buds2 Pro,2025-03-02,Санкт-Петербург,Samsung,Электроника,35,18680.0,20310.0,8.0,314.0,4.8,244.0,2.0,РАО «Васильев Ефимова»,True,False,6,3,1,34.0,15229.666666666666,77.0,16272.5,,,29.0,17486.555555555555,,,20050.0,109.0
Наушники Samsung Galaxy Buds2 Pro,2025-03-03,Казань,Samsung,Электроника,6,17980.0,17980.0,0.0,172.0,4.4,509.0,1.0,"РАО «Белова, Гордеева и Журавлев»",False,False,0,3,1,35.0,18680.0,18.0,18550.0,,,25.0,17296.555555555555,32.57142857142857,17018.738095238095,14520.0,144.0
Наушники Samsung Galaxy Buds2 Pro,2025-03-03,Нижний Новгород,Samsung,Электроника,7,18770.0,18770.0,0.0,444.0,4.9,509.0,5.0,ЗАО «Алексеева Бобров»,False,False,0,3,1,6.0,17980.0,34.0,15229.666666666666,42.0,16249.0,16.0,18476.666666666668,27.571428571428573,17378.88095238095,18929.0,174.0
Наушники Samsung Galaxy Buds2 Pro,2025-03-03,Новосибирск,Samsung,Электроника,8,15770.0,15770.0,0.0,127.0,4.5,682.0,7.0,Анисимов Инкорпорэйтед,False,False,0,3,1,7.0,18770.0,35.0,18680.0,16.0,16170.0,7.0,17506.666666666668,26.428571428571427,17321.738095238095,18975.0,230.0
Наушники Samsung Galaxy Buds2 Pro,2025-03-03,Челябинск,Samsung,Электроника,5,19549.0,19549.0,0.0,331.0,4.5,599.0,3.0,"РАО «Дементьева, Колобова и Симонова»",False,False,0,3,1,8.0,15770.0,6.0,17980.0,77.0,16272.5,6.666666666666667,18029.666666666668,16.142857142857142,17789.809523809523,19945.0,244.0
Наушники Samsung Galaxy Buds2 Pro,2025-03-04,Москва,Samsung,Электроника,55,18519.5,18519.5,0.0,364.5,4.45,502.0,2.5,"ООО «Морозова, Тарасова и Стрелков»",False,False,1,3,1,5.0,19549.0,7.0,18770.0,18.0,18550.0,22.666666666666668,17946.166666666668,21.428571428571427,17785.452380952378,13640.0,220.0
Наушники Samsung Galaxy Buds2 Pro,2025-03-04,Нижний Новгород,Samsung,Электроника,8,17755.0,17755.0,0.0,94.0,4.7,279.0,3.0,Ширяева Лтд,False,False,1,3,1,55.0,18519.5,8.0,15770.0,34.0,15229.666666666666,22.666666666666668,18607.833333333332,17.714285714285715,18146.214285714286,18270.0,228.0
Наушники Samsung Galaxy Buds2 Pro,2025-03-06,Екатеринбург,Samsung,Электроника,20,20050.0,20050.0,0.0,405.0,4.4,641.0,2.0,Шестаков и партнеры,False,False,3,3,1,8.0,17755.0,5.0,19549.0,35.0,18680.0,27.666666666666668,18774.833333333332,15.571428571428571,18341.928571428572,16499.0,238.0
Наушники Samsung Galaxy Buds2 Pro,2025-03-06,Москва,Samsung,Электроника,41,14520.0,17577.5,18.0,192.5,4.55,433.5,2.5,"АО «Мухина, Рожкова и Борисов»",False,False,3,3,1,20.0,20050.0,55.0,18519.5,6.0,17980.0,23.0,17441.666666666668,20.571428571428573,17847.64285714286,18369.0,202.0
Наушники Samsung Galaxy Buds2 Pro,2025-03-08,Екатеринбург,Samsung,Электроника,37,18929.0,18929.0,0.0,323.0,4.6,284.0,2.0,РАО «Лебедев-Исакова»,True,True,5,3,1,41.0,14520.0,8.0,17755.0,7.0,18770.0,32.666666666666664,17833.0,24.857142857142858,17870.35714285714,17315.0,170.0
Наушники Samsung Galaxy Buds2 Pro,2025-03-08,Санкт-Петербург,Samsung,Электроника,64,18975.0,18975.0,0.0,252.0,4.8,392.0,5.0,Горшкова Инкорпорэйтед,True,True,5,3,1,37.0,18929.0,20.0,20050.0,8.0,15770.0,47.333333333333336,17474.666666666668,32.857142857142854,18328.214285714286,14893.333333333334,188.0
Наушники Samsung Galaxy Buds2 Pro,2025-03-10,Екатеринбург,Samsung,Электроника,19,19945.0,19945.0,0.0,188.0,4.4,658.0,5.0,"НПО «Ермаков, Соловьев и Григорьева»",False,False,0,3,1,64.0,18975.0,41.0,14520.0,5.0,19549.0,40.0,19283.0,34.857142857142854,18384.785714285714,19590.0,189.0
Наушники Samsung Galaxy Buds2 Pro,2025-03-10,Москва,Samsung,Электроника,31,13640.0,18700.0,27.0,204.0,4.8,427.0,5.0,ОАО «Лапина-Петухов»,False,False,0,3,1,19.0,19945.0,37.0,18929.0,55.0,18519.5,38.0,17520.0,31.428571428571427,17687.714285714286,18695.0,174.0
Наушники Samsung Galaxy Buds2 Pro,2025-03-11,Екатеринбург,Samsung,Электроника,16,18270.0,18270.0,0.0,351.0,4.7,476.0,3.0,"РАО «Меркушева, Панфилова и Юдина»",False,False,1,3,1,31.0,13640.0,64.0,18975.0,8.0,17755.0,22.0,17285.0,32.57142857142857,17761.285714285714,15570.0,171.0
Наушники Samsung Galaxy Buds2 Pro,2025-03-11,Москва,Samsung,Электроника,30,16499.0,16499.0,0.0,441.0,4.5,459.0,5.0,РАО «Авдеев Куликов»,False,False,1,3,1,16.0,18270.0,19.0,19945.0,20.0,20050.0,25.666666666666668,16136.333333333334,34.0,17254.0,17365.0,168.0
Наушники Samsung Galaxy Buds2 Pro,2025-03-12,Уфа,Samsung,Электроника,5,18369.0,18369.0,0.0,349.0,4.7,650.0,5.0,"РАО «Кириллова, Громов и Соколова»",False,False,2,3,1,30.0,16499.0,31.0,13640.0,41.0,14520.0,17.0,17712.666666666668,28.857142857142858,17803.85714285714,20005.0,184.0
Наушники Samsung Galaxy Buds2 Pro,2025-03-13,Казань,Samsung,Электроника,5,17315.0,17315.0,0.0,275.0,4.6,392.0,7.0,РАО «Зуева»,False,False,3,3,1,5.0,18369.0,16.0,18270.0,37.0,18929.0,13.333333333333334,17394.333333333332,24.285714285714285,17573.285714285714,18539.0,198.0
Наушники Samsung Galaxy Buds2 Pro,2025-03-13,Москва,Samsung,Электроника,82,14893.333333333334,16865.0,11.0,254.66666666666666,4.7,453.3333333333333,3.6666666666666665,НПО «Сорокина Комиссаров»,False,False,3,3,1,5.0,17315.0,30.0,16499.0,64.0,18975.0,30.666666666666668,16859.111111111113,26.857142857142858,16990.190476190477,19969.0,134.0
Наушники Samsung Galaxy Buds2 Pro,2025-03-13,Санкт-Петербург,Samsung,Электроника,20,19590.0,19590.0,0.0,136.0,4.8,424.0,2.0,ИП «Ермаков-Коновалов»,False,False,3,3,1,82.0,14893.333333333334,5.0,18369.0,19.0,19945.0,35.666666666666664,17266.111111111113,27.0,16939.47619047619,17995.0,131.0
Наушники Samsung Galaxy Buds2 Pro,2025-03-14,Москва,Samsung,Электроника,16,18695.0,18695.0,0.0,287.0,4.8,470.0,3.0,"ООО «Молчанова, Лобанова и Фролова»",False,False,4,3,1,20.0,19590.0,5.0,17315.0,31.0,13640.0,39.333333333333336,17726.111111111113,24.857142857142858,17661.61904761905,19214.5,129.0
Наушники Samsung Galaxy Buds2 Pro,2025-03-15,Новосибирск,Samsung,Электроника,13,15570.0,15570.0,0.0,52.0,4.8,234.0,3.0,ОАО «Соколов-Ларионов»,True,False,5,3,1,16.0,18695.0,82.0,14893.333333333334,16.0,18270.0,16.333333333333332,17951.666666666668,24.428571428571427,17275.904761904763,19830.0,128.0
Наушники Samsung Galaxy Buds2 Pro,2025-03-15,Санкт-Петербург,Samsung,Электроника,27,17365.0,17365.0,0.0,265.0,4.3,478.0,2.0,АО «Филатова-Копылова»,True,False,5,3,1,13.0,15570.0,20.0,19590.0,30.0,16499.0,18.666666666666668,17210.0,24.0,17399.61904761905,15304.0,162.0
Наушники Samsung Galaxy Buds2 Pro,2025-03-16,Челябинск,Samsung,Электроника,21,20005.0,20005.0,0.0,466.0,4.8,362.0,3.0,"ОАО «Родионова, Никонова и Блинова»",True,False,6,3,1,27.0,17365.0,16.0,18695.0,5.0,18369.0,20.333333333333332,17646.666666666668,26.285714285714285,17633.333333333336,10600.0,160.0
Наушники Samsung Galaxy Buds2 Pro,2025-03-17,Екатеринбург,Samsung,Электроника,19,18539.0,18539.0,0.0,111.0,4.7,504.0,3.0,Шестакова Групп,False,False,0,3,1,21.0,20005.0,13.0,15570.0,5.0,17315.0,22.333333333333332,18636.333333333332,28.285714285714285,17808.190476190477,15840.0,154.0
Наушники Samsung Galaxy Buds2 Pro,2025-03-17,Москва,Samsung,Электроника,18,19969.0,19969.0,0.0,186.0,4.6,614.0,5.0,"ООО «Гуляев, Полякова и Панфилова»",False,False,0,3,1,19.0,18539.0,27.0,17365.0,82.0,14893.333333333334,19.333333333333332,19504.333333333332,19.142857142857142,18533.285714285714,16180.0,158.0
Наушники Samsung Galaxy Buds2 Pro,2025-03-17,Новосибирск,Samsung,Электроника,17,17995.0,17995.0,0.0,447.0,4.8,576.0,2.0,ФСК Лидер,False,False,0,3,1,18.0,19969.0,21.0,20005.0,20.0,19590.0,18.0,18834.333333333332,18.714285714285715,18305.428571428572,16345.0,149.0
Наушники Samsung Galaxy Buds2 Pro,2025-03-17,Ростов-на-Дону,Samsung,Электроника,14,19214.5,19214.5,0.0,462.5,4.5,438.0,2.5,АО «Турова-Потапова»,False,False,0,3,1,17.0,17995.0,19.0,18539.0,16.0,18695.0,16.333333333333332,19059.5,18.428571428571427,18379.64285714286,20100.0,167.0
Наушники Samsung Galaxy Buds2 Pro,2025-03-17,Челябинск,Samsung,Электроника,12,19830.0,19830.0,0.0,130.0,4.8,507.0,3.0,Евроцемент груп,False,False,0,3,1,14.0,19214.5,18.0,19969.0,13.0,15570.0,14.333333333333334,19013.166666666668,18.285714285714285,18988.214285714286,19550.0,191.0
Наушники Samsung Galaxy Buds2 Pro,2025-03-18,Москва,Samsung,Электроника,61,15304.0,17444.5,12.5,168.5,4.45,442.5,2.0,ООО «Ковалева»,False,False,1,3,1,12.0,19830.0,17.0,17995.0,27.0,17365.0,29.0,18116.166666666668,23.142857142857142,18693.785714285714,18919.0,150.0
Наушники Samsung Galaxy Buds2 Pro,2025-03-18,Новосибирск,Samsung,Электроника,19,10600.0,17975.0,41.0,152.0,4.8,346.0,5.0,Макарова Инк,False,False,1,3,1,61.0,15304.0,14.0,19214.5,21.0,20005.0,30.666666666666668,15244.666666666666,22.857142857142858,17350.214285714286,12650.0,168.0
Наушники Samsung Galaxy Buds2 Pro,2025-03-19,Екатеринбург,Samsung,Электроника,13,15840.0,15840.0,0.0,287.0,4.8,534.0,5.0,Крокус,False,False,2,3,1,19.0,10600.0,12.0,19830.0,19.0,18539.0,31.0,13914.666666666666,22.0,16964.64285714286,15559.0,162.0
Наушники Samsung Galaxy Buds2 Pro,2025-03-19,Москва,Samsung,Электроника,22,16180.0,16180.0,0.0,56.0,4.8,296.0,1.0,UCL Holding,False,False,2,3,1,13.0,15840.0,61.0,15304.0,18.0,19969.0,18.0,14206.666666666666,22.571428571428573,16423.35714285714,10320.0,150.0
Наушники Samsung Galaxy Buds2 Pro,2025-03-19,Нижний Новгород,Samsung,Электроника,8,16345.0,16345.0,0.0,85.0,4.6,426.0,5.0,Чернов Групп,False,False,2,3,1,22.0,16180.0,19.0,10600.0,17.0,17995.0,14.333333333333334,16121.666666666666,21.285714285714285,16187.642857142857,18179.0,160.0
Наушники Sony WH-1000XM5,2025-03-01,Новосибирск,Sony,Электроника,31,30540.0,30540.0,0.0,100.0,4.8,297.0,5.0,ИП «Васильева-Быкова»,True,False,5,3,1,,,,,,,,,,,32825.0,101.0
Наушники Sony WH-1000XM5,2025-03-01,Уфа,Sony,Электроника,21,34410.0,34410.0,0.0,244.0,4.6,388.0,2.0,Профитмед,True,False,5,3,1,31.0,30540.0,,,,,,,,,37930.0,95.0
Наушники Sony WH-1000XM5,2025-03-02,Казань,Sony,Электроника,22,31359.0,31359.0,0.0,284.0,4.9,398.0,3.0,ИП «Одинцова-Павлов»,True,False,6,3,1,21.0,34410.0,,,,,24.666666666666668,32103.0,,,30030.0,84.0
Наушники Sony WH-1000XM5,2025-03-04,Новосибирск,Sony,Электроника,8,34380.0,34380.0,0.0,84.0,5.0,330.0,5.0,ИП «Калашникова Никитина»,False,False,1,3,1,22.0,31359.0,31.0,30540.0,,,17.0,33383.0,,,39630.0,90.0
Наушники Sony WH-1000XM5,2025-03-04,Челябинск,Sony,Электроника,12,32975.0,32975.0,0.0,128.0,5.0,471.0,5.0,ОАО «Коновалов Николаева»,False,False,1,3,1,8.0,34380.0,21.0,34410.0,,,14.0,32904.666666666664,,,31549.0,98.0
Наушники Sony WH-1000XM5,2025-03-05,Уфа,Sony,Электроника,12,27600.0,30669.0,10.0,170.0,5.0,536.0,1.0,ЗАО «Крылова-Дмитриева»,False,False,2,3,1,12.0,32975.0,22.0,31359.0,,,10.666666666666666,31651.666666666668,,,36525.0,112.0
Наушники Sony WH-1000XM5,2025-03-06,Нижний Новгород,Sony,Электроника,13,35899.0,35899.0,0.0,411.0,5.0,511.0,5.0,ЗАО «Терентьев Стрелкова»,False,False,3,3,1,12.0,27600.0,8.0,34380.0,,,12.333333333333334,32158.0,17.0,32451.85714285714,33780.0,115.0
Наушники Sony WH-1000XM5,2025-03-06,Ростов-на-Дону,Sony,Электроника,13,32825.0,32825.0,0.0,91.0,4.8,586.0,7.0,ЗАО «Сысоева»,False,False,3,3,1,13.0,35899.0,12.0,32975.0,31.0,30540.0,12.666666666666666,32108.0,14.428571428571429,32778.28571428572,31985.0,125.0
Наушники Sony WH-1000XM5,2025-03-06,Самара,Sony,Электроника,15,37930.0,37930.0,0.0,251.0,5.0,701.0,3.0,ИП «Петухов Бобылева»,False,False,3,3,1,13.0,32825.0,12.0,27600.0,21.0,34410.0,13.666666666666666,35551.333333333336,13.571428571428571,33281.142857142855,32059.0,124.0
Наушники Sony WH-1000XM5,2025-03-07,Санкт-Петербург,Sony,Электроника,11,30030.0,30030.0,0.0,483.0,5.0,429.0,5.0,Фокин Групп,False,False,4,3,1,15.0,37930.0,13.0,35899.0,22.0,31359.0,13.0,33595.0,12.0,33091.28571428572,31860.0,160.0
Наушники Sony WH-1000XM5,2025-03-09,Ростов-на-Дону,Sony,Электроника,14,39630.0,39630.0,0.0,364.0,4.6,698.0,5.0,АО «Овчинников-Дорофеев»,True,False,6,3,1,11.0,30030.0,13.0,32825.0,8.0,34380.0,13.333333333333334,35863.333333333336,12.857142857142858,33841.28571428572,36320.0,166.0
Наушники Sony WH-1000XM5,2025-03-09,Самара,Sony,Электроника,20,31549.0,31549.0,0.0,120.0,4.9,399.0,2.0,РАО «Антонова»,True,False,6,3,1,14.0,39630.0,15.0,37930.0,12.0,32975.0,15.0,33736.333333333336,14.0,33637.57142857143,38749.0,163.0
Наушники Sony WH-1000XM5,2025-03-10,Москва,Sony,Электроника,26,36525.0,36525.0,0.0,192.0,4.9,636.0,2.0,НПО «Зыков-Ситников»,False,False,0,3,1,20.0,31549.0,11.0,30030.0,12.0,27600.0,20.0,35901.333333333336,16.0,34912.57142857143,25339.0,144.0
Наушники Sony WH-1000XM5,2025-03-10,Новосибирск,Sony,Электроника,16,33780.0,33780.0,0.0,257.0,5.0,505.0,2.0,"ИП «Ермаков, Дементьев и Доронина»",False,False,0,3,1,26.0,36525.0,14.0,39630.0,13.0,35899.0,20.666666666666668,33951.333333333336,16.428571428571427,34609.857142857145,36749.0,155.0
Наушники Sony WH-1000XM5,2025-03-11,Москва,Sony,Электроника,23,31985.0,31985.0,0.0,221.0,4.8,548.0,3.0,ООО «Лаврентьев-Дементьев»,False,False,1,3,1,16.0,33780.0,20.0,31549.0,13.0,32825.0,21.666666666666668,34096.666666666664,17.857142857142858,34489.857142857145,37440.0,153.0
Наушники Sony WH-1000XM5,2025-03-11,Самара,Sony,Электроника,14,32059.0,32059.0,0.0,278.0,4.9,694.0,2.0,АСР-Углесбыт,False,False,1,3,1,23.0,31985.0,26.0,36525.0,15.0,37930.0,17.666666666666668,32608.0,17.714285714285715,33651.142857142855,36560.0,148.0
Наушники Sony WH-1000XM5,2025-03-11,Санкт-Петербург,Sony,Электроника,47,31860.0,31860.0,0.0,278.0,4.800000000000001,484.5,7.0,ИП «Дмитриева-Аксенова»,False,False,1,3,1,14.0,32059.0,16.0,33780.0,11.0,30030.0,28.0,31968.0,22.857142857142858,33912.57142857143,39585.0,113.0
Наушники Sony WH-1000XM5,2025-03-12,Екатеринбург,Sony,Электроника,20,36320.0,36320.0,0.0,431.0,5.0,279.0,3.0,"ОАО «Шубина, Журавлева и Зуев»",False,False,2,3,1,47.0,31860.0,23.0,31985.0,14.0,39630.0,27.0,33413.0,23.714285714285715,33439.71428571428,34580.0,120.0
Наушники Sony WH-1000XM5,2025-03-13,Екатеринбург,Sony,Электроника,17,38749.0,38749.0,0.0,48.0,4.8,415.0,2.0,ОАО «Антонова Андреев»,False,False,3,3,1,20.0,36320.0,14.0,32059.0,20.0,31549.0,28.0,35643.0,23.285714285714285,34468.28571428572,30580.0,151.0
Наушники Sony WH-1000XM5,2025-03-13,Казань,Sony,Электроника,7,25339.0,31280.0,19.0,342.0,4.8,651.0,5.0,"ООО «Лапина, Беляев и Блинов»",False,False,3,3,1,17.0,38749.0,47.0,31860.0,26.0,36525.0,14.666666666666666,33469.333333333336,20.571428571428573,32870.28571428572,23060.0,166.0
Наушники Sony WH-1000XM5,2025-03-13,Москва,Sony,Электроника,27,36749.0,36749.0,0.0,240.0,4.7,360.0,3.0,ООО «Суханова Агафонов»,False,False,3,3,1,7.0,25339.0,20.0,36320.0,16.0,33780.0,17.0,33612.333333333336,22.142857142857142,33294.42857142857,34525.0,153.0
Наушники Sony WH-1000XM5,2025-03-13,Санкт-Петербург,Sony,Электроника,21,37440.0,37440.0,0.0,344.0,4.7,277.0,2.0,НПО «Давыдов-Лебедев»,False,False,3,3,1,27.0,36749.0,17.0,38749.0,23.0,31985.0,18.333333333333332,33176.0,21.857142857142858,34073.71428571428,31420.0,149.0
Наушники Sony WH-1000XM5,2025-03-14,Нижний Новгород,Sony,Электроника,9,36560.0,36560.0,0.0,446.0,4.7,635.0,2.0,ОАО «Шашков»,False,False,4,3,1,21.0,37440.0,7.0,25339.0,14.0,32059.0,19.0,36916.333333333336,21.142857142857142,34716.71428571428,39660.0,152.0
Наушники Sony WH-1000XM5,2025-03-14,Уфа,Sony,Электроника,12,39585.0,39585.0,0.0,505.0,5.0,260.0,3.0,"ИП «Моисеева, Архипова и Самсонов»",False,False,4,3,1,9.0,36560.0,27.0,36749.0,47.0,31860.0,14.0,37861.666666666664,16.142857142857142,35820.28571428572,37610.0,153.0
Наушники Sony WH-1000XM5,2025-03-15,Екатеринбург,Sony,Электроника,27,34580.0,34580.0,0.0,225.0,4.6,276.0,2.0,Еврохим,True,False,5,3,1,12.0,39585.0,21.0,37440.0,20.0,36320.0,16.0,36908.333333333336,17.142857142857142,35571.71428571428,30605.0,134.0
Наушники Sony WH-1000XM5,2025-03-15,Москва,Sony,Электроника,48,30580.0,30580.0,0.0,317.0,5.0,430.0,2.0,"ООО «Волков, Полякова и Зимина»",True,False,5,3,1,27.0,34580.0,9.0,36560.0,17.0,38749.0,29.0,34915.0,21.571428571428573,34404.71428571428,39919.0,96.0
Наушники Sony WH-1000XM5,2025-03-15,Нижний Новгород,Sony,Электроника,22,23060.0,34960.0,34.0,94.0,4.8,470.0,1.0,Семенова Лтд,True,False,5,3,1,48.0,30580.0,12.0,39585.0,7.0,25339.0,32.333333333333336,29406.666666666668,23.714285714285715,34079.142857142855,30740.0,87.0
Наушники Sony WH-1000XM5,2025-03-16,Нижний Новгород,Sony,Электроника,14,34525.0,34525.0,0.0,257.0,4.7,665.0,3.0,ИП «Блинова Никитин»,True,False,6,3,1,22.0,23060.0,27.0,34580.0,27.0,36749.0,28.0,29388.333333333332,21.857142857142858,33761.42857142857,37675.0,91.0
Наушники Sony WH-1000XM5,2025-03-17,Нижний Новгород,Sony,Электроника,17,31420.0,31420.0,0.0,71.0,5.0,248.0,5.0,ООО «Гущина Герасимова»,False,False,0,3,1,14.0,34525.0,48.0,30580.0,21.0,37440.0,17.666666666666668,29668.333333333332,21.285714285714285,32901.42857142857,36005.0,84.0
Наушники Sony WH-1000XM5,2025-03-17,Санкт-Петербург,Sony,Электроника,12,39660.0,39660.0,0.0,510.0,5.0,290.0,1.0,ОАО «Большакова Одинцов»,False,False,0,3,1,17.0,31420.0,22.0,23060.0,9.0,36560.0,14.333333333333334,35201.666666666664,21.714285714285715,33344.28571428572,33080.0,119.0
Наушники Sony WH-1000XM5,2025-03-19,Москва,Sony,Электроника,13,37610.0,37610.0,0.0,81.0,4.8,335.0,2.0,НПО «Елисеева Потапова»,False,False,2,3,1,12.0,39660.0,14.0,34525.0,12.0,39585.0,14.0,36230.0,21.857142857142858,33062.142857142855,31229.0,123.0
Наушники Sony WH-1000XM5,2025-03-19,Нижний Новгород,Sony,Электроника,8,30605.0,30605.0,0.0,130.0,5.0,524.0,2.0,"НПО «Гущина, Ковалев и Романов»",False,False,2,3,1,13.0,37610.0,17.0,31420.0,27.0,34580.0,11.0,35958.333333333336,19.142857142857142,32494.285714285714,35140.0,166.0
Наушники Sony WH-1000XM5,2025-03-19,Санкт-Петербург,Sony,Электроника,10,39919.0,39919.0,0.0,479.0,4.9,416.0,3.0,"НПО «Федотова, Рожкова и Баранов»",False,False,2,3,1,8.0,30605.0,12.0,39660.0,48.0,30580.0,10.333333333333334,36044.666666666664,13.714285714285714,33828.42857142857,34069.0,172.0
Ноутбук ASUS ROG Zephyrus G14,2025-03-01,Казань,ASUS,Электроника,24,131405.0,131405.0,0.0,166.0,4.9,235.0,2.0,Исакова Групп,True,False,5,3,1,,,,,,,,,,,143960.0,163.0
Ноутбук ASUS ROG Zephyrus G14,2025-03-02,Екатеринбург,ASUS,Электроника,51,137499.5,137499.5,0.0,283.0,4.5,518.0,5.0,АО «Быков-Григорьева»,True,False,6,3,1,24.0,131405.0,,,,,,,,,119719.0,125.0
Ноутбук ASUS ROG Zephyrus G14,2025-03-02,Казань,ASUS,Электроника,38,119249.5,119249.5,0.0,313.5,4.75,536.0,3.5,Карпов и партнеры,True,False,6,3,1,51.0,137499.5,,,,,37.666666666666664,129384.66666666667,,,145889.0,102.0
Ноутбук ASUS ROG Zephyrus G14,2025-03-02,Самара,ASUS,Электроника,12,125335.0,125335.0,0.0,241.0,4.8,610.0,5.0,АО «Баранова»,True,False,6,3,1,38.0,119249.5,24.0,131405.0,,,33.666666666666664,127361.33333333333,,,125285.0,103.0
Ноутбук ASUS ROG Zephyrus G14,2025-03-04,Екатеринбург,ASUS,Электроника,13,148709.0,148709.0,0.0,103.0,4.7,396.0,3.0,Дьячкова и партнеры,False,False,1,3,1,12.0,125335.0,51.0,137499.5,,,21.0,131097.83333333334,,,144619.0,100.0
Ноутбук ASUS ROG Zephyrus G14,2025-03-05,Санкт-Петербург,ASUS,Электроника,22,104540.0,139390.0,25.0,407.0,4.5,259.0,7.0,АО «Мясников-Панова»,False,False,2,3,1,13.0,148709.0,38.0,119249.5,,,15.666666666666666,126194.66666666667,,,111210.0,129.0
Ноутбук ASUS ROG Zephyrus G14,2025-03-06,Казань,ASUS,Электроника,12,132010.0,132010.0,0.0,503.0,4.8,527.0,2.0,Сазонов и партнеры,False,False,3,3,1,22.0,104540.0,12.0,125335.0,,,15.666666666666666,128419.66666666667,24.571428571428573,128392.57142857143,68039.0,144.0
Ноутбук ASUS ROG Zephyrus G14,2025-03-06,Санкт-Петербург,ASUS,Электроника,15,143960.0,143960.0,0.0,489.0,4.8,262.0,3.0,ООО «Артемьева»,False,False,3,3,1,12.0,132010.0,13.0,148709.0,24.0,131405.0,16.333333333333332,126836.66666666667,23.285714285714285,130186.14285714286,138729.0,174.0
Ноутбук ASUS ROG Zephyrus G14,2025-03-06,Челябинск,ASUS,Электроника,13,119719.0,119719.0,0.0,492.0,4.7,631.0,7.0,ЗАО «Голубев-Родионов»,False,False,3,3,1,15.0,143960.0,22.0,104540.0,51.0,137499.5,13.333333333333334,131896.33333333334,17.857142857142858,127646.07142857143,148510.0,170.0
Ноутбук ASUS ROG Zephyrus G14,2025-03-07,Москва,ASUS,Электроника,15,145889.0,145889.0,0.0,440.0,4.9,456.0,5.0,Титова Лимитед,False,False,4,3,1,13.0,119719.0,12.0,132010.0,38.0,119249.5,14.333333333333334,136522.66666666666,14.571428571428571,131451.7142857143,133034.0,203.0
Ноутбук ASUS ROG Zephyrus G14,2025-03-07,Новосибирск,ASUS,Электроника,13,125285.0,125285.0,0.0,96.0,4.5,482.0,5.0,"ОАО «Голубев, Васильев и Авдеева»",False,False,4,3,1,15.0,145889.0,15.0,143960.0,12.0,125335.0,13.666666666666666,130297.66666666667,14.714285714285714,131444.57142857142,129019.0,212.0
Ноутбук ASUS ROG Zephyrus G14,2025-03-07,Челябинск,ASUS,Электроника,10,144619.0,144619.0,0.0,60.0,4.5,347.0,5.0,ООО «Чернов-Королев»,False,False,4,3,1,13.0,125285.0,13.0,119719.0,13.0,148709.0,12.666666666666666,138597.66666666666,14.285714285714286,130860.28571428571,111460.0,215.0
Ноутбук ASUS ROG Zephyrus G14,2025-03-08,Москва,ASUS,Электроника,51,111210.0,111210.0,0.0,115.0,4.6,659.0,3.0,ООО «Миронов-Афанасьев»,True,True,5,3,1,10.0,144619.0,15.0,145889.0,22.0,104540.0,24.666666666666668,127038.0,18.428571428571427,131813.14285714287,131940.0,179.0
Ноутбук ASUS ROG Zephyrus G14,2025-03-08,Нижний Новгород,ASUS,Электроника,27,68039.0,133409.0,49.0,406.0,4.4,510.0,3.0,Петрова Инкорпорэйтед,True,True,5,3,1,51.0,111210.0,13.0,125285.0,12.0,132010.0,29.333333333333332,107956.0,20.571428571428573,122674.42857142857,116409.0,170.0
Ноутбук ASUS ROG Zephyrus G14,2025-03-08,Самара,ASUS,Электроника,45,138729.0,138729.0,0.0,411.0,4.6,260.0,2.0,ООО «Силин-Носова»,True,True,5,3,1,27.0,68039.0,10.0,144619.0,15.0,143960.0,41.0,105992.66666666667,24.857142857142858,121927.14285714286,120720.0,130.0
Ноутбук ASUS ROG Zephyrus G14,2025-03-09,Самара,ASUS,Электроника,9,148510.0,148510.0,0.0,463.0,4.5,364.0,5.0,Восток-Запад,True,False,6,3,1,45.0,138729.0,51.0,111210.0,13.0,119719.0,27.0,118426.0,24.285714285714285,126040.14285714286,117940.0,142.0
Ноутбук ASUS ROG Zephyrus G14,2025-03-09,Санкт-Петербург,ASUS,Электроника,48,133034.0,133034.0,0.0,275.5,4.75,374.0,5.0,ЗАО «Жукова-Горшкова»,True,False,6,3,1,9.0,148510.0,27.0,68039.0,15.0,145889.0,34.0,140091.0,29.0,124203.71428571429,129310.0,113.0
Ноутбук ASUS ROG Zephyrus G14,2025-03-10,Москва,ASUS,Электроника,22,129019.0,129019.0,0.0,99.0,4.9,529.0,7.0,"ЗАО «Блохин, Журавлева и Никифорова»",False,False,0,3,1,48.0,133034.0,45.0,138729.0,13.0,125285.0,26.333333333333332,136854.33333333334,30.285714285714285,124737.14285714286,116680.0,104.0
Ноутбук ASUS ROG Zephyrus G14,2025-03-10,Челябинск,ASUS,Электроника,13,111460.0,111460.0,0.0,203.0,4.8,402.0,5.0,ЗАО «Фадеева-Тетерин»,False,False,0,3,1,22.0,129019.0,9.0,148510.0,10.0,144619.0,27.666666666666668,124504.33333333333,30.714285714285715,120000.14285714286,135509.0,129.0
Ноутбук ASUS ROG Zephyrus G14,2025-03-11,Москва,ASUS,Электроника,15,131940.0,131940.0,0.0,170.0,4.5,289.0,7.0,Familia,False,False,1,3,1,13.0,111460.0,48.0,133034.0,51.0,111210.0,16.666666666666668,124139.66666666667,25.571428571428573,122961.57142857143,87990.0,137.0
Ноутбук ASUS ROG Zephyrus G14,2025-03-11,Новосибирск,ASUS,Электроника,18,116409.0,123845.0,6.0,156.0,5.0,363.0,5.0,НПО «Сидоров»,False,False,1,3,1,15.0,131940.0,22.0,129019.0,27.0,68039.0,15.333333333333334,119936.33333333333,24.285714285714285,129871.57142857143,81060.0,127.0
Ноутбук ASUS ROG Zephyrus G14,2025-03-12,Ростов-на-Дону,ASUS,Электроника,5,120720.0,120720.0,0.0,366.0,4.9,319.0,2.0,Муравьева Лтд,False,False,2,3,1,18.0,116409.0,13.0,111460.0,45.0,138729.0,12.666666666666666,123023.0,18.571428571428573,127298.85714285714,143087.5,147.0
Ноутбук ASUS ROG Zephyrus G14,2025-03-13,Екатеринбург,ASUS,Электроника,21,117940.0,130147.5,9.0,355.5,4.9,489.5,3.5,Авдеева Лимитед,False,False,3,3,1,5.0,120720.0,15.0,131940.0,9.0,148510.0,14.666666666666666,118356.33333333333,20.285714285714285,122931.71428571429,124974.0,187.0
Ноутбук ASUS ROG Zephyrus G14,2025-03-14,Екатеринбург,ASUS,Электроника,19,129310.0,129310.0,0.0,50.0,4.4,638.0,2.0,ООО «Громова Исаева»,False,False,4,3,1,21.0,117940.0,18.0,116409.0,48.0,133034.0,15.0,122656.66666666667,16.142857142857142,122399.71428571429,124680.0,188.0
Ноутбук ASUS ROG Zephyrus G14,2025-03-14,Челябинск,ASUS,Электроника,13,116680.0,116680.0,0.0,461.0,4.7,552.0,5.0,ООО «Куликова Мельникова»,False,False,4,3,1,19.0,129310.0,5.0,120720.0,22.0,129019.0,17.666666666666668,121310.0,14.857142857142858,120637.0,122290.0,187.0
Ноутбук ASUS ROG Zephyrus G14,2025-03-15,Москва,ASUS,Электроника,38,135509.0,135509.0,0.0,472.0,4.5,628.0,2.0,Овчинников Инк,True,False,5,3,1,13.0,116680.0,21.0,117940.0,13.0,111460.0,23.333333333333332,127166.33333333333,18.428571428571427,124072.57142857143,126719.0,161.0
Ноутбук ASUS ROG Zephyrus G14,2025-03-16,Новосибирск,ASUS,Электроника,23,87990.0,135389.0,35.0,451.0,4.4,642.0,3.0,НПО «Колесникова-Колесников»,True,False,6,3,1,38.0,135509.0,19.0,129310.0,15.0,131940.0,24.666666666666668,113393.0,19.571428571428573,117794.0,99775.0,172.0
Ноутбук ASUS ROG Zephyrus G14,2025-03-16,Ростов-на-Дону,ASUS,Электроника,8,81060.0,122830.0,34.0,82.0,4.6,578.0,3.0,"ООО «Устинова, Тихонова и Ситников»",True,False,6,3,1,23.0,87990.0,13.0,116680.0,18.0,116409.0,23.0,101519.66666666667,18.142857142857142,112744.14285714286,139542.5,176.0
Ноутбук ASUS ROG Zephyrus G14,2025-03-17,Екатеринбург,ASUS,Электроника,25,143087.5,143087.5,0.0,208.0,4.6,477.5,4.0,Моисеева Лтд,False,False,0,3,1,8.0,81060.0,38.0,135509.0,5.0,120720.0,18.666666666666668,104045.83333333333,21.0,115939.5,96340.0,162.0
Ноутбук ASUS ROG Zephyrus G14,2025-03-18,Москва,ASUS,Электроника,61,124974.0,124974.0,0.0,388.5,4.95,315.0,3.5,Мишина и партнеры,False,False,1,3,1,25.0,143087.5,23.0,87990.0,21.0,117940.0,31.333333333333332,116373.83333333333,26.714285714285715,116944.35714285714,149729.0,117.0
Ноутбук ASUS ROG Zephyrus G14,2025-03-18,Новосибирск,ASUS,Электроника,20,124680.0,124680.0,0.0,496.0,4.7,487.0,2.0,Силовые машины,False,False,1,3,1,61.0,124974.0,8.0,81060.0,19.0,129310.0,35.333333333333336,130913.83333333333,26.857142857142858,116282.92857142857,147649.0,128.0
Ноутбук ASUS ROG Zephyrus G14,2025-03-18,Уфа,ASUS,Электроника,12,122290.0,122290.0,0.0,61.0,4.5,259.0,5.0,Российские сети,False,False,1,3,1,20.0,124680.0,25.0,143087.5,13.0,116680.0,31.0,123981.33333333333,26.714285714285715,117084.35714285714,123750.0,125.0
Ноутбук ASUS ROG Zephyrus G14,2025-03-19,Новосибирск,ASUS,Электроника,12,126719.0,126719.0,0.0,303.0,4.8,609.0,7.0,Марс (Mars),False,False,2,3,1,12.0,122290.0,61.0,124974.0,38.0,135509.0,14.666666666666666,124563.0,23.0,115828.64285714286,146775.0,130.0
Ноутбук Acer Predator Helios 300,2025-03-01,Казань,Acer,Электроника,22,103090.0,103090.0,0.0,112.0,4.2,517.0,3.0,"РАО «Кириллова, Зыков и Моисеев»",True,False,5,3,1,,,,,,,,,,,105050.0,196.0
Ноутбук Acer Predator Helios 300,2025-03-01,Нижний Новгород,Acer,Электроника,10,132570.0,132570.0,0.0,74.0,4.6,228.0,3.0,"НПО «Васильев, Брагин и Максимов»",True,False,5,3,1,22.0,103090.0,,,,,,,,,132165.0,201.0
Ноутбук Acer Predator Helios 300,2025-03-02,Казань,Acer,Электроника,26,107319.5,130299.0,18.0,174.5,4.4,341.5,7.0,ЗАО «Гурьева-Карпов»,True,False,6,3,1,10.0,132570.0,,,,,19.333333333333332,114326.5,,,121755.0,188.0
Ноутбук Acer Predator Helios 300,2025-03-02,Москва,Acer,Электроника,75,106637.0,115414.5,7.5,227.5,4.25,444.0,5.0,ОАО «Кулакова-Лукин»,True,False,6,3,1,26.0,107319.5,22.0,103090.0,,,37.0,115508.83333333333,,,117939.0,139.0
Ноутбук Acer Predator Helios 300,2025-03-02,Санкт-Петербург,Acer,Электроника,44,133132.0,133132.0,0.0,106.5,4.199999999999999,509.0,3.0,НПО «Бирюкова-Сафонова»,True,False,6,3,1,75.0,106637.0,10.0,132570.0,,,48.333333333333336,115696.16666666667,,,73960.0,107.0
Ноутбук Acer Predator Helios 300,2025-03-03,Екатеринбург,Acer,Электроника,18,123289.0,123289.0,0.0,478.0,4.1,488.0,3.0,РАО «Пахомова Козлова»,False,False,0,3,1,44.0,133132.0,26.0,107319.5,,,45.666666666666664,121019.33333333333,,,124475.0,105.0
Ноутбук Acer Predator Helios 300,2025-03-03,Самара,Acer,Электроника,12,113165.0,113165.0,0.0,268.0,4.6,299.0,2.0,НПО «Шилов»,False,False,0,3,1,18.0,123289.0,75.0,106637.0,,,24.666666666666668,123195.33333333333,29.571428571428573,117028.92857142857,94609.0,116.0
Ноутбук Acer Predator Helios 300,2025-03-03,Уфа,Acer,Электроника,11,105050.0,105050.0,0.0,252.0,4.6,427.0,1.0,Торговая сеть Красное и Белое,False,False,0,3,1,12.0,113165.0,44.0,133132.0,22.0,103090.0,13.666666666666666,113834.66666666667,28.0,117308.92857142857,90409.0,118.0
Ноутбук Acer Predator Helios 300,2025-03-04,Нижний Новгород,Acer,Электроника,15,132165.0,132165.0,0.0,281.0,4.1,356.0,5.0,ЗАО «Сидорова Некрасова»,False,False,1,3,1,11.0,105050.0,18.0,123289.0,10.0,132570.0,12.666666666666666,116793.33333333333,28.714285714285715,117251.07142857143,118070.0,135.0
Ноутбук Acer Predator Helios 300,2025-03-06,Новосибирск,Acer,Электроника,13,121755.0,121755.0,0.0,455.0,4.2,324.0,2.0,Адидас (Adidas),False,False,3,3,1,15.0,132165.0,12.0,113165.0,26.0,107319.5,13.0,119656.66666666667,26.857142857142858,119313.28571428571,129250.0,132.0
Ноутбук Acer Predator Helios 300,2025-03-06,Санкт-Петербург,Acer,Электроника,26,117939.0,117939.0,0.0,428.0,4.5,410.0,1.0,РАО «Муравьев Исаков»,False,False,3,3,1,13.0,121755.0,11.0,105050.0,75.0,106637.0,18.0,123953.0,19.857142857142858,120927.85714285714,100380.0,121.0
Ноутбук Acer Predator Helios 300,2025-03-07,Екатеринбург,Acer,Электроника,12,73960.0,113805.0,35.0,79.0,4.1,505.0,3.0,АО «Сорокин-Горшкова»,False,False,4,3,1,26.0,117939.0,15.0,132165.0,44.0,133132.0,17.0,104551.33333333333,15.285714285714286,112474.71428571429,132670.0,124.0
Ноутбук Acer Predator Helios 300,2025-03-08,Челябинск,Acer,Электроника,16,124475.0,124475.0,0.0,170.0,4.4,237.0,5.0,"ИП «Сидорова, Силин и Лазарева»",True,True,5,3,1,12.0,73960.0,13.0,121755.0,18.0,123289.0,18.0,105458.0,15.0,112644.14285714286,105235.0,120.0
Ноутбук Acer Predator Helios 300,2025-03-09,Екатеринбург,Acer,Электроника,23,94609.0,124485.0,24.0,276.0,4.5,445.0,2.0,"РАО «Бирюкова, Логинов и Соловьева»",True,False,6,3,1,16.0,124475.0,26.0,117939.0,12.0,113165.0,17.0,97681.33333333333,16.571428571428573,109993.28571428571,121459.0,113.0
Ноутбук Acer Predator Helios 300,2025-03-09,Ростов-на-Дону,Acer,Электроника,13,90409.0,105125.0,14.0,426.0,4.4,504.0,3.0,РАО «Никифорова»,True,False,6,3,1,23.0,94609.0,12.0,73960.0,11.0,105050.0,17.333333333333332,103164.33333333333,16.857142857142858,107901.71428571429,131830.0,114.0
Ноутбук Acer Predator Helios 300,2025-03-11,Новосибирск,Acer,Электроника,32,118070.0,125594.5,6.5,166.5,4.5,441.0,6.0,ОАО «Ширяев»,False,False,1,3,1,13.0,90409.0,16.0,124475.0,15.0,132165.0,22.666666666666668,101029.33333333333,19.285714285714285,105888.14285714286,111709.0,96.0
Ноутбук Acer Predator Helios 300,2025-03-12,Самара,Acer,Электроника,10,129250.0,129250.0,0.0,175.0,4.6,557.0,1.0,"РАО «Федорова, Ситникова и Мясникова»",False,False,2,3,1,32.0,118070.0,23.0,94609.0,13.0,121755.0,18.333333333333332,112576.33333333333,18.857142857142858,106958.85714285714,117119.0,101.0
Ноутбук Acer Predator Helios 300,2025-03-13,Москва,Acer,Электроника,15,100380.0,107940.0,7.0,467.0,4.3,588.0,3.0,Дроздов и партнеры,False,False,3,3,1,10.0,129250.0,13.0,90409.0,26.0,117939.0,19.0,115900.0,17.285714285714285,104450.42857142857,112769.0,104.0
Ноутбук Acer Predator Helios 300,2025-03-13,Санкт-Петербург,Acer,Электроника,15,132670.0,132670.0,0.0,208.0,4.4,383.0,2.0,ООО «Селиверстов Котов»,False,False,3,3,1,15.0,100380.0,32.0,118070.0,12.0,73960.0,13.333333333333334,120766.66666666667,17.714285714285715,112837.57142857143,104100.0,103.0
Ноутбук Acer Predator Helios 300,2025-03-13,Челябинск,Acer,Электроника,12,105235.0,105235.0,0.0,32.0,4.2,648.0,7.0,НПО «Бирюкова-Абрамов»,False,False,3,3,1,15.0,132670.0,10.0,129250.0,16.0,124475.0,14.0,112761.66666666667,17.142857142857142,110089.0,120665.0,110.0
Ноутбук Acer Predator Helios 300,2025-03-14,Екатеринбург,Acer,Электроника,16,121459.0,121459.0,0.0,188.0,4.5,434.0,3.0,"ЗАО «Воробьева, Фомина и Смирнова»",False,False,4,3,1,12.0,105235.0,15.0,100380.0,23.0,94609.0,14.333333333333334,119788.0,16.142857142857142,113924.71428571429,132759.0,110.0
Ноутбук Acer Predator Helios 300,2025-03-14,Казань,Acer,Электроника,14,131830.0,131830.0,0.0,85.0,4.2,389.0,2.0,ООО «Петухов-Родионова»,False,False,4,3,1,16.0,121459.0,15.0,132670.0,13.0,90409.0,14.0,119508.0,16.285714285714285,119842.0,122500.0,123.0
Ноутбук Acer Predator Helios 300,2025-03-14,Москва,Acer,Электроника,14,111709.0,111709.0,0.0,264.0,4.5,494.0,1.0,"ИП «Зайцев, Наумова и Гаврилов»",False,False,4,3,1,14.0,131830.0,12.0,105235.0,32.0,118070.0,14.666666666666666,121666.0,13.714285714285714,118933.28571428571,122975.0,147.0
Ноутбук Acer Predator Helios 300,2025-03-14,Нижний Новгород,Acer,Электроника,15,117119.0,123289.0,5.0,115.0,4.6,456.0,3.0,Корнилов Инк,False,False,4,3,1,14.0,111709.0,16.0,121459.0,10.0,129250.0,14.333333333333334,120219.33333333333,14.428571428571429,117200.28571428571,123439.0,144.0
Ноутбук Acer Predator Helios 300,2025-03-14,Новосибирск,Acer,Электроника,18,112769.0,112769.0,0.0,294.5,4.65,433.5,2.0,"НПО «Новиков, Исаков и Русаков»",False,False,4,3,1,15.0,117119.0,14.0,131830.0,15.0,100380.0,15.666666666666666,113865.66666666667,14.857142857142858,118970.14285714286,116940.0,139.0
Ноутбук Acer Predator Helios 300,2025-03-15,Новосибирск,Acer,Электроника,14,104100.0,135205.0,23.0,44.0,4.5,423.0,5.0,НПО «Ершов»,True,False,5,3,1,18.0,112769.0,14.0,111709.0,15.0,132670.0,15.666666666666666,111329.33333333333,14.714285714285714,114888.71428571429,70819.0,137.0
Ноутбук Acer Predator Helios 300,2025-03-15,Ростов-на-Дону,Acer,Электроника,19,120665.0,120665.0,0.0,97.0,4.3,266.0,1.0,НПО «Кудрявцев Сорокина»,True,False,5,3,1,14.0,104100.0,15.0,117119.0,12.0,105235.0,17.0,112511.33333333333,15.714285714285714,117093.0,133765.0,134.0
Ноутбук Acer Predator Helios 300,2025-03-16,Казань,Acer,Электроника,16,132759.0,132759.0,0.0,424.0,4.7,310.0,3.0,"ЗАО «Лебедева, Герасимов и Ковалев»",True,False,6,3,1,19.0,120665.0,18.0,112769.0,16.0,121459.0,16.333333333333332,119174.66666666667,15.714285714285714,118707.28571428571,68569.0,136.0
Ноутбук Acer Predator Helios 300,2025-03-16,Новосибирск,Acer,Электроника,27,122500.0,122500.0,0.0,339.5,4.199999999999999,473.5,4.0,ЗАО «Тихонова»,True,False,6,3,1,16.0,132759.0,14.0,104100.0,14.0,131830.0,20.666666666666668,125308.0,17.571428571428573,117374.42857142857,127419.0,119.0
Ноутбук Acer Predator Helios 300,2025-03-16,Санкт-Петербург,Acer,Электроника,38,122975.0,122975.0,0.0,377.0,4.4,603.0,2.0,Ситников и партнеры,True,False,6,3,1,27.0,122500.0,19.0,120665.0,14.0,111709.0,27.0,126078.0,21.0,118983.85714285714,115035.0,105.0
Ноутбук Acer Predator Helios 300,2025-03-17,Ростов-на-Дону,Acer,Электроника,12,123439.0,123439.0,0.0,330.0,4.4,292.0,1.0,НПО «Колобов»,False,False,0,3,1,38.0,122975.0,16.0,132759.0,15.0,117119.0,25.666666666666668,122971.33333333333,20.571428571428573,119886.71428571429,119509.0,106.0
Ноутбук Acer Predator Helios 300,2025-03-17,Санкт-Петербург,Acer,Электроника,13,116940.0,116940.0,0.0,125.0,4.5,650.0,3.0,ЗАО «Красильникова»,False,False,0,3,1,12.0,123439.0,27.0,122500.0,18.0,112769.0,21.0,121118.0,19.857142857142858,120482.57142857143,122957.0,134.0
Ноутбук Acer Predator Helios 300,2025-03-18,Екатеринбург,Acer,Электроника,12,70819.0,110650.0,36.0,47.0,4.3,392.0,1.0,Сидорова Инкорпорэйтед,False,False,1,3,1,13.0,116940.0,38.0,122975.0,14.0,104100.0,12.333333333333334,103732.66666666667,19.571428571428573,115728.14285714286,111930.0,134.0
Ноутбук Acer Predator Helios 300,2025-03-18,Нижний Новгород,Acer,Электроника,16,133765.0,133765.0,0.0,69.0,4.4,304.0,2.0,ЗАО «Белякова-Афанасьев»,False,False,1,3,1,12.0,70819.0,12.0,123439.0,19.0,120665.0,13.666666666666666,107174.66666666667,19.142857142857142,117599.57142857143,109180.0,134.0
Ноутбук Acer Predator Helios 300,2025-03-19,Москва,Acer,Электроника,18,68569.0,110600.0,38.0,258.0,4.5,583.0,7.0,ОАО «Горбачева-Калашникова»,False,False,2,3,1,16.0,133765.0,13.0,116940.0,16.0,132759.0,15.333333333333334,91051.0,19.428571428571427,108429.57142857143,127590.0,127.0
Ноутбук Acer Predator Helios 300,2025-03-19,Новосибирск,Acer,Электроника,10,127419.0,127419.0,0.0,346.0,4.6,263.0,3.0,ОАО «Козлов»,False,False,2,3,1,18.0,68569.0,12.0,70819.0,27.0,122500.0,14.666666666666666,109917.66666666667,17.0,109132.28571428571,112940.0,146.0
Ноутбук Acer Predator Helios 300,2025-03-19,Санкт-Петербург,Acer,Электроника,24,115035.0,115035.0,0.0,339.0,4.5,537.0,2.0,"ОАО «Егорова, Белов и Горбачева»",False,False,2,3,1,10.0,127419.0,16.0,133765.0,38.0,122975.0,17.333333333333332,103674.33333333333,15.0,107998.0,111915.0,129.0
Ноутбук Apple MacBook Pro 16,2025-03-01,Москва,Apple,Электроника,39,225555.0,225555.0,0.0,529.0,4.8,696.0,2.0,ТОАЗ,True,False,5,3,1,,,,,,,,,,,223730.0,168.0
Ноутбук Apple MacBook Pro 16,2025-03-01,Новосибирск,Apple,Электроника,28,219920.0,219920.0,0.0,132.0,5.0,506.0,3.0,ОАО «Щукин»,True,False,5,3,1,39.0,225555.0,,,,,,,,,190585.0,148.0
Ноутбук Apple MacBook Pro 16,2025-03-01,Челябинск,Apple,Электроника,18,121195.0,189370.0,36.0,109.0,4.9,297.0,7.0,"ООО «Власов, Петухова и Зыкова»",True,False,5,3,1,28.0,219920.0,,,,,28.333333333333332,188890.0,,,203639.0,153.0
Ноутбук Apple MacBook Pro 16,2025-03-02,Санкт-Петербург,Apple,Электроника,56,187325.0,187325.0,0.0,285.0,4.800000000000001,495.5,4.0,НПО «Лихачева Симонова»,True,False,6,3,1,18.0,121195.0,39.0,225555.0,,,34.0,176146.66666666666,,,99815.0,109.0
Ноутбук Apple MacBook Pro 16,2025-03-03,Санкт-Петербург,Apple,Электроника,27,199849.0,199849.0,0.0,272.0,4.7,426.0,3.0,Журавлев Лтд,False,False,0,3,1,56.0,187325.0,28.0,219920.0,,,33.666666666666664,169456.33333333334,,,204239.0,132.0
Ноутбук Apple MacBook Pro 16,2025-03-03,Челябинск,Apple,Электроника,15,212829.0,212829.0,0.0,199.0,5.0,512.0,1.0,ЗАО «Гришин»,False,False,0,3,1,27.0,199849.0,18.0,121195.0,,,32.666666666666664,200001.0,,,192350.0,145.0
Ноутбук Apple MacBook Pro 16,2025-03-04,Ростов-на-Дону,Apple,Электроника,11,218510.0,218510.0,0.0,259.0,4.9,516.0,2.0,Группа компаний ПИК,False,False,1,3,1,15.0,212829.0,56.0,187325.0,,,17.666666666666668,210396.0,27.714285714285715,197883.2857142857,208800.0,152.0
Ноутбук Apple MacBook Pro 16,2025-03-04,Самара,Apple,Электроника,13,223730.0,223730.0,0.0,321.0,4.8,581.0,7.0,ООО «Фадеева»,False,False,1,3,1,11.0,218510.0,27.0,199849.0,39.0,225555.0,13.0,218356.33333333334,24.0,197622.57142857142,173735.0,153.0
Ноутбук Apple MacBook Pro 16,2025-03-04,Уфа,Apple,Электроника,8,190585.0,190585.0,0.0,62.0,4.6,512.0,3.0,НПО «Рогова Лапина»,False,False,1,3,1,13.0,223730.0,15.0,212829.0,28.0,219920.0,10.666666666666666,210941.66666666666,21.142857142857142,193431.85714285713,203775.0,160.0
Ноутбук Apple MacBook Pro 16,2025-03-06,Санкт-Петербург,Apple,Электроника,23,203639.0,203639.0,0.0,398.0,4.8,642.0,5.0,"ООО «Хохлова, Зимин и Котов»",False,False,3,3,1,8.0,190585.0,11.0,218510.0,18.0,121195.0,14.666666666666666,205984.66666666666,21.857142857142858,205209.57142857142,170139.0,157.0
Ноутбук Apple MacBook Pro 16,2025-03-07,Ростов-на-Дону,Apple,Электроника,12,99815.0,199645.0,50.0,169.0,5.0,689.0,5.0,Макдоналдc (McDonald`s),False,False,4,3,1,23.0,203639.0,13.0,223730.0,56.0,187325.0,14.333333333333334,164679.66666666666,15.571428571428571,192708.14285714287,128945.0,173.0
Ноутбук Apple MacBook Pro 16,2025-03-08,Казань,Apple,Электроника,50,204239.0,204239.0,0.0,149.0,4.7,381.0,3.0,ОАО «Кабанов Афанасьева»,True,True,5,3,1,12.0,99815.0,8.0,190585.0,27.0,199849.0,28.333333333333332,169231.0,18.857142857142858,193335.2857142857,218935.0,132.0
Ноутбук Apple MacBook Pro 16,2025-03-08,Нижний Новгород,Apple,Электроника,28,192350.0,192350.0,0.0,45.0,4.7,589.0,3.0,АО «Казаков-Якушев»,True,True,5,3,1,50.0,204239.0,23.0,203639.0,15.0,212829.0,30.0,165468.0,20.714285714285715,190409.7142857143,179140.0,113.0
Ноутбук Apple MacBook Pro 16,2025-03-08,Уфа,Apple,Электроника,18,208800.0,208800.0,0.0,471.0,5.0,456.0,2.0,ЗАО «Сысоева-Петров»,True,True,5,3,1,28.0,192350.0,12.0,99815.0,11.0,218510.0,32.0,201796.33333333334,21.714285714285715,189022.57142857142,212119.0,112.0
Ноутбук Apple MacBook Pro 16,2025-03-10,Екатеринбург,Apple,Электроника,14,173735.0,173735.0,0.0,363.0,4.8,361.0,7.0,ЗАО «Лазарева-Голубев»,False,False,0,3,1,18.0,208800.0,50.0,204239.0,13.0,223730.0,20.0,191628.33333333334,21.857142857142858,181880.42857142858,90059.0,115.0
Ноутбук Apple MacBook Pro 16,2025-03-10,Челябинск,Apple,Электроника,15,203775.0,203775.0,0.0,348.0,4.8,439.0,3.0,РАО «Фомичева-Соколова»,False,False,0,3,1,14.0,173735.0,28.0,192350.0,8.0,190585.0,15.666666666666666,195436.66666666666,22.857142857142858,183764.7142857143,194610.0,125.0
Ноутбук Apple MacBook Pro 16,2025-03-11,Москва,Apple,Электроника,20,170139.0,170139.0,0.0,257.0,4.8,396.0,1.0,ЗАО «Кудряшова»,False,False,1,3,1,15.0,203775.0,18.0,208800.0,23.0,203639.0,16.333333333333332,182549.66666666666,22.428571428571427,178979.0,181379.0,154.0
Ноутбук Apple MacBook Pro 16,2025-03-11,Санкт-Петербург,Apple,Электроника,28,128945.0,198390.0,35.0,336.0,5.0,719.0,5.0,ИП «Кулагина Большакова»,False,False,1,3,1,20.0,170139.0,14.0,173735.0,12.0,99815.0,21.0,167619.66666666666,24.714285714285715,183140.42857142858,172690.0,135.0
Ноутбук Apple MacBook Pro 16,2025-03-12,Нижний Новгород,Apple,Электроника,9,218935.0,218935.0,0.0,89.0,5.0,627.0,5.0,ООО «Игнатьев-Зуева»,False,False,2,3,1,28.0,128945.0,15.0,203775.0,50.0,204239.0,19.0,172673.0,18.857142857142858,185239.85714285713,197067.5,154.0
Ноутбук Apple MacBook Pro 16,2025-03-12,Челябинск,Apple,Электроника,9,179140.0,179140.0,0.0,172.0,4.9,313.0,1.0,ЗАО «Быкова-Кириллов»,False,False,2,3,1,9.0,218935.0,20.0,170139.0,28.0,192350.0,15.333333333333334,175673.33333333334,16.142857142857142,183352.7142857143,198450.0,151.0
Ноутбук Apple MacBook Pro 16,2025-03-13,Екатеринбург,Apple,Электроника,17,212119.0,212119.0,0.0,333.0,4.8,568.0,7.0,ООО «Кабанова Кононов»,False,False,3,3,1,9.0,179140.0,28.0,128945.0,18.0,208800.0,11.666666666666666,203398.0,16.0,183826.85714285713,228399.0,142.0
Ноутбук Apple MacBook Pro 16,2025-03-15,Екатеринбург,Apple,Электроника,17,90059.0,180125.0,50.0,26.0,4.7,670.0,7.0,Пахомова Групп,True,False,5,3,1,17.0,212119.0,9.0,218935.0,14.0,173735.0,14.333333333333334,160439.33333333334,16.428571428571427,171873.14285714287,210555.0,140.0
Ноутбук Apple MacBook Pro 16,2025-03-16,Екатеринбург,Apple,Электроника,25,194610.0,194610.0,0.0,453.0,5.0,591.0,2.0,НЗНП,True,False,6,3,1,17.0,90059.0,9.0,179140.0,15.0,203775.0,19.666666666666668,165596.0,17.857142857142858,170563.85714285713,173440.0,127.0
Ноутбук Apple MacBook Pro 16,2025-03-16,Москва,Apple,Электроника,49,181379.0,181379.0,0.0,418.0,5.0,431.0,7.0,ОАО «Калинин»,True,False,6,3,1,25.0,194610.0,17.0,212119.0,20.0,170139.0,30.333333333333332,155349.33333333334,22.0,172169.57142857142,218135.0,92.0
Ноутбук Apple MacBook Pro 16,2025-03-17,Самара,Apple,Электроника,9,172690.0,172690.0,0.0,492.0,5.0,275.0,2.0,"НПО «Воробьев, Фомина и Козлова»",False,False,0,3,1,49.0,181379.0,17.0,90059.0,28.0,128945.0,27.666666666666668,182893.0,19.285714285714285,178418.85714285713,204459.5,132.0
Ноутбук Apple MacBook Pro 16,2025-03-19,Новосибирск,Apple,Электроника,28,197067.5,197067.5,0.0,356.0,4.85,376.0,5.0,Мясников Инк,False,False,2,3,1,9.0,172690.0,25.0,194610.0,9.0,218935.0,28.666666666666668,183712.16666666666,22.0,175294.92857142858,188809.0,118.0
Ноутбук Apple MacBook Pro 16,2025-03-19,Уфа,Apple,Электроника,6,198450.0,198450.0,0.0,309.0,4.8,308.0,2.0,Ларионова Лтд,False,False,2,3,1,28.0,197067.5,49.0,181379.0,9.0,179140.0,14.333333333333334,189402.5,21.571428571428573,178053.5,209130.0,121.0
Ноутбук Apple MacBook Pro 16,2025-03-19,Челябинск,Apple,Электроника,8,228399.0,228399.0,0.0,214.0,4.6,475.0,5.0,ВЭБ.РФ,False,False,2,3,1,6.0,198450.0,9.0,172690.0,17.0,212119.0,14.0,207972.16666666666,20.285714285714285,180379.2142857143,206115.0,141.0
Ноутбук Lenovo Legion Pro 7,2025-03-01,Казань,Lenovo,Электроника,9,175000.0,175000.0,0.0,93.0,4.7,683.0,2.0,НПО «Маслова-Овчинникова»,True,False,5,3,1,,,,,,,,,,,168750.0,134.0
Ноутбук Lenovo Legion Pro 7,2025-03-01,Москва,Lenovo,Электроника,38,147480.0,147480.0,0.0,49.0,4.3,544.0,3.0,ИП «Михеев-Ситникова»,True,False,5,3,1,9.0,175000.0,,,,,,,,,136909.0,105.0
Ноутбук Lenovo Legion Pro 7,2025-03-01,Самара,Lenovo,Электроника,17,143329.0,143329.0,0.0,143.0,4.3,593.0,5.0,"ОАО «Маркова, Шашков и Молчанова»",True,False,5,3,1,38.0,147480.0,,,,,21.333333333333332,155269.66666666666,,,145060.0,99.0
Ноутбук Lenovo Legion Pro 7,2025-03-02,Самара,Lenovo,Электроника,19,161389.0,161389.0,0.0,177.0,4.9,476.0,3.0,ИП «Лихачев-Васильев»,True,False,6,3,1,17.0,143329.0,9.0,175000.0,,,24.666666666666668,150732.66666666666,,,181235.0,87.0
Ноутбук Lenovo Legion Pro 7,2025-03-02,Санкт-Петербург,Lenovo,Электроника,16,147570.0,147570.0,0.0,89.0,4.5,613.0,5.0,ЗАО «Виноградов Прохорова»,True,False,6,3,1,19.0,161389.0,38.0,147480.0,,,17.333333333333332,150762.66666666666,,,156050.0,83.0
Ноутбук Lenovo Legion Pro 7,2025-03-03,Новосибирск,Lenovo,Электроника,14,152710.0,171579.0,11.0,484.0,4.5,250.0,5.0,ООО «Гордеева»,False,False,0,3,1,16.0,147570.0,17.0,143329.0,,,16.333333333333332,153889.66666666666,,,146560.0,118.0
Ноутбук Lenovo Legion Pro 7,2025-03-04,Санкт-Петербург,Lenovo,Электроника,19,152175.0,152175.0,0.0,474.0,4.8,353.0,5.0,Давыдов Лимитед,False,False,1,3,1,14.0,152710.0,19.0,161389.0,,,16.333333333333332,150818.33333333334,18.857142857142858,154236.14285714287,165745.0,125.0
Ноутбук Lenovo Legion Pro 7,2025-03-05,Казань,Lenovo,Электроника,11,168750.0,168750.0,0.0,490.0,4.6,318.0,3.0,Лебедева Лимитед,False,False,2,3,1,19.0,152175.0,16.0,147570.0,9.0,175000.0,14.666666666666666,157878.33333333334,19.142857142857142,153343.2857142857,173310.0,124.0
Ноутбук Lenovo Legion Pro 7,2025-03-06,Екатеринбург,Lenovo,Электроника,9,136909.0,136909.0,0.0,443.0,4.9,565.0,1.0,ИП «Павлова Калинина»,False,False,3,3,1,11.0,168750.0,14.0,152710.0,38.0,147480.0,13.0,152611.33333333334,15.0,151833.14285714287,148715.0,201.0
Ноутбук Lenovo Legion Pro 7,2025-03-06,Казань,Lenovo,Электроника,11,145060.0,145060.0,0.0,221.0,4.6,421.0,3.0,ИП «Сазонов Мамонтова»,False,False,3,3,1,9.0,136909.0,19.0,152175.0,17.0,143329.0,10.333333333333334,150239.66666666666,14.142857142857142,152080.42857142858,183710.0,211.0
Ноутбук Lenovo Legion Pro 7,2025-03-06,Нижний Новгород,Lenovo,Электроника,7,181235.0,181235.0,0.0,298.0,4.9,675.0,2.0,АО «Соболева-Никонова»,False,False,3,3,1,11.0,145060.0,11.0,168750.0,19.0,161389.0,9.0,154401.33333333334,12.428571428571429,154915.57142857142,171809.0,226.0
Ноутбук Lenovo Legion Pro 7,2025-03-07,Санкт-Петербург,Lenovo,Электроника,12,156050.0,156050.0,0.0,262.0,4.6,382.0,3.0,НПО «Мухин Павлов»,False,False,4,3,1,7.0,181235.0,9.0,136909.0,16.0,147570.0,10.0,160781.66666666666,11.857142857142858,156127.0,137149.0,225.0
Ноутбук Lenovo Legion Pro 7,2025-03-08,Казань,Lenovo,Электроника,49,146560.0,146560.0,0.0,264.0,4.6,524.0,2.0,ОАО «Белозеров»,True,True,5,3,1,12.0,156050.0,11.0,145060.0,14.0,152710.0,22.666666666666668,161281.66666666666,16.857142857142858,155248.42857142858,90415.0,187.0
Ноутбук Lenovo Legion Pro 7,2025-03-08,Нижний Новгород,Lenovo,Электроника,26,165745.0,165745.0,0.0,171.0,4.6,671.0,2.0,ОАО «Тетерин Артемьева»,True,True,5,3,1,49.0,146560.0,7.0,181235.0,19.0,152175.0,29.0,156118.33333333334,17.857142857142858,157187.0,176400.0,169.0
Ноутбук Lenovo Legion Pro 7,2025-03-09,Екатеринбург,Lenovo,Электроника,10,173310.0,173310.0,0.0,147.0,4.6,284.0,3.0,"РАО «Воронова, Аксенов и Носов»",True,False,6,3,1,26.0,165745.0,12.0,156050.0,11.0,168750.0,28.333333333333332,161871.66666666666,17.714285714285715,157838.42857142858,136369.0,170.0
Ноутбук Lenovo Legion Pro 7,2025-03-09,Москва,Lenovo,Электроника,86,148715.0,148715.0,0.0,297.0,4.5,443.0,1.5,ИП «Прохоров-Самойлов»,True,False,6,3,1,10.0,173310.0,49.0,146560.0,9.0,136909.0,40.666666666666664,162590.0,28.714285714285715,159525.0,149390.0,98.0
Ноутбук Lenovo Legion Pro 7,2025-03-09,Новосибирск,Lenovo,Электроника,21,183710.0,183710.0,0.0,252.0,4.8,562.0,2.0,ЗАО «Кабанов»,True,False,6,3,1,86.0,148715.0,26.0,165745.0,11.0,145060.0,39.0,168578.33333333334,30.142857142857142,165046.42857142858,156354.0,97.0
Ноутбук Lenovo Legion Pro 7,2025-03-10,Москва,Lenovo,Электроника,22,171809.0,171809.0,0.0,307.0,4.3,442.0,2.0,ИП «Шаров-Петров»,False,False,0,3,1,21.0,183710.0,10.0,173310.0,7.0,181235.0,43.0,168078.0,32.285714285714285,163699.85714285713,140955.0,93.0
Ноутбук Lenovo Legion Pro 7,2025-03-10,Самара,Lenovo,Электроника,11,137149.0,137149.0,0.0,158.0,4.5,674.0,2.0,ООО «Галкина-Щербаков»,False,False,0,3,1,22.0,171809.0,86.0,148715.0,12.0,156050.0,18.0,164222.66666666666,32.142857142857146,160999.7142857143,143660.0,102.0
Ноутбук Lenovo Legion Pro 7,2025-03-10,Челябинск,Lenovo,Электроника,11,90415.0,173890.0,48.0,88.0,4.4,335.0,2.0,"ЗАО «Копылова, Молчанова и Шестаков»",False,False,0,3,1,11.0,137149.0,21.0,183710.0,49.0,146560.0,14.666666666666666,133124.33333333334,26.714285714285715,152979.0,179440.0,118.0
Ноутбук Lenovo Legion Pro 7,2025-03-11,Екатеринбург,Lenovo,Электроника,8,176400.0,176400.0,0.0,371.0,4.5,604.0,2.0,Шестаков Лимитед,False,False,1,3,1,11.0,90415.0,22.0,171809.0,26.0,165745.0,10.0,134654.66666666666,24.142857142857142,154501.14285714287,168770.0,117.0
Ноутбук Lenovo Legion Pro 7,2025-03-11,Нижний Новгород,Lenovo,Электроника,11,136369.0,136369.0,0.0,278.0,4.5,559.0,3.0,Князева Групп,False,False,1,3,1,8.0,176400.0,11.0,137149.0,10.0,173310.0,10.0,134394.66666666666,24.285714285714285,149223.85714285713,82230.0,118.0
Ноутбук Lenovo Legion Pro 7,2025-03-12,Нижний Новгород,Lenovo,Электроника,14,149390.0,149390.0,0.0,418.0,4.5,497.0,2.0,НПО «Емельянов-Белякова»,False,False,2,3,1,11.0,136369.0,11.0,90415.0,86.0,148715.0,11.0,154053.0,14.0,149320.2857142857,177150.0,128.0
Ноутбук Lenovo Legion Pro 7,2025-03-12,Уфа,Lenovo,Электроника,20,156354.0,156354.0,0.0,293.5,4.45,599.5,3.0,Силина и партнеры,False,False,2,3,1,14.0,149390.0,8.0,176400.0,21.0,183710.0,15.0,147371.0,13.857142857142858,145412.2857142857,166250.0,132.0
Ноутбук Lenovo Legion Pro 7,2025-03-13,Москва,Lenovo,Электроника,18,140955.0,140955.0,0.0,323.0,4.6,276.0,5.0,"РАО «Носова, Пономарев и Быкова»",False,False,3,3,1,20.0,156354.0,11.0,136369.0,22.0,171809.0,17.333333333333332,148899.66666666666,13.285714285714286,141004.57142857142,159934.5,141.0
Ноутбук Lenovo Legion Pro 7,2025-03-13,Нижний Новгород,Lenovo,Электроника,20,143660.0,154284.5,6.5,232.5,4.449999999999999,523.0,3.5,РАО «Карпов-Белозеров»,False,False,3,3,1,18.0,140955.0,14.0,149390.0,11.0,137149.0,19.333333333333332,146989.66666666666,14.571428571428571,141934.7142857143,136990.0,157.0
Ноутбук Lenovo Legion Pro 7,2025-03-13,Санкт-Петербург,Lenovo,Электроника,27,179440.0,179440.0,0.0,215.0,4.9,655.0,7.0,ИП «Муравьева Морозов»,False,False,3,3,1,20.0,143660.0,20.0,156354.0,11.0,90415.0,21.666666666666668,154685.0,16.857142857142858,154652.57142857142,157749.0,139.0
Ноутбук Lenovo Legion Pro 7,2025-03-13,Челябинск,Lenovo,Электроника,7,168770.0,168770.0,0.0,427.0,4.7,549.0,2.0,"ОАО «Крылова, Филатова и Мясникова»",False,False,3,3,1,27.0,179440.0,18.0,140955.0,8.0,176400.0,18.0,163956.66666666666,16.714285714285715,153562.57142857142,172739.0,137.0
Ноутбук Lenovo Legion Pro 7,2025-03-14,Екатеринбург,Lenovo,Электроника,12,82230.0,161230.0,49.0,259.0,4.5,514.0,3.0,Кириллова Лтд,False,False,4,3,1,7.0,168770.0,20.0,143660.0,11.0,136369.0,15.333333333333334,143480.0,16.857142857142858,145828.42857142858,180140.0,141.0
Ноутбук Lenovo Legion Pro 7,2025-03-15,Казань,Lenovo,Электроника,24,177150.0,177150.0,0.0,243.0,4.8,618.0,3.0,"ОАО «Исаев, Беляков и Юдин»",True,False,5,3,1,12.0,82230.0,27.0,179440.0,14.0,149390.0,14.333333333333334,142716.66666666666,18.285714285714285,149794.14285714287,151510.0,131.0
Ноутбук Lenovo Legion Pro 7,2025-03-15,Нижний Новгород,Lenovo,Электроника,24,166250.0,166250.0,0.0,292.0,4.6,342.0,5.0,РАО «Уварова-Субботина»,True,False,5,3,1,24.0,177150.0,7.0,168770.0,20.0,156354.0,20.0,141876.66666666666,18.857142857142858,151207.85714285713,143190.0,118.0
Ноутбук Lenovo Legion Pro 7,2025-03-15,Уфа,Lenovo,Электроника,27,159934.5,159934.5,0.0,239.5,4.75,509.0,4.0,РАО «Сысоев Гурьева»,True,False,5,3,1,24.0,166250.0,12.0,82230.0,18.0,140955.0,25.0,167778.16666666666,20.142857142857142,153919.2142857143,129857.5,109.0
Ноутбук Lenovo Legion Pro 7,2025-03-16,Москва,Lenovo,Электроника,36,136990.0,173400.0,21.0,368.0,4.7,628.0,2.0,Логинов и партнеры,True,False,6,3,1,27.0,159934.5,24.0,177150.0,20.0,143660.0,29.0,154391.5,22.428571428571427,152966.35714285713,163304.5,100.0
Ноутбук Lenovo Legion Pro 7,2025-03-17,Казань,Lenovo,Электроника,9,157749.0,157749.0,0.0,498.0,4.5,434.0,2.0,ИП «Прохоров Вишнякова»,False,False,0,3,1,36.0,136990.0,24.0,166250.0,27.0,179440.0,24.0,151557.83333333334,19.857142857142858,149867.64285714287,172099.0,104.0
Ноутбук Lenovo Legion Pro 7,2025-03-17,Ростов-на-Дону,Lenovo,Электроника,5,172739.0,172739.0,0.0,314.0,4.8,336.0,3.0,Новартис Фарма (Novartis),False,False,0,3,1,9.0,157749.0,27.0,159934.5,7.0,168770.0,16.666666666666668,155826.0,19.571428571428573,150434.64285714287,148475.0,112.0
Ноутбук MSI Stealth 16,2025-03-01,Нижний Новгород,MSI,Электроника,9,176320.0,176320.0,0.0,208.0,4.2,245.0,2.0,Суханова Инкорпорэйтед,True,False,5,3,1,,,,,,,,,,,165389.0,111.0
Ноутбук MSI Stealth 16,2025-03-01,Ростов-на-Дону,MSI,Электроника,16,188210.0,188210.0,0.0,345.0,4.7,634.0,2.0,АО «Тарасов»,True,False,5,3,1,9.0,176320.0,,,,,,,,,164880.0,102.0
Ноутбук MSI Stealth 16,2025-03-01,Самара,MSI,Электроника,17,178815.0,178815.0,0.0,106.0,4.3,431.0,3.0,Пестова и партнеры,True,False,5,3,1,16.0,188210.0,,,,,14.0,181115.0,,,160570.0,151.0
Ноутбук MSI Stealth 16,2025-03-01,Санкт-Петербург,MSI,Электроника,30,180559.0,180559.0,0.0,120.0,4.3,643.0,3.0,ООО «Беспалов»,True,False,5,3,1,17.0,178815.0,9.0,176320.0,,,21.0,182528.0,,,97129.5,193.0
Ноутбук MSI Stealth 16,2025-03-02,Уфа,MSI,Электроника,9,122090.0,171960.0,29.0,432.0,4.4,300.0,2.0,РАО «Юдин»,True,False,6,3,1,30.0,180559.0,16.0,188210.0,,,18.666666666666668,160488.0,,,155720.0,200.0
Ноутбук MSI Stealth 16,2025-03-03,Уфа,MSI,Электроника,10,177855.0,177855.0,0.0,267.0,4.7,390.0,7.0,ЗАО «Попов Анисимова»,False,False,0,3,1,9.0,122090.0,17.0,178815.0,,,16.333333333333332,160168.0,,,177889.0,202.0
Ноутбук MSI Stealth 16,2025-03-04,Санкт-Петербург,MSI,Электроника,20,128450.0,154760.0,17.0,343.0,4.3,526.0,2.0,НПО «Корнилов»,False,False,1,3,1,10.0,177855.0,30.0,180559.0,,,13.0,142798.33333333334,15.857142857142858,164614.14285714287,174159.0,195.0
Ноутбук MSI Stealth 16,2025-03-06,Ростов-на-Дону,MSI,Электроника,9,165389.0,165389.0,0.0,402.0,4.3,640.0,3.0,НПО «Игнатова Воробьев»,False,False,3,3,1,20.0,128450.0,9.0,122090.0,9.0,176320.0,13.0,157231.33333333334,15.857142857142858,163052.57142857142,175415.0,210.0
Ноутбук MSI Stealth 16,2025-03-07,Екатеринбург,MSI,Электроника,7,164880.0,164880.0,0.0,431.0,4.7,284.0,2.0,"НПО «Тимофеев, Ларионов и Александрова»",False,False,4,3,1,9.0,165389.0,10.0,177855.0,16.0,188210.0,12.0,152906.33333333334,14.571428571428571,159719.7142857143,175750.0,228.0
Ноутбук MSI Stealth 16,2025-03-08,Москва,MSI,Электроника,66,160570.0,160570.0,0.0,139.0,4.3,371.0,5.0,ЗАО «Коновалов-Петрова»,True,True,5,3,1,7.0,164880.0,20.0,128450.0,17.0,178815.0,27.333333333333332,163613.0,21.571428571428573,157113.2857142857,118359.0,179.0
Ноутбук MSI Stealth 16,2025-03-08,Новосибирск,MSI,Электроника,72,97129.5,160822.5,39.5,313.0,4.45,341.0,4.0,"ОАО «Гаврилова, Белова и Емельянов»",True,True,5,3,1,66.0,160570.0,9.0,165389.0,30.0,180559.0,48.333333333333336,140859.83333333334,27.571428571428573,145194.7857142857,90880.0,118.0
Ноутбук MSI Stealth 16,2025-03-09,Казань,MSI,Электроника,16,155720.0,167440.0,7.0,364.0,4.6,233.0,7.0,ЗАО «Бобылева-Новикова»,True,False,6,3,1,72.0,97129.5,7.0,164880.0,9.0,122090.0,51.333333333333336,137806.5,28.571428571428573,149999.07142857142,149040.0,119.0
Ноутбук MSI Stealth 16,2025-03-10,Казань,MSI,Электроника,12,177889.0,177889.0,0.0,314.0,4.7,627.0,1.0,ЗАО «Петрова-Бурова»,False,False,0,3,1,16.0,155720.0,66.0,160570.0,10.0,177855.0,33.333333333333336,143579.5,28.857142857142858,150003.92857142858,107520.0,134.0
Ноутбук MSI Stealth 16,2025-03-10,Санкт-Петербург,MSI,Электроника,13,174159.0,174159.0,0.0,143.0,4.3,242.0,2.0,Голубев Инк,False,False,0,3,1,12.0,177889.0,72.0,97129.5,20.0,128450.0,13.666666666666666,169256.0,27.857142857142858,156533.7857142857,178109.0,128.0
Ноутбук MSI Stealth 16,2025-03-11,Санкт-Петербург,MSI,Электроника,24,175415.0,175415.0,0.0,396.0,4.3,645.0,2.0,Ашинский металлургический завод,False,False,1,3,1,13.0,174159.0,16.0,155720.0,9.0,165389.0,16.333333333333332,175821.0,30.0,157966.07142857142,170800.0,135.0
Ноутбук MSI Stealth 16,2025-03-12,Москва,MSI,Электроника,25,175750.0,175750.0,0.0,466.0,4.3,485.0,3.0,Белов Инк,False,False,2,3,1,24.0,175415.0,12.0,177889.0,7.0,164880.0,20.666666666666668,175108.0,32.57142857142857,159518.92857142858,176870.0,129.0
Ноутбук MSI Stealth 16,2025-03-12,Новосибирск,MSI,Электроника,17,118359.0,164385.0,28.0,346.0,4.5,394.0,5.0,Азбука вкуса,False,False,2,3,1,25.0,175750.0,13.0,174159.0,66.0,160570.0,22.0,156508.0,25.571428571428573,153488.7857142857,148369.0,122.0
Ноутбук MSI Stealth 16,2025-03-12,Уфа,MSI,Электроника,11,90880.0,178200.0,49.0,220.0,4.6,421.0,2.0,НПО «Александрова Быков»,False,False,2,3,1,17.0,118359.0,24.0,175415.0,72.0,97129.5,17.666666666666668,128329.66666666667,16.857142857142858,152596.0,176640.0,124.0
Ноутбук MSI Stealth 16,2025-03-13,Екатеринбург,MSI,Электроника,17,149040.0,149040.0,0.0,284.0,4.7,506.0,5.0,"НПО «Федосеева, Рябова и Данилова»",False,False,3,3,1,11.0,90880.0,25.0,175750.0,16.0,155720.0,15.0,119426.33333333333,17.0,151641.7142857143,156365.0,129.0
Ноутбук MSI Stealth 16,2025-03-13,Москва,MSI,Электроника,27,107520.0,155840.0,31.0,389.0,4.6,374.0,3.0,РАО «Федотов Сазонов»,False,False,3,3,1,17.0,149040.0,17.0,118359.0,12.0,177889.0,18.333333333333332,115813.33333333333,19.142857142857142,141589.0,162040.0,122.0
Ноутбук MSI Stealth 16,2025-03-13,Самара,MSI,Электроника,7,178109.0,178109.0,0.0,349.0,4.3,424.0,2.0,Фортум (Fortum),False,False,3,3,1,27.0,107520.0,11.0,90880.0,13.0,174159.0,17.0,144889.66666666666,18.285714285714285,142153.2857142857,178060.0,121.0
Ноутбук MSI Stealth 16,2025-03-14,Москва,MSI,Электроника,31,170800.0,170800.0,0.0,36.0,4.4,386.0,5.0,ИП «Меркушев-Чернов»,False,False,4,3,1,7.0,178109.0,17.0,149040.0,24.0,175415.0,21.666666666666668,152143.0,19.285714285714285,141494.0,132622.5,135.0
Ноутбук MSI Stealth 16,2025-03-14,Новосибирск,MSI,Электроника,19,176870.0,176870.0,0.0,166.0,4.7,643.0,2.0,ИП «Одинцова Александрова»,False,False,4,3,1,31.0,170800.0,27.0,107520.0,25.0,175750.0,19.0,175259.66666666666,18.428571428571427,141654.0,184099.0,128.0
Ноутбук MSI Stealth 16,2025-03-15,Нижний Новгород,MSI,Электроника,10,148369.0,148369.0,0.0,132.0,4.5,391.0,3.0,ИП «Попова»,True,False,5,3,1,19.0,176870.0,7.0,178109.0,17.0,118359.0,20.0,165346.33333333334,17.428571428571427,145941.14285714287,108275.0,127.0
Ноутбук MSI Stealth 16,2025-03-15,Уфа,MSI,Электроника,13,176640.0,176640.0,0.0,413.0,4.4,511.0,3.0,Герасимов Лимитед,True,False,5,3,1,10.0,148369.0,31.0,170800.0,11.0,90880.0,14.0,167293.0,17.714285714285715,158192.57142857142,152269.0,127.0
Ноутбук MSI Stealth 16,2025-03-16,Санкт-Петербург,MSI,Электроника,22,156365.0,156365.0,0.0,268.0,4.5,542.0,5.0,ОАО «Баранов-Стрелкова»,True,False,6,3,1,13.0,176640.0,19.0,176870.0,17.0,149040.0,15.0,160458.0,18.428571428571427,159239.0,163850.0,122.0
Ноутбук MSI Stealth 16,2025-03-16,Челябинск,MSI,Электроника,20,162040.0,162040.0,0.0,305.0,4.2,540.0,1.0,ООО «Данилова Королев»,True,False,6,3,1,22.0,156365.0,10.0,148369.0,27.0,107520.0,18.333333333333332,165015.0,17.428571428571427,167027.57142857142,188400.0,115.0
Ноутбук MSI Stealth 16,2025-03-17,Казань,MSI,Электроника,6,178060.0,178060.0,0.0,36.0,4.4,256.0,3.0,РАО «Мухин»,False,False,0,3,1,20.0,162040.0,13.0,176640.0,7.0,178109.0,16.0,165488.33333333334,17.285714285714285,167020.57142857142,182300.0,121.0
Ноутбук MSI Stealth 16,2025-03-17,Москва,MSI,Электроника,45,132622.5,177957.5,25.0,269.5,4.45,511.0,3.5,Сафонова Инкорпорэйтед,False,False,0,3,1,6.0,178060.0,22.0,156365.0,31.0,170800.0,23.666666666666668,157574.16666666666,19.285714285714285,161566.64285714287,175220.0,87.0
Ноутбук MSI Stealth 16,2025-03-17,Новосибирск,MSI,Электроника,12,184099.0,184099.0,0.0,237.0,4.6,483.0,2.0,НПО «Воробьева-Воронцова»,False,False,0,3,1,45.0,132622.5,20.0,162040.0,19.0,176870.0,21.0,164927.16666666666,18.285714285714285,162599.35714285713,174127.5,110.0
Ноутбук MSI Stealth 16,2025-03-18,Казань,MSI,Электроника,9,108275.0,166589.0,35.0,412.0,4.5,303.0,3.0,ООО «Кононова»,False,False,1,3,1,12.0,184099.0,6.0,178060.0,10.0,148369.0,22.0,141665.5,18.142857142857142,156871.64285714287,146829.0,117.0
Ноутбук MSI Stealth 16,2025-03-18,Нижний Новгород,MSI,Электроника,13,152269.0,152269.0,0.0,490.0,4.2,446.0,2.0,НПО «Иванов Мухина»,False,False,1,3,1,9.0,108275.0,45.0,132622.5,13.0,176640.0,11.333333333333334,148214.33333333334,18.142857142857142,153390.07142857142,161715.0,116.0
Ноутбук MSI Stealth 16,2025-03-18,Новосибирск,MSI,Электроника,17,163850.0,163850.0,0.0,340.0,4.3,369.0,3.0,Северный ветер,False,False,1,3,1,13.0,152269.0,12.0,184099.0,22.0,156365.0,13.0,141464.66666666666,17.428571428571427,154459.35714285713,169435.0,117.0
Ноутбук MSI Stealth 16,2025-03-19,Уфа,MSI,Электроника,13,188400.0,188400.0,0.0,415.0,4.7,375.0,5.0,АО «Родионов Фокин»,False,False,2,3,1,17.0,163850.0,9.0,108275.0,20.0,162040.0,14.333333333333334,168173.0,16.428571428571427,158225.07142857142,79990.0,117.0
Планшет Apple iPad Pro 12.9,2025-03-02,Екатеринбург,Apple,Электроника,28,114935.0,114935.0,0.0,94.0,4.8,282.0,2.0,ООО «Григорьев-Никонов»,True,False,6,3,1,,,,,,,,,,,121075.0,89.0
Планшет Apple iPad Pro 12.9,2025-03-02,Челябинск,Apple,Электроника,18,67150.0,98760.0,32.0,418.0,4.9,317.0,2.0,ОАО «Коновалова-Соболев»,True,False,6,3,1,28.0,114935.0,,,,,,,,,123449.0,86.0
Планшет Apple iPad Pro 12.9,2025-03-03,Уфа,Apple,Электроника,13,122780.0,122780.0,0.0,513.0,4.7,362.0,3.0,АО «Медведева-Горбунов»,False,False,0,3,1,18.0,67150.0,,,,,19.666666666666668,101621.66666666667,,,105445.0,84.0
Планшет Apple iPad Pro 12.9,2025-03-04,Казань,Apple,Электроника,17,95860.0,95860.0,0.0,190.0,4.8,640.0,5.0,ОАО «Шашкова Субботина»,False,False,1,3,1,13.0,122780.0,28.0,114935.0,,,16.0,95263.33333333333,,,105539.0,77.0
Планшет Apple iPad Pro 12.9,2025-03-05,Нижний Новгород,Apple,Электроника,13,121765.0,121765.0,0.0,328.0,4.8,374.0,3.0,ЗАО «Савельева Анисимова»,False,False,2,3,1,17.0,95860.0,18.0,67150.0,,,14.333333333333334,113468.33333333333,,,96919.0,79.0
Планшет Apple iPad Pro 12.9,2025-03-05,Ростов-на-Дону,Apple,Электроника,10,115919.0,115919.0,0.0,131.0,4.7,311.0,5.0,ЗАО «Маркова-Хохлова»,False,False,2,3,1,13.0,121765.0,13.0,122780.0,,,13.333333333333334,111181.33333333333,,,101779.0,91.0
Планшет Apple iPad Pro 12.9,2025-03-05,Самара,Apple,Электроника,10,109359.0,109359.0,0.0,219.0,4.9,283.0,7.0,"АО «Мельников, Ситникова и Тарасов»",False,False,2,3,1,10.0,115919.0,17.0,95860.0,,,11.0,115681.0,15.571428571428571,106824.0,113805.0,118.0
Планшет Apple iPad Pro 12.9,2025-03-05,Уфа,Apple,Электроника,8,121075.0,121075.0,0.0,172.0,4.9,679.0,3.0,"ИП «Якушева, Максимова и Панфилов»",False,False,2,3,1,10.0,109359.0,13.0,121765.0,28.0,114935.0,9.333333333333334,115451.0,12.714285714285714,107701.14285714286,124775.0,142.0
Планшет Apple iPad Pro 12.9,2025-03-06,Москва,Apple,Электроника,15,123449.0,123449.0,0.0,243.0,4.9,481.0,5.0,АО «Терентьева Соловьева»,False,False,3,3,1,8.0,121075.0,10.0,115919.0,18.0,67150.0,11.0,117961.0,12.285714285714286,115743.85714285714,109320.0,152.0
Планшет Apple iPad Pro 12.9,2025-03-06,Новосибирск,Apple,Электроника,11,105445.0,105445.0,0.0,276.0,4.8,298.0,2.0,РАО «Носкова-Щербакова»,False,False,3,3,1,15.0,123449.0,10.0,109359.0,13.0,122780.0,11.333333333333334,116656.33333333333,12.0,113267.42857142857,105295.0,167.0
Планшет Apple iPad Pro 12.9,2025-03-06,Ростов-на-Дону,Apple,Электроника,10,105539.0,105539.0,0.0,157.0,4.9,290.0,1.0,Комос Групп,False,False,3,3,1,11.0,105445.0,8.0,121075.0,17.0,95860.0,12.0,111477.66666666667,11.0,114650.14285714286,99910.0,167.0
Планшет Apple iPad Pro 12.9,2025-03-07,Самара,Apple,Электроника,15,96919.0,96919.0,0.0,254.0,4.9,337.0,1.0,"АО «Кузнецов, Одинцова и Ершова»",False,False,4,3,1,10.0,105539.0,15.0,123449.0,13.0,121765.0,12.0,102634.33333333333,11.285714285714286,111100.71428571429,106999.0,164.0
Планшет Apple iPad Pro 12.9,2025-03-07,Санкт-Петербург,Apple,Электроника,22,101779.0,101779.0,0.0,130.0,4.7,402.0,7.0,"ИП «Поляков, Зыкова и Васильева»",False,False,4,3,1,15.0,96919.0,11.0,105445.0,10.0,115919.0,15.666666666666666,101412.33333333333,13.0,109080.71428571429,118480.0,173.0
Планшет Apple iPad Pro 12.9,2025-03-08,Новосибирск,Apple,Электроника,37,113805.0,113805.0,0.0,140.0,4.9,657.0,1.0,Шилов Лтд,True,True,5,3,1,22.0,101779.0,10.0,105539.0,10.0,109359.0,24.666666666666668,104167.66666666667,16.857142857142858,109715.85714285714,118135.0,153.0
Планшет Apple iPad Pro 12.9,2025-03-09,Новосибирск,Apple,Электроника,32,124775.0,124775.0,0.0,376.0,5.0,538.0,2.0,Устинова Групп,True,False,6,3,1,37.0,113805.0,15.0,96919.0,8.0,121075.0,30.333333333333332,113453.0,20.285714285714285,110244.42857142857,115132.5,132.0
Планшет Apple iPad Pro 12.9,2025-03-09,Самара,Apple,Электроника,25,109320.0,109320.0,0.0,232.5,4.75,467.5,2.0,ВЭБ.РФ,True,False,6,3,1,32.0,124775.0,22.0,101779.0,15.0,123449.0,31.333333333333332,115966.66666666667,21.714285714285715,108226.0,109900.0,123.0
Планшет Apple iPad Pro 12.9,2025-03-09,Санкт-Петербург,Apple,Электроника,26,105295.0,105295.0,0.0,167.0,5.0,462.0,5.0,ООО «Щербаков-Шарова»,True,False,6,3,1,25.0,109320.0,37.0,113805.0,11.0,105445.0,27.666666666666668,113130.0,23.857142857142858,108204.57142857143,101409.0,123.0
Планшет Apple iPad Pro 12.9,2025-03-10,Казань,Apple,Электроника,10,99910.0,99910.0,0.0,243.0,4.8,355.0,2.0,ПСМА Рус,False,False,0,3,1,26.0,105295.0,32.0,124775.0,10.0,105539.0,20.333333333333332,104841.66666666667,23.857142857142858,107400.42857142857,92930.0,127.0
Планшет Apple iPad Pro 12.9,2025-03-10,Ростов-на-Дону,Apple,Электроника,12,106999.0,124415.0,14.0,221.0,4.7,373.0,3.0,ИП «Назаров»,False,False,0,3,1,10.0,99910.0,25.0,109320.0,15.0,96919.0,16.0,104068.0,23.428571428571427,108840.42857142857,115255.0,143.0
Планшет Apple iPad Pro 12.9,2025-03-11,Москва,Apple,Электроника,31,118480.0,118480.0,0.0,324.0,4.8,645.0,3.0,Магнолия,False,False,1,3,1,12.0,106999.0,26.0,105295.0,22.0,101779.0,17.666666666666668,108463.0,24.714285714285715,111226.28571428571,104020.0,123.0
Планшет Apple iPad Pro 12.9,2025-03-11,Нижний Новгород,Apple,Электроника,17,118135.0,118135.0,0.0,272.0,4.8,307.0,5.0,ЗАО «Большаков Лазарев»,False,False,1,3,1,31.0,118480.0,10.0,99910.0,37.0,113805.0,20.0,114538.0,21.857142857142858,111844.85714285714,123349.0,114.0
Планшет Apple iPad Pro 12.9,2025-03-11,Ростов-на-Дону,Apple,Электроника,11,115132.5,115132.5,0.0,335.0,4.75,451.5,3.5,Южуралзолото ГК,False,False,1,3,1,17.0,118135.0,12.0,106999.0,32.0,124775.0,19.666666666666668,117249.16666666667,18.857142857142858,110467.35714285714,112855.0,134.0
Планшет Apple iPad Pro 12.9,2025-03-12,Екатеринбург,Apple,Электроника,16,109900.0,109900.0,0.0,34.0,5.0,346.0,2.0,"ООО «Фомичева, Константинова и Щукина»",False,False,2,3,1,11.0,115132.5,31.0,118480.0,25.0,109320.0,14.666666666666666,114389.16666666667,17.571428571428573,110550.21428571429,116715.0,145.0
Планшет Apple iPad Pro 12.9,2025-03-12,Москва,Apple,Электроника,26,101409.0,101409.0,0.0,26.0,4.5,335.0,2.0,АО «Ситникова-Федотова»,False,False,2,3,1,16.0,109900.0,17.0,118135.0,26.0,105295.0,17.666666666666668,108813.83333333333,17.571428571428573,109995.07142857143,87260.0,131.0
Планшет Apple iPad Pro 12.9,2025-03-12,Челябинск,Apple,Электроника,14,92930.0,98870.0,6.0,24.0,4.9,314.0,2.0,Национальная компьютерная корпорация,False,False,2,3,1,26.0,101409.0,11.0,115132.5,10.0,99910.0,18.666666666666668,101413.0,18.142857142857142,108997.92857142857,96190.0,129.0
Планшет Apple iPad Pro 12.9,2025-03-13,Екатеринбург,Apple,Электроника,28,115255.0,115255.0,0.0,209.0,4.75,537.0,3.5,"АО «Прохорова, Куликов и Некрасова»",False,False,3,3,1,14.0,92930.0,16.0,109900.0,12.0,106999.0,22.666666666666668,103198.0,20.428571428571427,110177.35714285714,113707.5,126.0
Планшет Apple iPad Pro 12.9,2025-03-13,Казань,Apple,Электроника,11,104020.0,104020.0,0.0,321.0,5.0,562.0,2.0,ЗАО «Бобылев-Вишняков»,False,False,3,3,1,28.0,115255.0,26.0,101409.0,31.0,118480.0,17.666666666666668,104068.33333333333,17.571428571428573,108111.64285714286,108414.5,157.0
Планшет Apple iPad Pro 12.9,2025-03-14,Самара,Apple,Электроника,8,123349.0,123349.0,0.0,233.0,5.0,333.0,1.0,ИП «Горбунов»,False,False,4,3,1,11.0,104020.0,14.0,92930.0,17.0,118135.0,15.666666666666666,114208.0,16.285714285714285,108856.5,101320.0,156.0
Планшет Apple iPad Pro 12.9,2025-03-15,Екатеринбург,Apple,Электроника,31,112855.0,112855.0,0.0,473.0,5.0,437.0,2.0,Объединенная энергетическая компания,True,False,5,3,1,8.0,123349.0,28.0,115255.0,11.0,115132.5,16.666666666666668,113408.0,19.142857142857142,108531.14285714286,97410.0,136.0
Планшет Apple iPad Pro 12.9,2025-03-15,Новосибирск,Apple,Электроника,27,116715.0,116715.0,0.0,66.0,4.9,454.0,2.0,"ООО «Самойлов, Мухина и Макаров»",True,False,5,3,1,31.0,112855.0,11.0,104020.0,16.0,109900.0,22.0,117639.66666666667,20.714285714285715,109504.71428571429,60630.0,116.0
Планшет Apple iPad Pro 12.9,2025-03-16,Новосибирск,Apple,Электроника,12,87260.0,116349.0,25.0,168.0,4.9,684.0,5.0,ИП «Пахомов Лобанов»,True,False,6,3,1,27.0,116715.0,8.0,123349.0,26.0,101409.0,23.333333333333332,105610.0,18.714285714285715,107483.42857142857,120920.0,117.0
Планшет Apple iPad Pro 12.9,2025-03-17,Самара,Apple,Электроника,12,96190.0,96190.0,0.0,175.0,4.6,518.0,3.0,Тарасова Групп,False,False,0,3,1,12.0,87260.0,31.0,112855.0,14.0,92930.0,17.0,100055.0,18.428571428571427,107949.14285714286,96330.0,116.0
Планшет Apple iPad Pro 12.9,2025-03-18,Екатеринбург,Apple,Электроника,25,113707.5,113707.5,0.0,180.5,4.65,651.5,4.5,ГК Ташир,False,False,1,3,1,12.0,96190.0,27.0,116715.0,28.0,115255.0,16.333333333333332,99052.5,18.0,107728.07142857143,109955.0,101.0
Планшет Apple iPad Pro 12.9,2025-03-18,Москва,Apple,Электроника,42,108414.5,108414.5,0.0,217.5,4.85,572.0,3.5,ИП «Доронин-Шилов»,False,False,1,3,1,25.0,113707.5,12.0,87260.0,11.0,104020.0,26.333333333333332,106104.0,22.428571428571427,108355.85714285714,108880.0,66.0
Планшет Apple iPad Pro 12.9,2025-03-18,Новосибирск,Apple,Электроника,7,101320.0,101320.0,0.0,78.0,4.6,448.0,7.0,ОАО «Панфилов-Волков»,False,False,1,3,1,42.0,108414.5,12.0,96190.0,8.0,123349.0,24.666666666666668,107814.0,22.285714285714285,105208.85714285714,113219.0,67.0
Планшет Apple iPad Pro 12.9,2025-03-18,Ростов-на-Дону,Apple,Электроника,11,97410.0,97410.0,0.0,431.0,5.0,397.0,5.0,ЗАО «Соловьев»,False,False,1,3,1,7.0,101320.0,25.0,113707.5,31.0,112855.0,20.0,102381.5,19.428571428571427,103002.42857142857,98450.0,79.0
Планшет Apple iPad Pro 12.9,2025-03-18,Челябинск,Apple,Электроника,7,60630.0,102755.0,41.0,81.0,4.5,575.0,3.0,НПО «Карпов-Кошелев»,False,False,1,3,1,11.0,97410.0,42.0,108414.5,27.0,116715.0,8.333333333333334,86453.33333333333,16.571428571428573,94990.28571428571,98125.0,78.0
Планшет Apple iPad Pro 12.9,2025-03-19,Екатеринбург,Apple,Электроника,13,120920.0,120920.0,0.0,422.0,4.8,529.0,3.0,РАО «Ильина Матвеев»,False,False,2,3,1,7.0,60630.0,7.0,101320.0,12.0,87260.0,10.333333333333334,92986.66666666667,16.714285714285715,99798.85714285714,95450.0,81.0
Планшет Apple iPad Pro 12.9,2025-03-19,Ростов-на-Дону,Apple,Электроника,11,96330.0,96330.0,0.0,451.0,5.0,342.0,3.0,НПО «Фомичев Лыткин»,False,False,2,3,1,13.0,120920.0,11.0,97410.0,12.0,96190.0,10.333333333333334,92626.66666666667,16.571428571428573,99818.85714285714,105340.0,78.0
Планшет Apple iPad Pro 12.9,2025-03-19,Самара,Apple,Электроника,10,109955.0,109955.0,0.0,355.0,5.0,574.0,3.0,Фролова Инк,False,False,2,3,1,11.0,96330.0,7.0,60630.0,25.0,113707.5,11.333333333333334,109068.33333333333,14.428571428571429,99282.78571428571,119470.0,74.0
Планшет Apple iPad Pro 12.9,2025-03-19,Уфа,Apple,Электроника,7,108880.0,108880.0,0.0,346.0,4.5,244.0,1.0,АО «Елисеев-Галкин»,False,False,2,3,1,10.0,109955.0,13.0,120920.0,42.0,108414.5,9.333333333333334,105055.0,9.428571428571429,99349.28571428571,106200.0,76.0
Планшет Huawei MatePad Pro,2025-03-01,Новосибирск,Huawei,Электроника,17,32085.0,46510.0,31.0,194.0,4.6,220.0,2.0,"ИП «Ильина, Блинов и Наумов»",True,False,5,3,1,,,,,,,,,,,57709.0,125.0
Планшет Huawei MatePad Pro,2025-03-01,Уфа,Huawei,Электроника,13,57810.0,57810.0,0.0,245.0,4.3,577.0,5.0,РАО «Голубева Лапин»,True,False,5,3,1,17.0,32085.0,,,,,,,,,28145.0,117.0
Планшет Huawei MatePad Pro,2025-03-02,Екатеринбург,Huawei,Электроника,27,33219.0,43715.0,24.0,452.0,4.2,633.0,2.0,ЛГ Электроникс Рус (LG),True,False,6,3,1,13.0,57810.0,,,,,19.0,41038.0,,,43540.0,108.0
Планшет Huawei MatePad Pro,2025-03-02,Ростов-на-Дону,Huawei,Электроника,14,30660.0,53790.0,43.0,48.0,4.5,269.0,5.0,АО «Новиков-Кузнецов»,True,False,6,3,1,27.0,33219.0,17.0,32085.0,,,18.0,40563.0,,,53150.0,113.0
Планшет Huawei MatePad Pro,2025-03-03,Уфа,Huawei,Электроника,7,43909.0,43909.0,0.0,218.0,4.4,252.0,3.0,ИП «Емельянов Никифорова»,False,False,0,3,1,14.0,30660.0,13.0,57810.0,,,16.0,35929.333333333336,,,46379.0,117.0
Планшет Huawei MatePad Pro,2025-03-04,Москва,Huawei,Электроника,21,52200.0,56130.0,7.0,203.0,4.4,361.0,1.0,СБСВ-Ключавто,False,False,1,3,1,7.0,43909.0,27.0,33219.0,,,14.0,42256.333333333336,,,51539.0,109.0
Планшет Huawei MatePad Pro,2025-03-04,Новосибирск,Huawei,Электроника,18,49810.0,52990.0,6.0,95.0,4.7,483.0,7.0,"РАО «Красильникова, Антонов и Степанов»",False,False,1,3,1,21.0,52200.0,14.0,30660.0,,,15.333333333333334,48639.666666666664,16.714285714285715,42813.28571428572,57580.0,112.0
Планшет Huawei MatePad Pro,2025-03-04,Санкт-Петербург,Huawei,Электроника,25,57709.0,57709.0,0.0,449.0,4.2,270.0,7.0,ЗАО «Абрамова Тарасова»,False,False,1,3,1,18.0,49810.0,7.0,43909.0,17.0,32085.0,21.333333333333332,53239.666666666664,17.857142857142858,46473.857142857145,48755.0,99.0
Планшет Huawei MatePad Pro,2025-03-04,Челябинск,Huawei,Электроника,5,28145.0,45399.0,38.0,148.0,4.3,596.0,5.0,ООО «Евдокимов Калашникова»,False,False,1,3,1,25.0,57709.0,21.0,52200.0,13.0,57810.0,16.0,45221.333333333336,16.714285714285715,42236.0,38815.0,135.0
Планшет Huawei MatePad Pro,2025-03-05,Новосибирск,Huawei,Электроника,18,43540.0,43540.0,0.0,381.0,4.6,230.0,1.0,Игнатов Лимитед,False,False,2,3,1,5.0,28145.0,18.0,49810.0,27.0,33219.0,16.0,43131.333333333336,15.428571428571429,43710.42857142857,41789.0,129.0
Планшет Huawei MatePad Pro,2025-03-05,Санкт-Петербург,Huawei,Электроника,19,53150.0,53150.0,0.0,388.0,4.7,279.0,3.0,"РАО «Баранова, Петров и Боброва»",False,False,2,3,1,18.0,43540.0,25.0,57709.0,14.0,30660.0,14.0,41611.666666666664,16.142857142857142,46923.28571428572,49820.0,132.0
Планшет Huawei MatePad Pro,2025-03-05,Уфа,Huawei,Электроника,11,46379.0,46379.0,0.0,296.0,4.6,275.0,1.0,Кока-Кола Эйчбиси Евразия (Coca-Cola),False,False,2,3,1,19.0,53150.0,5.0,28145.0,7.0,43909.0,16.0,47689.666666666664,16.714285714285715,47276.142857142855,46390.0,133.0
Планшет Huawei MatePad Pro,2025-03-06,Екатеринбург,Huawei,Электроника,13,51539.0,51539.0,0.0,397.0,4.5,483.0,7.0,ЗАО «Галкин»,False,False,3,3,1,11.0,46379.0,18.0,43540.0,21.0,52200.0,14.333333333333334,50356.0,15.571428571428571,47181.71428571428,34130.0,128.0
Планшет Huawei MatePad Pro,2025-03-06,Москва,Huawei,Электроника,21,57580.0,57580.0,0.0,129.0,4.6,304.0,5.0,ИП «Устинов»,False,False,3,3,1,13.0,51539.0,19.0,53150.0,18.0,49810.0,15.0,51832.666666666664,16.0,48291.71428571428,47250.0,114.0
Планшет Huawei MatePad Pro,2025-03-07,Санкт-Петербург,Huawei,Электроника,12,48755.0,53580.0,9.0,78.0,4.2,533.0,3.0,НПО «Казакова Дементьева»,False,False,4,3,1,21.0,57580.0,11.0,46379.0,25.0,57709.0,15.333333333333334,52624.666666666664,14.142857142857142,47012.57142857143,47840.0,115.0
Планшет Huawei MatePad Pro,2025-03-08,Самара,Huawei,Электроника,41,38815.0,42199.0,8.0,195.0,4.2,532.0,7.0,Маркова Инк,True,True,5,3,1,12.0,48755.0,13.0,51539.0,5.0,28145.0,24.666666666666668,48383.333333333336,19.285714285714285,48536.857142857145,28870.0,87.0
Планшет Huawei MatePad Pro,2025-03-09,Казань,Huawei,Электроника,12,41789.0,45420.0,8.0,297.0,4.7,564.0,1.0,ЗАО «Яковлева-Силина»,True,False,6,3,1,41.0,38815.0,21.0,57580.0,18.0,43540.0,21.666666666666668,43119.666666666664,18.428571428571427,48286.71428571428,54890.0,83.0
Планшет Huawei MatePad Pro,2025-03-09,Москва,Huawei,Электроника,22,49820.0,49820.0,0.0,475.0,4.2,379.0,3.0,Карелия Палп,True,False,6,3,1,12.0,41789.0,12.0,48755.0,19.0,53150.0,25.0,43474.666666666664,18.857142857142858,47811.0,45409.0,67.0
Планшет Huawei MatePad Pro,2025-03-10,Санкт-Петербург,Huawei,Электроника,12,46390.0,46390.0,0.0,224.0,4.7,287.0,7.0,ЗАО «Борисова Дементьева»,False,False,0,3,1,22.0,49820.0,41.0,38815.0,11.0,46379.0,15.333333333333334,45999.666666666664,19.0,47812.57142857143,51367.5,80.0
Планшет Huawei MatePad Pro,2025-03-11,Казань,Huawei,Электроника,8,34130.0,47400.0,28.0,136.0,4.6,605.0,5.0,"ООО «Воробьев, Комаров и Васильев»",False,False,1,3,1,12.0,46390.0,12.0,41789.0,13.0,51539.0,14.0,43446.666666666664,18.285714285714285,45325.57142857143,56714.5,133.0
Планшет Huawei MatePad Pro,2025-03-11,Ростов-на-Дону,Huawei,Электроника,7,47250.0,47250.0,0.0,37.0,4.4,547.0,3.0,QIWI,False,False,1,3,1,8.0,34130.0,22.0,49820.0,21.0,57580.0,9.0,42590.0,16.285714285714285,43849.857142857145,43007.5,147.0
Планшет Huawei MatePad Pro,2025-03-11,Самара,Huawei,Электроника,13,47840.0,47840.0,0.0,349.0,4.6,555.0,5.0,РАО «Голубев»,False,False,1,3,1,7.0,47250.0,12.0,46390.0,12.0,48755.0,9.333333333333334,43073.333333333336,16.428571428571427,43719.142857142855,52280.0,150.0
Планшет Huawei MatePad Pro,2025-03-11,Санкт-Петербург,Huawei,Электроника,13,28870.0,52515.0,45.0,115.0,4.2,424.0,3.0,Русал,False,False,1,3,1,13.0,47840.0,8.0,34130.0,41.0,38815.0,11.0,41320.0,12.428571428571429,42298.42857142857,55770.0,145.0
Планшет Huawei MatePad Pro,2025-03-12,Самара,Huawei,Электроника,8,54890.0,54890.0,0.0,140.0,4.2,316.0,2.0,Матвеев Групп,False,False,2,3,1,13.0,28870.0,7.0,47250.0,12.0,41789.0,11.333333333333334,43866.666666666664,11.857142857142858,44170.0,49390.0,146.0
Планшет Huawei MatePad Pro,2025-03-14,Нижний Новгород,Huawei,Электроника,6,45409.0,45409.0,0.0,452.0,4.3,561.0,5.0,ЗАО «Калинина Сазонов»,False,False,4,3,1,8.0,54890.0,13.0,47840.0,22.0,49820.0,9.0,43056.333333333336,9.571428571428571,43539.857142857145,38080.0,166.0
Планшет Huawei MatePad Pro,2025-03-14,Санкт-Петербург,Huawei,Электроника,25,51367.5,51367.5,0.0,204.0,4.449999999999999,276.0,3.5,ЗАО «Шестаков»,False,False,4,3,1,6.0,45409.0,13.0,28870.0,12.0,46390.0,13.0,50555.5,11.428571428571429,44250.92857142857,55929.0,151.0
Планшет Huawei MatePad Pro,2025-03-16,Москва,Huawei,Электроника,61,56714.5,56714.5,0.0,230.5,4.4,322.0,3.0,ООО «Смирнова»,True,False,6,3,1,25.0,51367.5,8.0,54890.0,8.0,34130.0,30.666666666666668,51163.666666666664,19.0,47477.28571428572,40570.0,100.0
Планшет Huawei MatePad Pro,2025-03-17,Казань,Huawei,Электроника,21,43007.5,49530.0,15.5,385.0,4.199999999999999,363.5,3.5,ЗАО «Красильникова-Щукина»,False,False,0,3,1,61.0,56714.5,6.0,45409.0,7.0,47250.0,35.666666666666664,50363.166666666664,21.0,46871.21428571428,54839.0,105.0
Планшет Huawei MatePad Pro,2025-03-17,Новосибирск,Huawei,Электроника,16,52280.0,52280.0,0.0,187.0,4.1,405.0,1.0,ООО «Большаков-Дьячков»,False,False,0,3,1,21.0,43007.5,25.0,51367.5,13.0,47840.0,32.666666666666664,50667.333333333336,21.428571428571427,47505.5,57770.0,96.0
Планшет Huawei MatePad Pro,2025-03-17,Челябинск,Huawei,Электроника,8,55770.0,55770.0,0.0,333.0,4.5,381.0,1.0,"ООО «Колесников, Сергеев и Чернов»",False,False,0,3,1,16.0,52280.0,61.0,56714.5,13.0,28870.0,15.0,50352.5,20.714285714285715,51348.357142857145,48319.0,110.0
Планшет Huawei MatePad Pro,2025-03-19,Казань,Huawei,Электроника,9,49390.0,49390.0,0.0,243.0,4.3,633.0,5.0,"ОАО «Васильев, Дроздов и Щербаков»",False,False,2,3,1,8.0,55770.0,21.0,43007.5,8.0,54890.0,11.0,52480.0,20.857142857142858,50562.642857142855,38797.5,164.0
Планшет Huawei MatePad Pro,2025-03-19,Санкт-Петербург,Huawei,Электроника,26,38080.0,42800.0,11.0,475.0,4.5,237.0,1.0,Уральские локомотивы,False,False,2,3,1,9.0,49390.0,16.0,52280.0,6.0,45409.0,14.333333333333334,47746.666666666664,23.714285714285715,49515.642857142855,56745.0,157.0
Планшет Samsung Galaxy Tab S9 Ultra,2025-03-01,Москва,Samsung,Электроника,40,99999.0,99999.0,0.0,93.0,4.5,331.0,5.0,НПО «Никонова-Кузнецова»,True,False,5,3,1,,,,,,,,,,,83850.0,94.0
Планшет Samsung Galaxy Tab S9 Ultra,2025-03-01,Нижний Новгород,Samsung,Электроника,9,96399.0,96399.0,0.0,279.0,4.8,347.0,5.0,"ОАО «Пестова, Белозерова и Панфилова»",True,False,5,3,1,40.0,99999.0,,,,,,,,,98369.0,107.0
Планшет Samsung Galaxy Tab S9 Ultra,2025-03-02,Нижний Новгород,Samsung,Электроника,11,98279.0,98279.0,0.0,59.0,4.7,361.0,2.0,Никонов Групп,True,False,6,3,1,9.0,96399.0,,,,,20.0,98225.66666666667,,,55485.0,114.0
Планшет Samsung Galaxy Tab S9 Ultra,2025-03-03,Самара,Samsung,Электроника,13,89995.0,89995.0,0.0,294.0,4.9,357.0,2.0,ООО «Баранова Егорова»,False,False,0,3,1,11.0,98279.0,40.0,99999.0,,,11.0,94891.0,,,89430.0,121.0
Планшет Samsung Galaxy Tab S9 Ultra,2025-03-03,Челябинск,Samsung,Электроника,12,94885.0,94885.0,0.0,278.0,4.6,650.0,3.0,Тева (Teva),False,False,0,3,1,13.0,89995.0,9.0,96399.0,,,12.0,94386.33333333333,,,78630.0,126.0
Планшет Samsung Galaxy Tab S9 Ultra,2025-03-04,Москва,Samsung,Электроника,29,52789.0,87989.0,40.0,363.0,4.5,509.0,5.0,НПО «Колобова»,False,False,1,3,1,12.0,94885.0,11.0,98279.0,,,18.0,79223.0,,,80190.0,154.0
Планшет Samsung Galaxy Tab S9 Ultra,2025-03-04,Новосибирск,Samsung,Электроника,8,79090.0,79090.0,0.0,171.0,4.9,585.0,2.0,"ООО «Русакова, Агафонов и Гусев»",False,False,1,3,1,29.0,52789.0,13.0,89995.0,,,16.333333333333332,75588.0,17.428571428571427,87348.0,95199.0,151.0
Планшет Samsung Galaxy Tab S9 Ultra,2025-03-04,Челябинск,Samsung,Электроника,12,83850.0,83850.0,0.0,417.0,4.5,251.0,5.0,ОАО «Афанасьева Марков»,False,False,1,3,1,8.0,79090.0,12.0,94885.0,40.0,99999.0,16.333333333333332,71909.66666666667,13.428571428571429,85041.0,80570.0,153.0
Планшет Samsung Galaxy Tab S9 Ultra,2025-03-05,Москва,Samsung,Электроника,22,98369.0,98369.0,0.0,392.0,4.7,247.0,2.0,ООО «Капустина»,False,False,2,3,1,12.0,83850.0,29.0,52789.0,9.0,96399.0,14.0,87103.0,15.285714285714286,85322.42857142857,100510.0,156.0
Планшет Samsung Galaxy Tab S9 Ultra,2025-03-05,Санкт-Петербург,Samsung,Электроника,18,55485.0,94050.0,41.0,314.0,4.6,274.0,3.0,ООО «Поляков-Баранова»,False,False,2,3,1,22.0,98369.0,8.0,79090.0,11.0,98279.0,17.333333333333332,79234.66666666667,16.285714285714285,79209.0,61100.0,149.0
Планшет Samsung Galaxy Tab S9 Ultra,2025-03-08,Самара,Samsung,Электроника,20,89430.0,89430.0,0.0,72.0,4.9,644.0,3.0,Лихачева Инкорпорэйтед,True,True,5,3,1,18.0,55485.0,12.0,83850.0,13.0,89995.0,20.0,81094.66666666667,17.285714285714285,79128.28571428571,51480.0,144.0
Планшет Samsung Galaxy Tab S9 Ultra,2025-03-09,Новосибирск,Samsung,Электроника,17,78630.0,78630.0,0.0,198.0,4.5,574.0,1.0,НПО «Беляков»,True,False,6,3,1,20.0,89430.0,22.0,98369.0,12.0,94885.0,18.333333333333332,74515.0,18.0,76806.14285714286,87759.0,140.0
Планшет Samsung Galaxy Tab S9 Ultra,2025-03-09,Санкт-Петербург,Samsung,Электроника,57,80190.0,83977.5,4.5,398.0,4.550000000000001,325.0,2.5,Колобова Групп,True,False,6,3,1,17.0,78630.0,18.0,55485.0,29.0,52789.0,31.333333333333332,82750.0,22.0,80720.57142857143,99659.0,98.0
Планшет Samsung Galaxy Tab S9 Ultra,2025-03-10,Челябинск,Samsung,Электроника,5,95199.0,95199.0,0.0,271.0,4.4,360.0,2.0,РАО «Сазонов Лапина»,False,False,0,3,1,57.0,80190.0,20.0,89430.0,8.0,79090.0,26.333333333333332,84673.0,21.571428571428573,83021.85714285714,50499.0,127.0
Планшет Samsung Galaxy Tab S9 Ultra,2025-03-11,Казань,Samsung,Электроника,14,80570.0,80570.0,0.0,351.0,4.5,436.0,3.0,ЗАО «Шилова»,False,False,1,3,1,5.0,95199.0,17.0,78630.0,12.0,83850.0,25.333333333333332,85319.66666666667,21.857142857142858,82553.28571428571,99079.0,135.0
Планшет Samsung Galaxy Tab S9 Ultra,2025-03-11,Москва,Samsung,Электроника,25,100510.0,100510.0,0.0,498.0,4.7,571.0,7.0,НПК Уралвагонзавод,False,False,1,3,1,14.0,80570.0,57.0,80190.0,22.0,98369.0,14.666666666666666,92093.0,22.285714285714285,82859.14285714286,84835.0,121.0
Планшет Samsung Galaxy Tab S9 Ultra,2025-03-11,Ростов-на-Дону,Samsung,Электроника,11,61100.0,87300.0,30.0,421.0,4.9,444.0,2.0,Inventive Retail Group,False,False,1,3,1,25.0,100510.0,5.0,95199.0,18.0,55485.0,16.666666666666668,80726.66666666667,21.285714285714285,83661.28571428571,89380.0,142.0
Планшет Samsung Galaxy Tab S9 Ultra,2025-03-11,Санкт-Петербург,Samsung,Электроника,15,51480.0,83025.0,38.0,114.0,4.5,427.0,1.0,Васильева Лтд,False,False,1,3,1,11.0,61100.0,14.0,80570.0,20.0,89430.0,17.0,71030.0,20.571428571428573,78239.85714285714,82329.0,142.0
Планшет Samsung Galaxy Tab S9 Ultra,2025-03-12,Новосибирск,Samsung,Электроника,13,87759.0,87759.0,0.0,237.0,5.0,693.0,2.0,"ЗАО «Шарапова, Миронов и Владимиров»",False,False,2,3,1,15.0,51480.0,25.0,100510.0,17.0,78630.0,13.0,66779.66666666667,20.0,79544.0,89990.0,168.0
Планшет Samsung Galaxy Tab S9 Ultra,2025-03-12,Челябинск,Samsung,Электроника,15,99659.0,99659.0,0.0,17.0,4.8,561.0,5.0,ФортеИнвест,False,False,2,3,1,13.0,87759.0,11.0,61100.0,57.0,80190.0,14.333333333333334,79632.66666666667,14.0,82325.28571428571,93470.0,169.0
Планшет Samsung Galaxy Tab S9 Ultra,2025-03-13,Москва,Samsung,Электроника,34,50499.0,95280.0,47.0,97.0,4.7,642.0,2.0,"ОАО «Афанасьев, Фомин и Зыков»",False,False,3,3,1,15.0,99659.0,15.0,51480.0,5.0,95199.0,20.666666666666668,79305.66666666667,18.142857142857142,75939.57142857143,68380.0,149.0
Планшет Samsung Galaxy Tab S9 Ultra,2025-03-14,Москва,Samsung,Электроника,22,99079.0,99079.0,0.0,127.0,4.8,289.0,3.0,Максимова Лтд,False,False,4,3,1,34.0,50499.0,13.0,87759.0,14.0,80570.0,23.666666666666668,83079.0,19.285714285714285,78583.71428571429,79572.5,173.0
Планшет Samsung Galaxy Tab S9 Ultra,2025-03-14,Новосибирск,Samsung,Электроника,11,84835.0,84835.0,0.0,38.0,4.5,463.0,1.0,ООО «Мясникова-Моисеев»,False,False,4,3,1,22.0,99079.0,15.0,99659.0,25.0,100510.0,22.333333333333332,78137.66666666667,17.285714285714285,76344.42857142857,82910.0,171.0
Планшет Samsung Galaxy Tab S9 Ultra,2025-03-15,Самара,Samsung,Электроника,32,89380.0,89380.0,0.0,136.5,4.7,578.0,3.0,ООО «Федосеев-Ковалев»,True,False,5,3,1,11.0,84835.0,34.0,50499.0,11.0,61100.0,21.666666666666668,91098.0,20.285714285714285,80384.42857142857,93374.5,176.0
Планшет Samsung Galaxy Tab S9 Ultra,2025-03-15,Уфа,Samsung,Электроника,15,82329.0,82329.0,0.0,119.0,4.7,589.0,3.0,АО «Веселова-Миронова»,True,False,5,3,1,32.0,89380.0,22.0,99079.0,15.0,51480.0,19.333333333333332,85514.66666666667,20.285714285714285,84791.42857142857,90079.0,171.0
Планшет Samsung Galaxy Tab S9 Ultra,2025-03-16,Челябинск,Samsung,Электроника,39,89990.0,89990.0,0.0,444.5,4.5,519.5,4.0,ЗАО «Коновалова-Гущин»,True,False,6,3,1,15.0,82329.0,11.0,84835.0,13.0,87759.0,28.666666666666668,87233.0,24.0,85110.14285714286,96310.0,143.0
Планшет Samsung Galaxy Tab S9 Ultra,2025-03-17,Екатеринбург,Samsung,Электроника,16,93470.0,93470.0,0.0,347.0,4.5,347.0,5.0,Жданова Инк,False,False,0,3,1,39.0,89990.0,32.0,89380.0,15.0,99659.0,23.333333333333332,88596.33333333333,24.142857142857142,84226.0,61960.0,141.0
Планшет Samsung Galaxy Tab S9 Ultra,2025-03-17,Москва,Samsung,Электроника,14,68380.0,92405.0,26.0,181.0,4.8,434.0,2.0,НПО «Вишняков»,False,False,0,3,1,16.0,93470.0,15.0,82329.0,34.0,50499.0,23.0,83946.66666666667,21.285714285714285,86780.42857142857,92025.0,142.0
Планшет Samsung Galaxy Tab S9 Ultra,2025-03-17,Санкт-Петербург,Samsung,Электроника,46,79572.5,90822.5,13.5,267.0,4.7,637.0,4.0,Авторусь,False,False,0,3,1,14.0,68380.0,39.0,89990.0,22.0,99079.0,25.333333333333332,80474.16666666667,24.714285714285715,83993.78571428571,93005.0,107.0
Планшет Samsung Galaxy Tab S9 Ultra,2025-03-18,Казань,Samsung,Электроника,9,82910.0,82910.0,0.0,177.0,5.0,542.0,5.0,Кудряшова и партнеры,False,False,1,3,1,46.0,79572.5,16.0,93470.0,11.0,84835.0,23.0,76954.16666666667,24.428571428571427,83718.78571428571,81135.0,113.0
Планшет Samsung Galaxy Tab S9 Ultra,2025-03-18,Санкт-Петербург,Samsung,Электроника,37,93374.5,93374.5,0.0,343.5,4.55,625.0,4.0,АО «Никифорова-Дементьева»,False,False,1,3,1,9.0,82910.0,14.0,68380.0,32.0,89380.0,30.666666666666668,85285.66666666667,25.142857142857142,84289.42857142857,98265.0,112.0
Планшет Samsung Galaxy Tab S9 Ultra,2025-03-19,Екатеринбург,Samsung,Электроника,10,90079.0,90079.0,0.0,10.0,4.9,441.0,5.0,Белозерова Групп,False,False,2,3,1,37.0,93374.5,46.0,79572.5,15.0,82329.0,18.666666666666668,88787.83333333333,24.428571428571427,85396.57142857143,100269.0,120.0
Планшет Samsung Galaxy Tab S9 Ultra,2025-03-19,Челябинск,Samsung,Электроника,11,96310.0,96310.0,0.0,182.0,4.5,551.0,1.0,РАО «Кириллов-Бурова»,False,False,2,3,1,10.0,90079.0,9.0,82910.0,39.0,89990.0,19.333333333333332,93254.5,20.428571428571427,86299.42857142857,96140.0,130.0
Планшет Xiaomi Pad 6 Pro,2025-03-01,Москва,Xiaomi,Электроника,19,40775.0,40775.0,0.0,371.0,4.3,527.0,5.0,ЗАО «Щукин»,True,False,5,3,1,,,,,,,,,,,25355.0,105.0
Планшет Xiaomi Pad 6 Pro,2025-03-02,Новосибирск,Xiaomi,Электроника,15,42600.0,42600.0,0.0,253.0,4.6,632.0,2.0,"ЗАО «Коновалов, Шарапов и Николаева»",True,False,6,3,1,19.0,40775.0,,,,,,,,,22689.0,104.0
Планшет Xiaomi Pad 6 Pro,2025-03-04,Екатеринбург,Xiaomi,Электроника,14,35589.0,35589.0,0.0,170.0,4.3,445.0,2.0,ИП «Харитонова Комарова»,False,False,1,3,1,15.0,42600.0,,,,,16.0,39654.666666666664,,,38050.0,121.0
Планшет Xiaomi Pad 6 Pro,2025-03-04,Новосибирск,Xiaomi,Электроника,6,35310.0,35310.0,0.0,83.0,4.5,602.0,2.0,ЗАО «Лыткин-Быкова»,False,False,1,3,1,14.0,35589.0,19.0,40775.0,,,11.666666666666666,37833.0,,,31815.0,126.0
Планшет Xiaomi Pad 6 Pro,2025-03-04,Санкт-Петербург,Xiaomi,Электроника,23,40215.0,40215.0,0.0,141.5,4.4,419.5,3.5,Башкирская содовая компания,False,False,1,3,1,6.0,35310.0,15.0,42600.0,,,14.333333333333334,37038.0,,,36260.0,116.0
Планшет Xiaomi Pad 6 Pro,2025-03-04,Челябинск,Xiaomi,Электроника,13,42980.0,42980.0,0.0,20.0,4.4,455.0,5.0,АО «Волков Громова»,False,False,1,3,1,23.0,40215.0,14.0,35589.0,,,14.0,39501.666666666664,,,31630.0,117.0
Планшет Xiaomi Pad 6 Pro,2025-03-05,Новосибирск,Xiaomi,Электроника,18,21599.0,37239.0,42.0,277.0,4.7,373.0,5.0,АО «Галкин-Зимин»,False,False,2,3,1,13.0,42980.0,6.0,35310.0,,,18.0,34931.333333333336,15.428571428571429,37009.71428571428,34420.0,112.0
Планшет Xiaomi Pad 6 Pro,2025-03-05,Санкт-Петербург,Xiaomi,Электроника,16,25355.0,36229.0,30.0,414.0,4.8,644.0,2.0,ОАО «Наумова»,False,False,2,3,1,18.0,21599.0,23.0,40215.0,19.0,40775.0,15.666666666666666,29978.0,15.0,34806.857142857145,38720.0,114.0
Планшет Xiaomi Pad 6 Pro,2025-03-06,Екатеринбург,Xiaomi,Электроника,14,22689.0,44490.0,49.0,244.0,4.4,594.0,2.0,ЗАО «Устинова-Меркушева»,False,False,3,3,1,16.0,25355.0,13.0,42980.0,15.0,42600.0,16.0,23214.333333333332,14.857142857142858,31962.428571428572,40925.0,119.0
Планшет Xiaomi Pad 6 Pro,2025-03-06,Москва,Xiaomi,Электроника,31,38050.0,38050.0,0.0,325.0,4.8,239.0,3.0,Марвел КТ,False,False,3,3,1,14.0,22689.0,18.0,21599.0,14.0,35589.0,20.333333333333332,28698.0,17.285714285714285,32314.0,38549.0,117.0
Планшет Xiaomi Pad 6 Pro,2025-03-06,Нижний Новгород,Xiaomi,Электроника,11,31815.0,35355.0,10.0,68.0,4.3,407.0,2.0,ЗАО «Боброва-Давыдов»,False,False,3,3,1,31.0,38050.0,16.0,25355.0,6.0,35310.0,18.666666666666668,30851.333333333332,18.0,31814.714285714286,34340.0,129.0
Планшет Xiaomi Pad 6 Pro,2025-03-06,Самара,Xiaomi,Электроника,13,36260.0,36260.0,0.0,187.0,4.3,289.0,2.0,Киселев Лтд,False,False,3,3,1,11.0,31815.0,14.0,22689.0,23.0,40215.0,18.333333333333332,35375.0,16.571428571428573,31249.714285714286,41465.0,129.0
Планшет Xiaomi Pad 6 Pro,2025-03-06,Санкт-Петербург,Xiaomi,Электроника,14,31630.0,41080.0,23.0,145.0,4.3,339.0,2.0,Нова,False,False,3,3,1,13.0,36260.0,31.0,38050.0,13.0,42980.0,12.666666666666666,33235.0,16.714285714285715,29628.285714285714,38275.0,134.0
Планшет Xiaomi Pad 6 Pro,2025-03-07,Нижний Новгород,Xiaomi,Электроника,13,34420.0,34420.0,0.0,366.0,4.3,595.0,5.0,АО «Гурьев-Калинина»,False,False,4,3,1,14.0,31630.0,11.0,31815.0,18.0,21599.0,13.333333333333334,34103.333333333336,16.0,31459.85714285714,40635.0,128.0
Планшет Xiaomi Pad 6 Pro,2025-03-07,Санкт-Петербург,Xiaomi,Электроника,18,38720.0,38720.0,0.0,510.0,4.6,422.0,2.0,Проктер Энд Гэмбл. Дистрибьюторская компания (Procter & Gamble),False,False,4,3,1,13.0,34420.0,13.0,36260.0,16.0,25355.0,15.0,34923.333333333336,16.285714285714285,33369.142857142855,41625.0,129.0
Планшет Xiaomi Pad 6 Pro,2025-03-08,Самара,Xiaomi,Электроника,19,40925.0,40925.0,0.0,469.0,4.2,385.0,3.0,ОАО «Власов-Андреева»,True,True,5,3,1,18.0,38720.0,14.0,31630.0,14.0,22689.0,16.666666666666668,38021.666666666664,17.0,35974.28571428572,38815.0,132.0
Планшет Xiaomi Pad 6 Pro,2025-03-09,Екатеринбург,Xiaomi,Электроника,29,38549.0,38549.0,0.0,383.0,4.5,239.0,2.0,Сергеев Инкорпорэйтед,True,False,6,3,1,19.0,40925.0,13.0,34420.0,31.0,38050.0,22.0,39398.0,16.714285714285715,36045.57142857143,27390.0,108.0
Планшет Xiaomi Pad 6 Pro,2025-03-09,Санкт-Петербург,Xiaomi,Электроника,23,34340.0,34340.0,0.0,321.0,4.3,278.0,5.0,"НПО «Дроздов, Блинов и Алексеев»",True,False,6,3,1,29.0,38549.0,18.0,38720.0,11.0,31815.0,23.666666666666668,37938.0,18.428571428571427,36406.28571428572,34200.0,96.0
Планшет Xiaomi Pad 6 Pro,2025-03-10,Екатеринбург,Xiaomi,Электроника,13,41465.0,41465.0,0.0,22.0,4.7,228.0,2.0,"ИП «Дьячкова, Прохоров и Королева»",False,False,0,3,1,23.0,34340.0,19.0,40925.0,13.0,36260.0,21.666666666666668,38118.0,18.428571428571427,37149.857142857145,41910.0,96.0
Планшет Xiaomi Pad 6 Pro,2025-03-10,Москва,Xiaomi,Электроника,19,38275.0,38275.0,0.0,289.0,4.6,308.0,3.0,Гугл (Google),False,False,0,3,1,13.0,41465.0,29.0,38549.0,14.0,31630.0,18.333333333333332,38026.666666666664,19.142857142857142,38099.142857142855,40420.0,95.0
Планшет Xiaomi Pad 6 Pro,2025-03-10,Нижний Новгород,Xiaomi,Электроника,7,40635.0,40635.0,0.0,189.0,4.3,385.0,1.0,ООО «Петухова»,False,False,0,3,1,19.0,38275.0,23.0,34340.0,13.0,34420.0,13.0,40125.0,18.285714285714285,38987.0,23385.0,121.0
Планшет Xiaomi Pad 6 Pro,2025-03-10,Новосибирск,Xiaomi,Электроника,19,41625.0,41625.0,0.0,76.0,4.8,472.0,2.5,"НПО «Баранов, Селиверстова и Ларионов»",False,False,0,3,1,7.0,40635.0,13.0,41465.0,18.0,38720.0,15.0,40178.333333333336,18.428571428571427,39402.0,36709.0,112.0
Планшет Xiaomi Pad 6 Pro,2025-03-10,Челябинск,Xiaomi,Электроника,22,38815.0,40120.0,3.0,199.5,4.4,397.0,2.0,ИП «Прохорова»,False,False,0,3,1,19.0,41625.0,19.0,38275.0,19.0,40925.0,16.0,40358.333333333336,18.857142857142858,39100.57142857143,41909.0,116.0
Планшет Xiaomi Pad 6 Pro,2025-03-11,Уфа,Xiaomi,Электроника,5,27390.0,45670.0,40.0,479.0,4.8,466.0,3.0,"ЗАО «Симонов, Мартынов и Логинов»",False,False,1,3,1,22.0,38815.0,7.0,40635.0,29.0,38549.0,15.333333333333334,35943.333333333336,15.428571428571429,37506.42857142857,40710.0,118.0
Планшет Xiaomi Pad 6 Pro,2025-03-12,Москва,Xiaomi,Электроника,11,34200.0,37190.0,8.0,377.0,4.3,571.0,7.0,РАО «Горшков Ковалева»,False,False,2,3,1,5.0,27390.0,19.0,41625.0,23.0,34340.0,12.666666666666666,33468.333333333336,13.714285714285714,37486.42857142857,40489.0,133.0
Планшет Xiaomi Pad 6 Pro,2025-03-14,Самара,Xiaomi,Электроника,13,41910.0,41910.0,0.0,273.0,4.3,310.0,2.0,НПО «Антонов»,False,False,4,3,1,11.0,34200.0,22.0,38815.0,13.0,41465.0,9.666666666666666,34500.0,13.714285714285714,37550.0,38564.5,144.0
Планшет Xiaomi Pad 6 Pro,2025-03-15,Казань,Xiaomi,Электроника,18,40420.0,40420.0,0.0,89.0,4.5,554.0,5.0,Куликова Лтд,True,False,5,3,1,13.0,41910.0,5.0,27390.0,19.0,38275.0,14.0,38843.333333333336,13.571428571428571,37856.42857142857,23925.0,131.0
Планшет Xiaomi Pad 6 Pro,2025-03-15,Москва,Xiaomi,Электроника,33,23385.0,40320.0,42.0,477.0,4.2,455.0,5.0,"ООО «Абрамова, Колесников и Воробьева»",True,False,5,3,1,18.0,40420.0,11.0,34200.0,7.0,40635.0,21.333333333333332,35238.333333333336,17.285714285714285,35392.142857142855,42800.0,114.0
Планшет Xiaomi Pad 6 Pro,2025-03-17,Самара,Xiaomi,Электроника,10,36709.0,36709.0,0.0,316.0,4.3,508.0,2.0,ОАО «Ситников»,False,False,0,3,1,33.0,23385.0,13.0,41910.0,19.0,41625.0,20.333333333333332,33504.666666666664,16.0,34689.857142857145,41320.0,115.0
Планшет Xiaomi Pad 6 Pro,2025-03-17,Санкт-Петербург,Xiaomi,Электроника,26,41909.0,41909.0,0.0,113.0,4.2,386.0,3.0,Муравьев Групп,False,False,0,3,1,10.0,36709.0,18.0,40420.0,22.0,38815.0,23.0,34001.0,16.571428571428573,35131.857142857145,42047.5,163.0
Планшет Xiaomi Pad 6 Pro,2025-03-19,Екатеринбург,Xiaomi,Электроника,7,40710.0,40710.0,0.0,496.0,4.4,426.0,3.0,ОАО «Некрасова Мухин»,False,False,2,3,1,26.0,41909.0,33.0,23385.0,5.0,27390.0,14.333333333333334,39776.0,16.857142857142858,37034.71428571428,41289.0,185.0
Планшет Xiaomi Pad 6 Pro,2025-03-19,Москва,Xiaomi,Электроника,26,40489.0,40489.0,0.0,483.0,4.3,305.0,2.0,ИП «Тихонов»,False,False,2,3,1,7.0,40710.0,10.0,36709.0,11.0,34200.0,19.666666666666668,41036.0,19.0,37933.142857142855,40779.0,173.0
Планшет Xiaomi Pad 6 Pro,2025-03-19,Челябинск,Xiaomi,Электроника,24,38564.5,38564.5,0.0,393.5,4.5,525.5,3.0,НПО «Сысоев-Шашков»,False,False,2,3,1,26.0,40489.0,26.0,41909.0,13.0,41910.0,19.0,39921.166666666664,20.571428571428573,37455.21428571428,38660.0,164.0
Платье ASOS Design миди,2025-03-01,Ростов-на-Дону,ASOS,Одежда,8,3530.0,3530.0,0.0,223.0,4.5,319.0,3.0,"ОАО «Дементьева, Шилова и Туров»",True,False,5,3,1,,,,,,,,,,,3210.0,93.0
Платье ASOS Design миди,2025-03-01,Челябинск,ASOS,Одежда,22,3570.0,3570.0,0.0,447.0,4.3,317.0,3.0,АО «Архипова-Цветкова»,True,False,5,3,1,8.0,3530.0,,,,,,,,,2935.0,81.0
Платье ASOS Design миди,2025-03-02,Самара,ASOS,Одежда,13,4739.0,4739.0,0.0,261.0,4.5,221.0,3.0,Сибирская сервисная компания,True,False,6,3,1,22.0,3570.0,,,,,14.333333333333334,3946.3333333333335,,,3887.5,98.0
Платье ASOS Design миди,2025-03-02,Санкт-Петербург,ASOS,Одежда,15,3429.0,3429.0,0.0,123.0,4.1,543.0,3.0,ЗАО «Корнилова Савина»,True,False,6,3,1,13.0,4739.0,8.0,3530.0,,,16.666666666666668,3912.6666666666665,,,4550.0,94.0
Платье ASOS Design миди,2025-03-03,Казань,ASOS,Одежда,13,3489.0,3489.0,0.0,143.0,4.6,236.0,2.0,ООО «Уварова»,False,False,0,3,1,15.0,3429.0,22.0,3570.0,,,13.666666666666666,3885.6666666666665,,,4759.0,91.0
Платье ASOS Design миди,2025-03-03,Ростов-на-Дону,ASOS,Одежда,12,4230.0,4230.0,0.0,116.0,4.2,396.0,2.0,"ЗАО «Зыкова, Поляков и Логинова»",False,False,0,3,1,13.0,3489.0,13.0,4739.0,,,13.333333333333334,3716.0,,,3835.0,89.0
Платье ASOS Design миди,2025-03-03,Самара,ASOS,Одежда,10,2100.0,3630.0,42.0,399.0,4.6,501.0,3.0,Mail.Ru Group,False,False,0,3,1,12.0,4230.0,15.0,3429.0,,,11.666666666666666,3273.0,13.285714285714286,3583.8571428571427,3600.0,88.0
Платье ASOS Design миди,2025-03-03,Челябинск,ASOS,Одежда,8,3210.0,3210.0,0.0,470.0,4.3,441.0,5.0,ИП «Некрасова Гордеев»,False,False,0,3,1,10.0,2100.0,13.0,3489.0,8.0,3530.0,10.0,3180.0,13.285714285714286,3538.1428571428573,3240.0,115.0
Платье ASOS Design миди,2025-03-05,Самара,ASOS,Одежда,10,2935.0,3925.0,25.0,430.0,4.7,463.0,7.0,АО «Белозеров Маркова»,False,False,2,3,1,8.0,3210.0,12.0,4230.0,22.0,3570.0,9.333333333333334,2748.3333333333335,11.571428571428571,3447.4285714285716,4419.0,139.0
Платье ASOS Design миди,2025-03-06,Москва,ASOS,Одежда,30,3887.5,3887.5,0.0,275.5,4.5,453.0,4.5,ООО «Федоров»,False,False,3,3,1,10.0,2935.0,10.0,2100.0,13.0,4739.0,16.0,3344.1666666666665,14.0,3325.785714285714,3365.0,123.0
Платье ASOS Design миди,2025-03-06,Ростов-на-Дону,ASOS,Одежда,11,4550.0,4550.0,0.0,497.0,4.2,315.0,5.0,ОАО «Исакова»,False,False,3,3,1,30.0,3887.5,8.0,3210.0,15.0,3429.0,17.0,3790.8333333333335,13.428571428571429,3485.9285714285716,3100.0,140.0
Платье ASOS Design миди,2025-03-06,Самара,ASOS,Одежда,10,4759.0,4759.0,0.0,88.0,4.5,416.0,1.0,"ООО «Селиверстов, Симонова и Волкова»",False,False,3,3,1,11.0,4550.0,10.0,2935.0,13.0,3489.0,17.0,4398.833333333333,13.0,3667.3571428571427,4210.0,136.0
Платье ASOS Design миди,2025-03-07,Нижний Новгород,ASOS,Одежда,10,3835.0,4745.0,19.0,317.0,4.3,278.0,7.0,"НПО «Фомичев, Борисов и Кононова»",False,False,4,3,1,10.0,4759.0,30.0,3887.5,12.0,4230.0,10.333333333333334,4381.333333333333,12.714285714285714,3610.9285714285716,4240.0,143.0
Платье ASOS Design миди,2025-03-07,Самара,ASOS,Одежда,9,3600.0,4745.0,24.0,476.0,4.7,562.0,7.0,РАО «Дроздов-Ефимова»,False,False,4,3,1,10.0,3835.0,11.0,4550.0,10.0,2100.0,9.666666666666666,4064.6666666666665,12.571428571428571,3825.214285714286,3270.0,140.0
Платье ASOS Design миди,2025-03-08,Москва,ASOS,Одежда,35,3240.0,3690.0,12.0,292.0,4.2,562.0,7.0,АО «Колесникова»,True,True,5,3,1,9.0,3600.0,10.0,4759.0,8.0,3210.0,18.0,3558.3333333333335,16.428571428571427,3829.5,4299.0,137.0
Платье ASOS Design миди,2025-03-08,Новосибирск,ASOS,Одежда,34,4419.0,4419.0,0.0,362.0,4.5,399.0,3.0,Август,True,True,5,3,1,35.0,3240.0,10.0,3835.0,10.0,2935.0,26.0,3753.0,19.857142857142858,4041.5,2940.0,120.0
Платье ASOS Design миди,2025-03-09,Казань,ASOS,Одежда,14,3365.0,3699.0,9.0,365.0,4.3,480.0,1.0,РАО «Блинов-Денисов»,True,False,6,3,1,34.0,4419.0,9.0,3600.0,30.0,3887.5,27.666666666666668,3674.6666666666665,17.571428571428573,3966.8571428571427,4567.5,130.0
Платье ASOS Design миди,2025-03-09,Новосибирск,ASOS,Одежда,28,3100.0,3875.0,20.0,93.0,4.2,623.0,5.0,ИП «Маслова»,True,False,6,3,1,14.0,3365.0,35.0,3240.0,11.0,4550.0,25.333333333333332,3628.0,20.0,3759.714285714286,2270.0,109.0
Платье ASOS Design миди,2025-03-09,Уфа,ASOS,Одежда,6,4210.0,4210.0,0.0,58.0,4.3,376.0,7.0,Корпорация Тактическое ракетное вооружение,True,False,6,3,1,28.0,3100.0,34.0,4419.0,10.0,4759.0,16.0,3558.3333333333335,19.428571428571427,3681.285714285714,3865.0,112.0
Платье ASOS Design миди,2025-03-09,Челябинск,ASOS,Одежда,17,4240.0,4240.0,0.0,491.0,4.2,563.0,3.0,Русснефть,True,False,6,3,1,6.0,4210.0,14.0,3365.0,10.0,3835.0,17.0,3850.0,20.428571428571427,3739.1428571428573,4299.5,141.0
Платье ASOS Design миди,2025-03-10,Казань,ASOS,Одежда,6,3270.0,3270.0,0.0,90.0,4.2,440.0,2.0,Титов и партнеры,False,False,0,3,1,17.0,4240.0,28.0,3100.0,9.0,3600.0,9.666666666666666,3906.6666666666665,20.0,3692.0,4132.5,156.0
Платье ASOS Design миди,2025-03-10,Москва,ASOS,Одежда,32,4299.0,4299.0,0.0,98.0,4.5,412.0,3.0,"ООО «Носков, Афанасьева и Мухина»",False,False,0,3,1,6.0,3270.0,6.0,4210.0,35.0,3240.0,18.333333333333332,3936.3333333333335,19.571428571428573,3843.285714285714,3300.0,141.0
Платье ASOS Design миди,2025-03-10,Новосибирск,ASOS,Одежда,17,2940.0,4590.0,36.0,348.0,4.6,541.0,3.0,ООО «Шашков-Голубев»,False,False,0,3,1,32.0,4299.0,17.0,4240.0,34.0,4419.0,18.333333333333332,3503.0,17.142857142857142,3632.0,3300.0,138.0
Платье ASOS Design миди,2025-03-10,Санкт-Петербург,ASOS,Одежда,24,4567.5,4567.5,0.0,155.0,4.35,474.5,6.0,Марс (Mars),False,False,0,3,1,17.0,2940.0,6.0,3270.0,14.0,3365.0,24.333333333333332,3935.5,18.571428571428573,3803.785714285714,4385.0,123.0
Платье ASOS Design миди,2025-03-11,Нижний Новгород,ASOS,Одежда,7,2270.0,3360.0,32.0,467.0,4.3,350.0,1.0,РАО «Шестакова-Логинов»,False,False,1,3,1,24.0,4567.5,32.0,4299.0,28.0,3100.0,16.0,3259.1666666666665,15.571428571428571,3685.214285714286,4520.0,142.0
Платье ASOS Design миди,2025-03-11,Ростов-на-Дону,ASOS,Одежда,9,3865.0,3865.0,0.0,489.0,4.1,499.0,5.0,ИП «Чернова-Горбачев»,False,False,1,3,1,7.0,2270.0,17.0,2940.0,6.0,4210.0,13.333333333333334,3567.5,16.0,3635.9285714285716,3720.0,142.0
Платье ASOS Design миди,2025-03-12,Москва,ASOS,Одежда,46,4299.5,4299.5,0.0,184.5,4.55,290.5,3.5,Ильина Инкорпорэйтед,False,False,2,3,1,9.0,3865.0,24.0,4567.5,17.0,4240.0,20.666666666666668,3478.1666666666665,20.142857142857142,3644.4285714285716,3039.0,122.0
Платье ASOS Design миди,2025-03-12,Челябинск,ASOS,Одежда,21,4132.5,4132.5,0.0,173.0,4.6,580.0,2.0,ОАО «Щукин-Крылова»,False,False,2,3,1,46.0,4299.5,7.0,2270.0,6.0,3270.0,25.333333333333332,4099.0,22.285714285714285,3767.6428571428573,4605.0,123.0
Платье ASOS Design миди,2025-03-13,Екатеринбург,ASOS,Одежда,17,3300.0,3300.0,0.0,482.0,4.5,281.0,1.0,"НПО «Носова, Князев и Дьячкова»",False,False,3,3,1,21.0,4132.5,9.0,3865.0,32.0,4299.0,28.0,3910.6666666666665,20.142857142857142,3624.9285714285716,4689.0,111.0
Платье ASOS Design миди,2025-03-13,Казань,ASOS,Одежда,14,3300.0,3300.0,0.0,482.0,4.3,332.0,2.0,Группа Окей,False,False,3,3,1,17.0,3300.0,46.0,4299.5,17.0,2940.0,17.333333333333332,3577.5,19.714285714285715,3676.3571428571427,3930.0,102.0
Платье ASOS Design миди,2025-03-13,Челябинск,ASOS,Одежда,9,4385.0,4385.0,0.0,398.0,4.5,603.0,5.0,"ИП «Андреева, Чернов и Медведева»",False,False,3,3,1,14.0,3300.0,21.0,4132.5,24.0,4567.5,13.333333333333334,3661.6666666666665,17.571428571428573,3650.285714285714,2435.0,108.0
Платье ASOS Design миди,2025-03-14,Москва,ASOS,Одежда,26,4520.0,4520.0,0.0,314.0,4.6,307.0,3.0,"ОАО «Лаврентьев, Уварова и Селиверстов»",False,False,4,3,1,9.0,4385.0,17.0,3300.0,7.0,2270.0,16.333333333333332,4068.3333333333335,20.285714285714285,3971.714285714286,4520.0,95.0
Платье ASOS Design миди,2025-03-14,Уфа,ASOS,Одежда,9,3720.0,3720.0,0.0,30.0,4.2,530.0,2.0,ООО «Терентьев Агафонов»,False,False,4,3,1,26.0,4520.0,14.0,3300.0,9.0,3865.0,14.666666666666666,4208.333333333333,20.285714285714285,3951.0,4014.0,142.0
Платье ASOS Design миди,2025-03-15,Москва,ASOS,Одежда,26,3039.0,4169.0,27.0,306.0,4.5,434.0,1.0,НПО «Сысоева Беспалов»,True,False,5,3,1,9.0,3720.0,9.0,4385.0,46.0,4299.5,20.333333333333332,3759.6666666666665,17.428571428571427,3770.9285714285716,3789.0,123.0
Платье ASOS Design миди,2025-03-16,Москва,ASOS,Одежда,22,4605.0,4605.0,0.0,218.0,4.6,474.0,7.0,ООО «Крылова-Зимин»,True,False,6,3,1,26.0,3039.0,26.0,4520.0,21.0,4132.5,19.0,3788.0,17.571428571428573,3838.4285714285716,1740.0,116.0
Платье ASOS Design миди,2025-03-17,Казань,ASOS,Одежда,5,4689.0,4689.0,0.0,442.0,4.5,439.0,2.0,"НПО «Ефимов, Пономарев и Муравьев»",False,False,0,3,1,22.0,4605.0,9.0,3720.0,17.0,3300.0,17.666666666666668,4111.0,15.857142857142858,4036.8571428571427,2910.0,137.0
Платье ASOS Design миди,2025-03-17,Челябинск,ASOS,Одежда,5,3930.0,3930.0,0.0,381.0,4.4,566.0,3.0,АО «Кошелев-Овчинникова»,False,False,0,3,1,5.0,4689.0,26.0,3039.0,14.0,3300.0,10.666666666666666,4408.0,14.571428571428571,4126.857142857143,4700.0,148.0
Платье ASOS Design миди,2025-03-18,Екатеринбург,ASOS,Одежда,15,2435.0,3880.0,37.0,172.0,4.5,613.0,3.0,НПО «Зайцев Шаров»,False,False,1,3,1,5.0,3930.0,22.0,4605.0,9.0,4385.0,8.333333333333334,3684.6666666666665,15.428571428571429,3848.285714285714,3070.0,143.0
Платье ASOS Design миди,2025-03-19,Казань,ASOS,Одежда,13,4520.0,4520.0,0.0,433.0,4.3,290.0,3.0,НПО «Уварова»,False,False,2,3,1,15.0,2435.0,5.0,4689.0,26.0,4520.0,11.0,3628.3333333333335,13.571428571428571,3848.285714285714,3924.5,207.0
Платье ASOS Design миди,2025-03-19,Москва,ASOS,Одежда,56,4014.0,4014.0,0.0,165.5,4.449999999999999,490.5,2.0,"НПО «Комиссаров, Лобанова и Логинов»",False,False,2,3,1,13.0,4520.0,5.0,3930.0,9.0,3720.0,28.0,3656.3333333333335,20.285714285714285,3890.285714285714,2745.0,184.0
Платье ASOS Design миди,2025-03-19,Нижний Новгород,ASOS,Одежда,7,3789.0,3789.0,0.0,94.0,4.3,243.0,2.0,АО «Гордеева Самойлов»,False,False,2,3,1,56.0,4014.0,15.0,2435.0,26.0,3039.0,25.333333333333332,4107.666666666667,17.571428571428573,3997.4285714285716,2980.0,188.0
Платье ASOS Design миди,2025-03-19,Новосибирск,ASOS,Одежда,15,1740.0,3420.0,49.0,241.0,4.2,503.0,5.0,АО «Суворова Маслов»,False,False,2,3,1,7.0,3789.0,13.0,4520.0,22.0,4605.0,26.0,3181.0,16.571428571428573,3588.1428571428573,3219.0,181.0
Платье Mango вечернее,2025-03-01,Екатеринбург,Mango,Одежда,13,6945.0,6945.0,0.0,496.0,4.4,297.0,2.0,Ширяева Лимитед,True,False,5,3,1,,,,,,,,,,,6135.0,117.0
Платье Mango вечернее,2025-03-01,Казань,Mango,Одежда,21,4990.0,4990.0,0.0,99.0,4.4,301.0,7.0,Артис-Агро Экспорт,True,False,5,3,1,13.0,6945.0,,,,,,,,,3740.0,106.0
Платье Mango вечернее,2025-03-02,Санкт-Петербург,Mango,Одежда,28,5119.0,5880.0,13.0,528.0,4.4,512.0,2.0,"РАО «Калашникова, Логинов и Смирнова»",True,False,6,3,1,21.0,4990.0,,,,,20.666666666666668,5684.666666666667,,,6839.0,88.0
Платье Mango вечернее,2025-03-03,Казань,Mango,Одежда,8,5775.0,5775.0,0.0,112.0,4.4,442.0,2.0,"ООО «Кулагина, Пономарева и Давыдова»",False,False,0,3,1,28.0,5119.0,13.0,6945.0,,,19.0,5294.666666666667,,,6555.0,96.0
Платье Mango вечернее,2025-03-03,Новосибирск,Mango,Одежда,7,6065.0,6065.0,0.0,77.0,4.6,593.0,2.0,АО «Никитин Галкин»,False,False,0,3,1,8.0,5775.0,21.0,4990.0,,,14.333333333333334,5653.0,,,4505.0,106.0
Платье Mango вечернее,2025-03-03,Санкт-Петербург,Mango,Одежда,14,5000.0,5000.0,0.0,484.0,4.6,589.0,3.0,Мечел,False,False,0,3,1,7.0,6065.0,28.0,5119.0,,,9.666666666666666,5613.333333333333,,,5260.0,102.0
Платье Mango вечернее,2025-03-04,Екатеринбург,Mango,Одежда,18,6865.0,6865.0,0.0,111.0,4.3,640.0,2.0,Жуков Инкорпорэйтед,False,False,1,3,1,14.0,5000.0,8.0,5775.0,,,13.0,5976.666666666667,15.571428571428571,5822.714285714285,6280.0,103.0
Платье Mango вечернее,2025-03-04,Москва,Mango,Одежда,21,6135.0,6135.0,0.0,231.0,4.3,430.0,2.0,Лаборатория Касперского,False,False,1,3,1,18.0,6865.0,7.0,6065.0,13.0,6945.0,17.666666666666668,6000.0,16.714285714285715,5707.0,6230.0,88.0
Платье Mango вечернее,2025-03-04,Ростов-на-Дону,Mango,Одежда,10,3740.0,5275.0,29.0,337.0,4.4,381.0,3.0,ИП «Носова-Васильева»,False,False,1,3,1,21.0,6135.0,14.0,5000.0,21.0,4990.0,16.333333333333332,5580.0,15.142857142857142,5528.428571428572,5854.5,160.0
Платье Mango вечернее,2025-03-04,Челябинск,Mango,Одежда,10,6839.0,6839.0,0.0,104.0,4.7,425.0,5.0,"РАО «Фролова, Суханов и Быков»",False,False,1,3,1,10.0,3740.0,18.0,6865.0,28.0,5119.0,13.666666666666666,5571.333333333333,12.571428571428571,5774.142857142857,6290.0,164.0
Платье Mango вечернее,2025-03-05,Новосибирск,Mango,Одежда,16,6555.0,6555.0,0.0,318.0,4.7,377.0,2.0,ИП «Крылова-Медведев»,False,False,2,3,1,10.0,6839.0,21.0,6135.0,8.0,5775.0,12.0,5711.333333333333,13.714285714285714,5885.571428571428,6965.0,184.0
Платье Mango вечернее,2025-03-07,Екатеринбург,Mango,Одежда,17,4505.0,6010.0,25.0,284.0,4.7,477.0,5.0,РАО «Авдеев Кулагина»,False,False,4,3,1,16.0,6555.0,10.0,3740.0,7.0,6065.0,14.333333333333334,5966.333333333333,15.142857142857142,5662.714285714285,5720.0,197.0
Платье Mango вечернее,2025-03-07,Новосибирск,Mango,Одежда,10,5260.0,5260.0,0.0,492.0,4.3,607.0,5.0,"ОАО «Шарапова, Исаева и Комарова»",False,False,4,3,1,17.0,4505.0,10.0,6839.0,14.0,5000.0,14.333333333333334,5440.0,14.571428571428571,5699.857142857143,5445.0,205.0
Платье Mango вечернее,2025-03-07,Санкт-Петербург,Mango,Одежда,19,6280.0,6280.0,0.0,415.0,4.7,361.0,2.0,АО «Мишина-Исаева»,False,False,4,3,1,10.0,5260.0,16.0,6555.0,18.0,6865.0,15.333333333333334,5348.333333333333,14.714285714285714,5616.285714285715,6705.0,216.0
Платье Mango вечернее,2025-03-07,Челябинск,Mango,Одежда,6,6230.0,6230.0,0.0,337.0,4.8,266.0,1.0,Наумов Лтд,False,False,4,3,1,19.0,6280.0,17.0,4505.0,21.0,6135.0,11.666666666666666,5923.333333333333,12.571428571428571,5629.857142857143,6180.0,232.0
Платье Mango вечернее,2025-03-08,Казань,Mango,Одежда,82,5854.5,6265.0,6.0,248.5,4.6,490.5,2.0,"ИП «Никитин, Сысоев и Андреев»",True,True,5,3,1,6.0,6230.0,10.0,5260.0,10.0,3740.0,35.666666666666664,6121.5,22.857142857142858,5931.928571428572,6435.0,162.0
Платье Mango вечернее,2025-03-08,Ростов-на-Дону,Mango,Одежда,14,6290.0,6290.0,0.0,493.0,4.8,626.0,2.0,Северсталь,True,True,5,3,1,82.0,5854.5,19.0,6280.0,10.0,6839.0,34.0,6124.833333333333,23.428571428571427,5853.5,6565.0,166.0
Платье Mango вечернее,2025-03-08,Уфа,Mango,Одежда,36,6965.0,6965.0,0.0,439.0,4.2,259.0,1.0,ИП «Воронцов-Филиппов»,True,True,5,3,1,14.0,6290.0,6.0,6230.0,16.0,6555.0,44.0,6369.833333333333,26.285714285714285,5912.071428571428,3210.0,148.0
Платье Mango вечернее,2025-03-08,Челябинск,Mango,Одежда,30,5720.0,5720.0,0.0,338.0,4.4,583.0,5.0,АО «Ситников Селиверстова»,True,True,5,3,1,36.0,6965.0,82.0,5854.5,17.0,4505.0,26.666666666666668,6325.0,28.142857142857142,6085.642857142857,6100.0,133.0
Платье Mango вечернее,2025-03-09,Самара,Mango,Одежда,18,5445.0,5445.0,0.0,426.0,4.7,611.0,2.0,Поляков и партнеры,True,False,6,3,1,30.0,5720.0,14.0,6290.0,10.0,5260.0,28.0,6043.333333333333,29.285714285714285,6112.071428571428,4485.0,136.0
Платье Mango вечернее,2025-03-09,Санкт-Петербург,Mango,Одежда,30,6705.0,6705.0,0.0,142.0,4.8,445.0,7.0,Пономарев и партнеры,True,False,6,3,1,18.0,5445.0,36.0,6965.0,19.0,6280.0,26.0,5956.666666666667,30.857142857142858,6172.785714285715,4809.0,116.0
Платье Mango вечернее,2025-03-09,Уфа,Mango,Одежда,22,6180.0,6180.0,0.0,255.0,4.550000000000001,600.5,1.5,Ильина Инк,True,False,6,3,1,30.0,6705.0,30.0,5720.0,6.0,6230.0,23.333333333333332,6110.0,33.142857142857146,6165.642857142857,5970.0,105.0
Платье Mango вечернее,2025-03-09,Челябинск,Mango,Одежда,12,6435.0,6435.0,0.0,381.0,4.7,417.0,3.0,Азбука вкуса,True,False,6,3,1,22.0,6180.0,18.0,5445.0,82.0,5854.5,21.333333333333332,6440.0,23.142857142857142,6248.571428571428,6230.0,108.0
Платье Mango вечернее,2025-03-11,Санкт-Петербург,Mango,Одежда,18,6565.0,6565.0,0.0,424.0,4.7,621.0,2.0,ООО «Быкова»,False,False,1,3,1,12.0,6435.0,30.0,6705.0,14.0,6290.0,17.333333333333332,6393.333333333333,23.714285714285715,6287.857142857143,3910.0,126.0
Платье Mango вечернее,2025-03-12,Москва,Mango,Одежда,18,3210.0,6310.0,49.0,323.0,4.5,569.0,5.0,НПО «Игнатова Рябов»,False,False,2,3,1,18.0,6565.0,22.0,6180.0,36.0,6965.0,16.0,5403.333333333333,21.142857142857142,5751.428571428572,5375.0,128.0
Платье Mango вечернее,2025-03-13,Екатеринбург,Mango,Одежда,15,6100.0,6100.0,0.0,409.0,4.6,444.0,1.0,Потапова и партнеры,False,False,3,3,1,18.0,3210.0,12.0,6435.0,30.0,5720.0,17.0,5291.666666666667,19.0,5805.714285714285,5322.5,150.0
Платье Mango вечернее,2025-03-13,Казань,Mango,Одежда,21,4485.0,5970.0,22.5,363.5,4.4,426.5,3.5,РАО «Ларионов»,False,False,3,3,1,15.0,6100.0,18.0,6565.0,18.0,5445.0,18.0,4598.333333333333,19.428571428571427,5668.571428571428,6775.0,143.0
Платье Mango вечернее,2025-03-13,Нижний Новгород,Mango,Одежда,10,4809.0,5119.0,6.0,287.0,4.3,391.0,5.0,Вайлдберриз,False,False,3,3,1,21.0,4485.0,18.0,3210.0,30.0,6705.0,15.333333333333334,5131.333333333333,16.571428571428573,5397.714285714285,5539.0,152.0
Платье Mango вечернее,2025-03-14,Нижний Новгород,Mango,Одежда,11,5970.0,5970.0,0.0,414.0,4.3,291.0,5.0,ООО «Андреев-Муравьев»,False,False,4,3,1,10.0,4809.0,15.0,6100.0,22.0,6180.0,14.0,5088.0,15.0,5367.714285714285,3755.0,152.0
Платье Mango вечернее,2025-03-15,Новосибирск,Mango,Одежда,15,6230.0,6230.0,0.0,57.0,4.5,293.0,5.0,РАО «Баранов-Зайцев»,True,False,5,3,1,11.0,5970.0,21.0,4485.0,12.0,6435.0,12.0,5669.666666666667,15.428571428571429,5338.428571428572,6300.0,144.0
Платье Mango вечернее,2025-03-16,Москва,Mango,Одежда,36,3910.0,5089.0,23.0,249.0,4.5,599.0,5.0,РАО «Дьячкова Михеева»,True,False,6,3,1,15.0,6230.0,10.0,4809.0,18.0,6565.0,20.666666666666668,5370.0,18.0,4959.142857142857,6780.0,122.0
Платье Mango вечернее,2025-03-16,Нижний Новгород,Mango,Одежда,20,5375.0,5375.0,0.0,306.0,4.6,342.0,2.0,АО «Галкина»,True,False,6,3,1,36.0,3910.0,11.0,5970.0,18.0,3210.0,23.666666666666668,5171.666666666667,18.285714285714285,5268.428571428572,5000.0,117.0
Платье Mango вечернее,2025-03-16,Санкт-Петербург,Mango,Одежда,37,5322.5,5560.0,4.0,364.0,4.7,521.5,5.0,ОАО «Федосеева»,True,False,6,3,1,20.0,5375.0,15.0,6230.0,15.0,6100.0,31.0,4869.166666666667,21.428571428571427,5157.357142857143,5140.0,93.0
Платье Mango вечернее,2025-03-16,Уфа,Mango,Одежда,14,6775.0,6775.0,0.0,286.0,4.3,627.0,7.0,РАО «Филиппова Мухина»,True,False,6,3,1,37.0,5322.5,36.0,3910.0,21.0,4485.0,23.666666666666668,5824.166666666667,20.428571428571427,5484.5,6560.0,97.0
Платье Mango вечернее,2025-03-17,Екатеринбург,Mango,Одежда,19,5539.0,6840.0,19.0,185.0,4.5,638.0,3.0,ЗАО «Власов Прохорова»,False,False,0,3,1,14.0,6775.0,20.0,5375.0,10.0,4809.0,23.333333333333332,5878.833333333333,21.714285714285715,5588.785714285715,5529.0,89.0
Платье Mango вечернее,2025-03-17,Нижний Новгород,Mango,Одежда,11,3755.0,5299.0,29.0,37.0,4.5,458.0,3.0,"ИП «Казаков, Моисеев и Суханова»",False,False,0,3,1,19.0,5539.0,37.0,5322.5,11.0,5970.0,14.666666666666666,5356.333333333333,21.714285714285715,5272.357142857143,5995.0,94.0
Платье Mango вечернее,2025-03-17,Уфа,Mango,Одежда,7,6300.0,6300.0,0.0,360.0,4.5,610.0,2.0,ИП «Щукин-Куликов»,False,False,0,3,1,11.0,3755.0,14.0,6775.0,15.0,6230.0,12.333333333333334,5198.0,20.571428571428573,5282.357142857143,5250.0,108.0
Платье Mango вечернее,2025-03-18,Москва,Mango,Одежда,14,6780.0,6780.0,0.0,202.0,4.5,458.0,3.0,Никитин Групп,False,False,1,3,1,7.0,6300.0,19.0,5539.0,36.0,3910.0,10.666666666666666,5611.666666666667,17.428571428571427,5692.357142857143,6360.0,147.0
Платье Mango вечернее,2025-03-19,Екатеринбург,Mango,Одежда,15,5000.0,5000.0,0.0,44.0,4.6,360.0,2.0,Шарова Инкорпорэйтед,False,False,2,3,1,14.0,6780.0,11.0,3755.0,20.0,5375.0,12.0,6026.666666666667,16.714285714285715,5638.785714285715,6654.5,178.0
Платье Zara с принтом,2025-03-01,Санкт-Петербург,Zara,Одежда,23,5250.0,5250.0,0.0,505.0,4.1,254.0,3.0,Сысоев Лимитед,True,False,5,3,1,,,,,,,,,,,5360.0,122.0
Платье Zara с принтом,2025-03-02,Самара,Zara,Одежда,22,3760.0,4990.0,21.5,142.0,4.15,505.5,4.0,ИП «Громова»,True,False,6,3,1,23.0,5250.0,,,,,,,,,5340.0,110.0
Платье Zara с принтом,2025-03-03,Новосибирск,Zara,Одежда,32,4880.0,4880.0,0.0,339.5,4.2,578.5,4.0,Центральная пригородная пассажирская компания,False,False,0,3,1,22.0,3760.0,,,,,25.666666666666668,4630.0,,,3837.5,113.0
Платье Zara с принтом,2025-03-03,Санкт-Петербург,Zara,Одежда,24,5490.0,5490.0,0.0,393.0,4.0,357.0,3.0,"ООО «Бирюков, Зиновьев и Крылов»",False,False,0,3,1,32.0,4880.0,23.0,5250.0,,,26.0,4710.0,,,4390.0,99.0
Платье Zara с принтом,2025-03-03,Челябинск,Zara,Одежда,5,4410.0,4410.0,0.0,107.0,4.2,523.0,2.0,"РАО «Казаков, Алексеев и Агафонова»",False,False,0,3,1,24.0,5490.0,22.0,3760.0,,,20.333333333333332,4926.666666666667,,,3360.0,107.0
Платье Zara с принтом,2025-03-04,Нижний Новгород,Zara,Одежда,13,2589.0,4705.0,45.0,102.0,4.0,336.0,1.0,Мособлгаз,False,False,1,3,1,5.0,4410.0,32.0,4880.0,,,14.0,4163.0,,,5155.0,105.0
Платье Zara с принтом,2025-03-04,Ростов-на-Дону,Zara,Одежда,12,4399.0,4399.0,0.0,150.0,4.6,380.0,2.0,"НПО «Лапина, Голубев и Прохорова»",False,False,1,3,1,13.0,2589.0,24.0,5490.0,,,10.0,3799.3333333333335,18.714285714285715,4396.857142857143,4685.0,106.0
Платье Zara с принтом,2025-03-04,Челябинск,Zara,Одежда,14,5360.0,5360.0,0.0,407.0,4.1,560.0,1.0,"АО «Кулаков, Рыбаков и Костин»",False,False,1,3,1,12.0,4399.0,5.0,4410.0,23.0,5250.0,13.0,4116.0,17.428571428571427,4412.571428571428,5295.0,101.0
Платье Zara с принтом,2025-03-05,Новосибирск,Zara,Одежда,10,5340.0,5340.0,0.0,304.0,4.3,419.0,5.0,Давыдов Инкорпорэйтед,False,False,2,3,1,14.0,5360.0,13.0,2589.0,22.0,3760.0,12.0,5033.0,15.714285714285714,4638.285714285715,2375.0,111.0
Платье Zara с принтом,2025-03-06,Москва,Zara,Одежда,35,3837.5,4132.5,7.0,205.0,4.449999999999999,522.5,4.0,Уваров Инкорпорэйтед,False,False,3,3,1,10.0,5340.0,12.0,4399.0,32.0,4880.0,19.666666666666668,4845.833333333333,16.142857142857142,4489.357142857143,4919.0,105.0
Платье Zara с принтом,2025-03-06,Уфа,Zara,Одежда,10,4390.0,4390.0,0.0,502.0,4.2,433.0,1.0,ЗАО «Тарасова-Чернов»,False,False,3,3,1,35.0,3837.5,14.0,5360.0,24.0,5490.0,18.333333333333332,4522.5,14.142857142857142,4332.214285714285,4149.0,114.0
Платье Zara с принтом,2025-03-07,Новосибирск,Zara,Одежда,13,3360.0,4319.0,22.0,343.0,4.1,495.0,3.0,РАО «Ширяева-Кузьмина»,False,False,4,3,1,10.0,4390.0,10.0,5340.0,5.0,4410.0,19.333333333333332,3862.5,15.285714285714286,4182.214285714285,5555.0,114.0
Платье Zara с принтом,2025-03-07,Ростов-на-Дону,Zara,Одежда,11,5155.0,5155.0,0.0,272.0,4.1,278.0,2.0,ЛЭтуаль,False,False,4,3,1,13.0,3360.0,35.0,3837.5,13.0,2589.0,11.333333333333334,4301.666666666667,15.0,4548.785714285715,2885.0,128.0
Платье Zara с принтом,2025-03-07,Самара,Zara,Одежда,13,4685.0,4685.0,0.0,483.0,4.4,597.0,5.0,"НПО «Савина, Корнилов и Сысоев»",False,False,4,3,1,11.0,5155.0,10.0,4390.0,12.0,4399.0,12.333333333333334,4400.0,15.142857142857142,4589.642857142857,5285.0,131.0
Платье Zara с принтом,2025-03-07,Челябинск,Zara,Одежда,9,5295.0,5295.0,0.0,70.0,4.1,404.0,3.0,Дьячков и партнеры,False,False,4,3,1,13.0,4685.0,13.0,3360.0,14.0,5360.0,11.0,5045.0,14.428571428571429,4580.357142857143,4757.5,141.0
Платье Zara с принтом,2025-03-08,Казань,Zara,Одежда,20,2375.0,4110.0,42.0,257.0,4.5,438.0,7.0,РАО «Панфилова-Зыков»,True,True,5,3,1,9.0,5295.0,11.0,5155.0,10.0,5340.0,14.0,4118.333333333333,15.857142857142858,4156.785714285715,4467.5,152.0
Платье Zara с принтом,2025-03-08,Челябинск,Zara,Одежда,29,4919.0,4919.0,0.0,405.0,4.2,518.0,3.0,ООО «Белов Потапова»,True,True,5,3,1,20.0,2375.0,13.0,4685.0,35.0,3837.5,19.333333333333332,4196.333333333333,15.0,4311.285714285715,3105.0,131.0
Платье Zara с принтом,2025-03-09,Санкт-Петербург,Zara,Одежда,19,4149.0,4149.0,0.0,286.0,4.6,255.0,5.0,ИП «Кудрявцева Назарова»,True,False,6,3,1,29.0,4919.0,9.0,5295.0,10.0,4390.0,22.666666666666668,3814.3333333333335,16.285714285714285,4276.857142857143,4419.0,119.0
Платье Zara с принтом,2025-03-10,Казань,Zara,Одежда,13,5555.0,5555.0,0.0,420.0,4.2,402.0,5.0,Европа,False,False,0,3,1,19.0,4149.0,20.0,2375.0,13.0,3360.0,20.333333333333332,4874.333333333333,16.285714285714285,4590.428571428572,4140.0,123.0
Платье Zara с принтом,2025-03-10,Москва,Zara,Одежда,25,2885.0,4740.0,39.0,380.0,4.1,513.0,2.0,ОАО «Цветкова»,False,False,0,3,1,13.0,5555.0,29.0,4919.0,11.0,5155.0,19.0,4196.333333333333,18.285714285714285,4266.142857142857,5285.0,108.0
Платье Zara с принтом,2025-03-10,Новосибирск,Zara,Одежда,16,5285.0,5285.0,0.0,257.0,4.3,271.0,3.0,Громова Инкорпорэйтед,False,False,0,3,1,25.0,2885.0,19.0,4149.0,13.0,4685.0,18.0,4575.0,18.714285714285715,4351.857142857143,5050.0,108.0
Платье Zara с принтом,2025-03-10,Санкт-Петербург,Zara,Одежда,19,4757.5,4757.5,0.0,186.5,4.35,544.5,2.5,ООО «Козлова-Зайцев»,False,False,0,3,1,16.0,5285.0,13.0,5555.0,9.0,5295.0,20.0,4309.166666666667,20.142857142857142,4275.071428571428,4680.0,103.0
Платье Zara с принтом,2025-03-11,Москва,Zara,Одежда,31,4467.5,4467.5,0.0,368.0,4.15,222.5,5.0,"ООО «Емельянов, Матвеева и Комиссарова»",False,False,1,3,1,19.0,4757.5,25.0,2885.0,20.0,2375.0,22.0,4836.666666666667,21.714285714285715,4574.0,3939.0,82.0
Платье Zara с принтом,2025-03-11,Санкт-Петербург,Zara,Одежда,8,3105.0,5760.0,46.0,59.0,4.1,506.0,7.0,"НПО «Рябов, Гусева и Селиверстова»",False,False,1,3,1,31.0,4467.5,16.0,5285.0,29.0,4919.0,19.333333333333332,4110.0,18.714285714285715,4314.857142857143,4090.0,84.0
Платье Zara с принтом,2025-03-11,Челябинск,Zara,Одежда,7,4419.0,4419.0,0.0,94.0,4.2,485.0,3.0,РАО «Шестакова Мамонтов»,False,False,1,3,1,8.0,3105.0,19.0,4757.5,19.0,4149.0,15.333333333333334,3997.1666666666665,17.0,4353.428571428572,2479.0,94.0
Платье Zara с принтом,2025-03-12,Москва,Zara,Одежда,17,4140.0,4140.0,0.0,373.0,4.3,520.0,1.0,ОАО «Елисеева»,False,False,2,3,1,7.0,4419.0,31.0,4467.5,13.0,5555.0,10.666666666666666,3888.0,17.571428571428573,4151.285714285715,4080.0,92.0
Платье Zara с принтом,2025-03-12,Уфа,Zara,Одежда,10,5285.0,5285.0,0.0,247.0,4.2,530.0,3.0,Одинцова Групп,False,False,2,3,1,17.0,4140.0,8.0,3105.0,25.0,2885.0,11.333333333333334,4614.666666666667,15.428571428571429,4494.142857142857,4260.0,112.0
Платье Zara с принтом,2025-03-13,Екатеринбург,Zara,Одежда,16,5050.0,5050.0,0.0,105.0,4.1,535.0,7.0,"НПО «Кузьмина, Журавлева и Большаков»",False,False,3,3,1,10.0,5285.0,7.0,4419.0,16.0,5285.0,14.333333333333334,4825.0,15.428571428571429,4460.571428571428,5810.0,108.0
Платье Zara с принтом,2025-03-13,Новосибирск,Zara,Одежда,14,4680.0,5845.0,20.0,70.0,4.4,505.0,3.0,АО «Пахомова»,False,False,3,3,1,16.0,5050.0,17.0,4140.0,19.0,4757.5,13.333333333333334,5005.0,14.714285714285714,4449.5,4910.0,116.0
Платье Zara с принтом,2025-03-13,Ростов-на-Дону,Zara,Одежда,10,3939.0,5470.0,28.0,293.0,4.4,325.0,2.0,РАО «Коновалов Павлова»,False,False,3,3,1,14.0,4680.0,10.0,5285.0,31.0,4467.5,13.333333333333334,4556.333333333333,11.714285714285714,4374.0,2700.0,139.0
Платье Zara с принтом,2025-03-13,Самара,Zara,Одежда,10,4090.0,4450.0,8.0,202.0,4.1,303.0,7.0,"ОАО «Кудрявцев, Веселова и Рогова»",False,False,3,3,1,10.0,3939.0,16.0,5050.0,8.0,3105.0,11.333333333333334,4236.333333333333,12.0,4514.714285714285,5510.0,143.0
Платье Zara с принтом,2025-03-13,Санкт-Петербург,Zara,Одежда,17,2479.0,4760.0,48.0,99.0,4.4,608.0,3.0,ЗАО «Лобанова»,False,False,3,3,1,10.0,4090.0,14.0,4680.0,7.0,4419.0,12.333333333333334,3502.6666666666665,13.428571428571429,4237.571428571428,5000.0,134.0
Платье Zara с принтом,2025-03-14,Казань,Zara,Одежда,15,4080.0,4639.0,12.0,451.0,4.2,607.0,3.0,"ОАО «Мельникова, Жукова и Ковалев»",False,False,4,3,1,17.0,2479.0,10.0,3939.0,17.0,4140.0,14.0,3549.6666666666665,13.142857142857142,4229.0,5269.0,127.0
Платье Zara с принтом,2025-03-14,Москва,Zara,Одежда,30,4260.0,4260.0,0.0,355.0,4.5,253.0,2.0,ЗАО «Фокин-Крылов»,False,False,4,3,1,15.0,4080.0,10.0,4090.0,10.0,5285.0,20.666666666666668,3606.3333333333335,16.0,4082.5714285714284,4855.0,107.0
Платье Zara с принтом,2025-03-14,Санкт-Петербург,Zara,Одежда,12,5810.0,5810.0,0.0,46.0,4.3,623.0,5.0,ИП «Колесников-Ларионов»,False,False,4,3,1,30.0,4260.0,17.0,2479.0,16.0,5050.0,19.0,4716.666666666667,15.428571428571429,4191.142857142857,5690.0,101.0
Платье Zara с принтом,2025-03-15,Москва,Zara,Одежда,22,4910.0,5340.0,8.0,261.0,4.6,631.0,3.0,Тихонов Инк,True,False,5,3,1,12.0,5810.0,15.0,4080.0,14.0,4680.0,21.333333333333332,4993.333333333333,16.571428571428573,4224.0,4730.0,89.0
Платье Zara с принтом,2025-03-15,Санкт-Петербург,Zara,Одежда,33,2700.0,5010.0,46.0,70.0,4.5,442.0,3.0,Системный оператор Единой энергетической системы,True,False,5,3,1,22.0,4910.0,30.0,4260.0,10.0,3939.0,22.333333333333332,4473.333333333333,19.857142857142858,4047.0,4350.0,65.0
Платье Zara с принтом,2025-03-18,Нижний Новгород,Zara,Одежда,14,5510.0,5510.0,0.0,339.0,4.3,453.0,3.0,АО «Орехова-Тарасов»,False,False,1,3,1,33.0,2700.0,12.0,5810.0,10.0,4090.0,23.0,4373.333333333333,20.428571428571427,4249.857142857143,5412.5,92.0
Платье Zara с принтом,2025-03-19,Самара,Zara,Одежда,8,5000.0,5000.0,0.0,299.0,4.4,286.0,5.0,РАО «Григорьев Власова»,False,False,2,3,1,14.0,5510.0,22.0,4910.0,17.0,2479.0,18.333333333333332,4403.333333333333,19.142857142857142,4610.0,5055.0,102.0
Платье Zara с принтом,2025-03-19,Челябинск,Zara,Одежда,8,5269.0,5269.0,0.0,496.0,4.5,315.0,5.0,ЗАО «Потапова Силин»,False,False,2,3,1,8.0,5000.0,33.0,2700.0,15.0,4080.0,10.0,5259.666666666667,18.142857142857142,4779.857142857143,5762.5,124.0
Пылесос Dyson V15 Detect Absolute,2025-03-01,Новосибирск,Dyson,Бытовая техника,28,63455.0,63455.0,0.0,30.0,5.0,376.0,2.0,"ИП «Петухов, Гуляева и Терентьев»",True,False,5,3,1,,,,,,,,,,,61887.5,183.0
Пылесос Dyson V15 Detect Absolute,2025-03-01,Санкт-Петербург,Dyson,Бытовая техника,32,53940.0,53940.0,0.0,137.0,4.7,318.0,3.0,"ОАО «Игнатов, Осипов и Фадеев»",True,False,5,3,1,28.0,63455.0,,,,,,,,,66895.0,165.0
Пылесос Dyson V15 Detect Absolute,2025-03-02,Москва,Dyson,Бытовая техника,36,60385.0,60385.0,0.0,163.0,4.7,263.0,2.0,РАО «Назарова Прохорова»,True,False,6,3,1,32.0,53940.0,,,,,32.0,59260.0,,,63790.0,143.0
Пылесос Dyson V15 Detect Absolute,2025-03-02,Новосибирск,Dyson,Бытовая техника,47,60734.5,60734.5,0.0,331.0,5.0,414.0,3.0,Дементьева и партнеры,True,False,6,3,1,36.0,60385.0,28.0,63455.0,,,38.333333333333336,58353.166666666664,,,56985.0,104.0
Пылесос Dyson V15 Detect Absolute,2025-03-02,Самара,Dyson,Бытовая техника,13,33590.0,60000.0,44.0,344.0,4.8,515.0,2.0,Смирнова Инк,True,False,6,3,1,47.0,60734.5,32.0,53940.0,,,32.0,51569.833333333336,,,59039.0,114.0
Пылесос Dyson V15 Detect Absolute,2025-03-02,Челябинск,Dyson,Бытовая техника,10,66720.0,66720.0,0.0,445.0,4.9,647.0,3.0,ИП «Пономарев Фадеева»,True,False,6,3,1,13.0,33590.0,36.0,60385.0,,,23.333333333333332,53681.5,,,63989.0,113.0
Пылесос Dyson V15 Detect Absolute,2025-03-03,Казань,Dyson,Бытовая техника,6,57179.0,57179.0,0.0,268.0,4.6,418.0,1.0,"АО «Орлов, Никонова и Капустина»",False,False,0,3,1,10.0,66720.0,47.0,60734.5,,,9.666666666666666,52496.333333333336,24.571428571428573,56571.92857142857,67850.0,120.0
Пылесос Dyson V15 Detect Absolute,2025-03-03,Москва,Dyson,Бытовая техника,39,61887.5,61887.5,0.0,234.0,4.6,453.5,5.0,РАО «Самойлова-Якушев»,False,False,0,3,1,6.0,57179.0,13.0,33590.0,28.0,63455.0,18.333333333333332,61928.833333333336,26.142857142857142,56348.0,60260.0,110.0
Пылесос Dyson V15 Detect Absolute,2025-03-03,Нижний Новгород,Dyson,Бытовая техника,14,66895.0,66895.0,0.0,274.0,5.0,488.0,5.0,"АО «Калинин, Ефимов и Турова»",False,False,0,3,1,39.0,61887.5,10.0,66720.0,32.0,53940.0,19.666666666666668,61987.166666666664,23.571428571428573,58198.71428571428,60189.0,108.0
Пылесос Dyson V15 Detect Absolute,2025-03-04,Уфа,Dyson,Бытовая техника,14,63790.0,63790.0,0.0,341.0,4.7,272.0,2.0,Павлов Групп,False,False,1,3,1,14.0,66895.0,6.0,57179.0,36.0,60385.0,22.333333333333332,64190.833333333336,20.428571428571427,58685.142857142855,61610.0,119.0
Пылесос Dyson V15 Detect Absolute,2025-03-05,Екатеринбург,Dyson,Бытовая техника,8,56985.0,56985.0,0.0,59.0,4.7,626.0,2.0,"ЗАО «Николаев, Матвеев и Кабанов»",False,False,2,3,1,14.0,63790.0,39.0,61887.5,47.0,60734.5,12.0,62556.666666666664,14.857142857142858,58149.5,52855.0,125.0
Пылесос Dyson V15 Detect Absolute,2025-03-05,Санкт-Петербург,Dyson,Бытовая техника,23,59039.0,59039.0,0.0,459.0,4.6,318.0,2.0,РАО «Рожкова Молчанов»,False,False,2,3,1,8.0,56985.0,14.0,66895.0,13.0,33590.0,15.0,59938.0,16.285714285714285,61785.07142857143,54860.0,184.0
Пылесос Dyson V15 Detect Absolute,2025-03-05,Челябинск,Dyson,Бытовая техника,9,63989.0,63989.0,0.0,385.0,4.9,653.0,2.0,ЗАО «Киселева Мясников»,False,False,2,3,1,23.0,59039.0,14.0,63790.0,10.0,66720.0,13.333333333333334,60004.333333333336,16.142857142857142,61394.92857142857,67850.0,197.0
Пылесос Dyson V15 Detect Absolute,2025-03-06,Екатеринбург,Dyson,Бытовая техника,13,67850.0,67850.0,0.0,470.0,5.0,607.0,1.0,"ИП «Федотов, Агафонова и Воробьева»",False,False,3,3,1,9.0,63989.0,8.0,56985.0,6.0,57179.0,15.0,63626.0,17.142857142857142,62919.357142857145,58045.0,194.0
Пылесос Dyson V15 Detect Absolute,2025-03-06,Москва,Dyson,Бытовая техника,29,60260.0,60260.0,0.0,100.0,4.6,544.0,7.0,ОАО «Беспалов-Якушева»,False,False,3,3,1,13.0,67850.0,23.0,59039.0,39.0,61887.5,17.0,64033.0,15.714285714285714,62686.857142857145,58960.0,180.0
Пылесос Dyson V15 Detect Absolute,2025-03-06,Новосибирск,Dyson,Бытовая техника,12,60189.0,60189.0,0.0,173.0,4.6,245.0,3.0,Воронова Лимитед,False,False,3,3,1,29.0,60260.0,9.0,63989.0,14.0,66895.0,18.0,62766.333333333336,15.428571428571429,61728.857142857145,59450.0,180.0
Пылесос Dyson V15 Detect Absolute,2025-03-07,Санкт-Петербург,Dyson,Бытовая техника,25,61610.0,61610.0,0.0,505.0,4.7,363.0,2.0,Журавлева Инк,False,False,4,3,1,12.0,60189.0,13.0,67850.0,14.0,63790.0,22.0,60686.333333333336,17.0,61417.42857142857,57782.0,174.0
Пылесос Dyson V15 Detect Absolute,2025-03-07,Уфа,Dyson,Бытовая техника,14,52855.0,64459.0,18.0,428.0,5.0,686.0,2.0,Зиновьев и партнеры,False,False,4,3,1,25.0,61610.0,29.0,60260.0,8.0,56985.0,17.0,58218.0,17.857142857142858,60827.42857142857,62099.0,188.0
Пылесос Dyson V15 Detect Absolute,2025-03-08,Санкт-Петербург,Dyson,Бытовая техника,82,54860.0,54860.0,0.0,255.0,4.8,346.0,7.0,ООО «Чернова Сорокина»,True,True,5,3,1,14.0,52855.0,12.0,60189.0,23.0,59039.0,40.333333333333336,56441.666666666664,26.285714285714285,60230.42857142857,59340.0,120.0
Пылесос Dyson V15 Detect Absolute,2025-03-09,Самара,Dyson,Бытовая техника,22,67850.0,67850.0,0.0,144.0,5.0,546.0,5.0,"РАО «Герасимов, Королев и Рябов»",True,False,6,3,1,82.0,54860.0,25.0,61610.0,9.0,63989.0,39.333333333333336,58521.666666666664,28.142857142857142,60782.0,65985.0,108.0
Пылесос Dyson V15 Detect Absolute,2025-03-11,Ростов-на-Дону,Dyson,Бытовая техника,10,58045.0,58045.0,0.0,244.0,4.6,665.0,5.0,РАО «Кузьмина»,False,False,1,3,1,22.0,67850.0,14.0,52855.0,13.0,67850.0,38.0,60251.666666666664,27.714285714285715,59381.28571428572,56680.0,106.0
Пылесос Dyson V15 Detect Absolute,2025-03-11,Санкт-Петербург,Dyson,Бытовая техника,15,58960.0,58960.0,0.0,268.0,5.0,372.0,5.0,САП СНГ (SAP),False,False,1,3,1,10.0,58045.0,82.0,54860.0,29.0,60260.0,15.666666666666666,61618.333333333336,25.714285714285715,59195.57142857143,41180.0,103.0
Пылесос Dyson V15 Detect Absolute,2025-03-12,Новосибирск,Dyson,Бытовая техника,12,59450.0,59450.0,0.0,364.0,4.9,369.0,7.0,ООО «Маслова-Никифоров»,False,False,2,3,1,15.0,58960.0,22.0,67850.0,12.0,60189.0,12.333333333333334,58818.333333333336,25.714285714285715,59090.0,58370.0,119.0
Пылесос Dyson V15 Detect Absolute,2025-03-12,Ростов-на-Дону,Dyson,Бытовая техника,19,57782.0,57782.0,0.0,388.0,5.0,410.0,5.0,"ЗАО «Сидоров, Суворов и Шилов»",False,False,2,3,1,12.0,59450.0,10.0,58045.0,25.0,61610.0,15.333333333333334,58730.666666666664,24.857142857142858,58543.142857142855,54370.0,117.0
Пылесос Dyson V15 Detect Absolute,2025-03-12,Санкт-Петербург,Dyson,Бытовая техника,28,62099.0,62099.0,0.0,263.0,4.7,448.0,7.0,Гусев Инк,False,False,2,3,1,19.0,57782.0,15.0,58960.0,14.0,52855.0,19.666666666666668,59777.0,26.857142857142858,59863.71428571428,61585.0,103.0
Пылесос Dyson V15 Detect Absolute,2025-03-13,Москва,Dyson,Бытовая техника,14,59340.0,59340.0,0.0,447.0,4.6,258.0,2.0,Ман Трак Энд Бас Рус (Volkswagen),False,False,3,3,1,28.0,62099.0,12.0,59450.0,82.0,54860.0,20.333333333333332,59740.333333333336,17.142857142857142,60503.71428571428,60145.0,102.0
Пылесос Dyson V15 Detect Absolute,2025-03-13,Уфа,Dyson,Бытовая техника,10,65985.0,65985.0,0.0,479.0,5.0,532.0,3.0,НПО «Авдеева-Шашкова»,False,False,3,3,1,14.0,59340.0,19.0,57782.0,22.0,67850.0,17.333333333333332,62474.666666666664,15.428571428571429,60237.28571428572,63549.0,114.0
Пылесос Dyson V15 Detect Absolute,2025-03-13,Челябинск,Dyson,Бытовая техника,8,56680.0,56680.0,0.0,254.0,4.8,566.0,2.0,ЗАО «Зуев-Корнилов»,False,False,3,3,1,10.0,65985.0,28.0,62099.0,10.0,58045.0,10.666666666666666,60668.333333333336,15.142857142857142,60042.28571428572,61190.0,129.0
Пылесос Dyson V15 Detect Absolute,2025-03-14,Казань,Dyson,Бытовая техника,12,41180.0,56420.0,27.0,308.0,4.9,522.0,2.0,ЗАО «Орехова-Калинин»,False,False,4,3,1,8.0,56680.0,14.0,59340.0,15.0,58960.0,10.0,54615.0,14.714285714285714,57502.28571428572,61782.5,143.0
Пылесос Dyson V15 Detect Absolute,2025-03-14,Москва,Dyson,Бытовая техника,28,58370.0,58370.0,0.0,260.0,4.9,667.0,2.0,"АО «Ефимов, Михайлова и Никитина»",False,False,4,3,1,12.0,41180.0,10.0,65985.0,12.0,59450.0,16.0,52076.666666666664,17.0,57348.0,63555.0,235.0
Пылесос Dyson V15 Detect Absolute,2025-03-14,Новосибирск,Dyson,Бытовая техника,17,54370.0,54370.0,0.0,278.0,4.6,272.0,5.0,Восточный экспресс банк,False,False,4,3,1,28.0,58370.0,8.0,56680.0,19.0,57782.0,19.0,51306.666666666664,16.714285714285715,56860.57142857143,62780.0,250.0
Пылесос Dyson V15 Detect Absolute,2025-03-14,Самара,Dyson,Бытовая техника,14,61585.0,61585.0,0.0,149.0,4.6,354.0,7.0,ЗАО «Константинов»,False,False,4,3,1,17.0,54370.0,12.0,41180.0,28.0,62099.0,19.666666666666668,58108.333333333336,14.714285714285714,56787.142857142855,62625.0,251.0
Пылесос Dyson V15 Detect Absolute,2025-03-14,Уфа,Dyson,Бытовая техника,13,60145.0,60145.0,0.0,510.0,4.6,485.0,3.0,Газпром,False,False,4,3,1,14.0,61585.0,28.0,58370.0,14.0,59340.0,14.666666666666666,58700.0,14.571428571428571,56902.142857142855,63745.0,258.0
Пылесос Dyson V15 Detect Absolute,2025-03-15,Казань,Dyson,Бытовая техника,22,63549.0,63549.0,0.0,53.0,5.0,403.0,2.0,Мазда Соллерс Мануфэкчуринг Рус,True,False,5,3,1,13.0,60145.0,17.0,54370.0,10.0,65985.0,16.333333333333332,61759.666666666664,16.285714285714285,56554.142857142855,58324.5,262.0
Пылесос Dyson V15 Detect Absolute,2025-03-15,Санкт-Петербург,Dyson,Бытовая техника,23,61190.0,61190.0,0.0,507.0,5.0,573.0,3.0,ОАО «Фомичев Григорьев»,True,False,5,3,1,22.0,63549.0,14.0,61585.0,8.0,56680.0,19.333333333333332,61628.0,18.428571428571427,57198.42857142857,61755.0,252.0
Пылесос Dyson V15 Detect Absolute,2025-03-16,Новосибирск,Dyson,Бытовая техника,26,61782.5,61782.5,0.0,405.0,4.95,488.0,3.0,Ершов Инк,True,False,6,3,1,23.0,61190.0,13.0,60145.0,12.0,41180.0,23.666666666666668,62173.833333333336,20.428571428571427,60141.642857142855,57569.0,243.0
Пылесос Dyson V15 Detect Absolute,2025-03-16,Санкт-Петербург,Dyson,Бытовая техника,120,63555.0,63555.0,0.0,277.3333333333333,4.833333333333333,404.3333333333333,1.3333333333333333,Неофарм,True,False,6,3,1,26.0,61782.5,22.0,63549.0,28.0,58370.0,56.333333333333336,62175.833333333336,33.57142857142857,60882.357142857145,58765.0,131.0
Пылесос Dyson V15 Detect Absolute,2025-03-17,Москва,Dyson,Бытовая техника,32,62780.0,62780.0,0.0,168.0,4.8,408.0,2.0,Журавлева Лтд,False,False,0,3,1,120.0,63555.0,23.0,61190.0,17.0,54370.0,59.333333333333336,62705.833333333336,35.714285714285715,62083.78571428572,65500.0,112.0
Пылесос Dyson V15 Detect Absolute,2025-03-17,Новосибирск,Dyson,Бытовая техника,15,62625.0,62625.0,0.0,370.0,4.7,400.0,3.0,"ЗАО «Ефимов, Логинова и Пономарева»",False,False,0,3,1,32.0,62780.0,26.0,61782.5,14.0,61585.0,55.666666666666664,62986.666666666664,35.857142857142854,62232.357142857145,53035.0,109.0
Пылесос Dyson V15 Detect Absolute,2025-03-17,Санкт-Петербург,Dyson,Бытовая техника,20,63745.0,63745.0,0.0,244.0,5.0,727.0,3.0,ЗАО «Попова Лапин»,False,False,0,3,1,15.0,62625.0,120.0,63555.0,13.0,60145.0,22.333333333333332,63050.0,36.857142857142854,62746.642857142855,60054.5,113.0
Пылесос Dyson V15 Detect Absolute,2025-03-18,Екатеринбург,Dyson,Бытовая техника,26,58324.5,58324.5,0.0,223.5,5.0,670.5,1.5,"НПО «Белов, Аксенов и Попова»",False,False,1,3,1,20.0,63745.0,32.0,62780.0,22.0,63549.0,20.333333333333332,61564.833333333336,37.42857142857143,62000.28571428572,53740.0,98.0
Пылесос Dyson V15 Detect Absolute,2025-03-19,Екатеринбург,Dyson,Бытовая техника,13,61755.0,61755.0,0.0,388.0,4.9,719.0,5.0,АО «Ершова»,False,False,2,3,1,26.0,58324.5,15.0,62625.0,23.0,61190.0,19.666666666666668,61274.833333333336,36.0,62081.0,66369.0,99.0
Пылесос Dyson V15 Detect Absolute,2025-03-19,Москва,Dyson,Бытовая техника,17,57569.0,57569.0,0.0,51.0,5.0,659.0,3.0,ВымпелКом,False,False,2,3,1,13.0,61755.0,20.0,63745.0,26.0,61782.5,18.666666666666668,59216.166666666664,34.714285714285715,61479.07142857143,58525.0,89.0
Пылесос Dyson V15 Detect Absolute,2025-03-19,Нижний Новгород,Dyson,Бытовая техника,8,58765.0,58765.0,0.0,368.0,4.7,722.0,2.0,ЗАО «Хохлова-Дроздова»,False,False,2,3,1,17.0,57569.0,26.0,58324.5,120.0,63555.0,12.666666666666666,59363.0,18.714285714285715,60794.78571428572,66315.0,89.0
Пылесос Dyson V15 Detect Absolute,2025-03-19,Новосибирск,Dyson,Бытовая техника,13,65500.0,65500.0,0.0,430.0,4.9,659.0,2.0,Соловьева Инк,False,False,2,3,1,8.0,58765.0,13.0,61755.0,32.0,62780.0,12.666666666666666,60611.333333333336,16.0,61183.357142857145,52385.0,93.0
Пылесос Dyson V15 Detect Absolute,2025-03-19,Санкт-Петербург,Dyson,Бытовая техника,12,53035.0,53035.0,0.0,501.0,4.8,638.0,2.0,Галкин Лимитед,False,False,2,3,1,13.0,65500.0,17.0,57569.0,15.0,62625.0,11.0,59100.0,15.571428571428571,59813.357142857145,59389.0,89.0
Пылесос Samsung Jet 90 Complete,2025-03-01,Москва,Samsung,Бытовая техника,51,44160.0,44160.0,0.0,245.0,5.0,597.0,3.0,Назаров Групп,True,False,5,3,1,,,,,,,,,,,24485.0,158.0
Пылесос Samsung Jet 90 Complete,2025-03-01,Нижний Новгород,Samsung,Бытовая техника,24,34375.0,34375.0,0.0,58.0,4.5,404.0,2.0,Глория Джинс,True,False,5,3,1,51.0,44160.0,,,,,,,,,39139.0,139.0
Пылесос Samsung Jet 90 Complete,2025-03-01,Ростов-на-Дону,Samsung,Бытовая техника,10,40405.0,40405.0,0.0,505.0,4.6,607.0,5.0,Саткинский чугуноплавильный завод,True,False,5,3,1,24.0,34375.0,,,,,28.333333333333332,39646.666666666664,,,44165.0,138.0
Пылесос Samsung Jet 90 Complete,2025-03-01,Санкт-Петербург,Samsung,Бытовая техника,38,38120.0,38120.0,0.0,206.0,4.7,675.0,2.0,ЗАО «Матвеева»,True,False,5,3,1,10.0,40405.0,51.0,44160.0,,,24.0,37633.333333333336,,,32915.0,113.0
Пылесос Samsung Jet 90 Complete,2025-03-01,Уфа,Samsung,Бытовая техника,13,40630.0,40630.0,0.0,105.0,4.5,297.0,3.0,Группа Рольф,True,False,5,3,1,38.0,38120.0,24.0,34375.0,,,20.333333333333332,39718.333333333336,,,41015.0,112.0
Пылесос Samsung Jet 90 Complete,2025-03-03,Ростов-на-Дону,Samsung,Бытовая техника,7,35875.0,35875.0,0.0,69.0,4.8,563.0,5.0,АО «Овчинников-Дроздова»,False,False,0,3,1,13.0,40630.0,10.0,40405.0,,,19.333333333333332,38208.333333333336,,,40179.0,119.0
Пылесос Samsung Jet 90 Complete,2025-03-03,Санкт-Петербург,Samsung,Бытовая техника,35,40747.5,40747.5,0.0,176.5,4.85,297.0,4.0,НПО «Харитонов»,False,False,0,3,1,7.0,35875.0,38.0,38120.0,,,18.333333333333332,39084.166666666664,25.428571428571427,39187.5,35790.0,97.0
Пылесос Samsung Jet 90 Complete,2025-03-05,Москва,Samsung,Бытовая техника,31,24485.0,43725.0,44.0,65.0,4.7,335.0,5.0,ООО «Рожкова»,False,False,2,3,1,35.0,40747.5,13.0,40630.0,51.0,44160.0,24.333333333333332,33702.5,22.571428571428573,36376.78571428572,39729.0,85.0
Пылесос Samsung Jet 90 Complete,2025-03-05,Самара,Samsung,Бытовая техника,5,39139.0,39139.0,0.0,321.0,4.5,567.0,7.0,РАО «Матвеева Щукин»,False,False,2,3,1,31.0,24485.0,7.0,35875.0,24.0,34375.0,23.666666666666668,34790.5,19.857142857142858,37057.357142857145,25550.0,101.0
Пылесос Samsung Jet 90 Complete,2025-03-05,Уфа,Samsung,Бытовая техника,9,44165.0,44165.0,0.0,108.0,4.8,258.0,3.0,ООО «Тихонова-Щукин»,False,False,2,3,1,5.0,39139.0,35.0,40747.5,10.0,40405.0,15.0,35929.666666666664,19.714285714285715,37594.5,39909.0,125.0
Пылесос Samsung Jet 90 Complete,2025-03-06,Казань,Samsung,Бытовая техника,13,32915.0,39185.0,16.0,125.0,4.7,521.0,7.0,НПО «Баранова»,False,False,3,3,1,9.0,44165.0,31.0,24485.0,38.0,38120.0,9.0,38739.666666666664,16.142857142857142,36850.92857142857,42279.0,158.0
Пылесос Samsung Jet 90 Complete,2025-03-06,Нижний Новгород,Samsung,Бытовая техника,12,41015.0,41015.0,0.0,432.0,4.8,334.0,2.0,РАО «Моисеева Богданов»,False,False,3,3,1,13.0,32915.0,5.0,39139.0,13.0,40630.0,11.333333333333334,39365.0,16.0,36905.92857142857,45689.0,186.0
Пылесос Samsung Jet 90 Complete,2025-03-06,Самара,Samsung,Бытовая техника,14,40179.0,40179.0,0.0,38.0,4.5,386.0,2.0,ООО «Савин Петухов»,False,False,3,3,1,12.0,41015.0,9.0,44165.0,7.0,35875.0,13.0,38036.333333333336,17.0,37520.78571428572,41065.0,206.0
Пылесос Samsung Jet 90 Complete,2025-03-07,Казань,Samsung,Бытовая техника,13,35790.0,35790.0,0.0,218.0,4.5,580.0,5.0,Сименс (Siemens),False,False,4,3,1,14.0,40179.0,13.0,32915.0,35.0,40747.5,13.0,38994.666666666664,13.857142857142858,36812.57142857143,33639.5,229.0
Пылесос Samsung Jet 90 Complete,2025-03-07,Москва,Samsung,Бытовая техника,19,39729.0,39729.0,0.0,495.0,4.7,550.0,7.0,"РАО «Федотов, Костин и Орехов»",False,False,4,3,1,13.0,35790.0,12.0,41015.0,31.0,24485.0,15.333333333333334,38566.0,12.142857142857142,38990.28571428572,38555.0,227.0
Пылесос Samsung Jet 90 Complete,2025-03-08,Екатеринбург,Samsung,Бытовая техника,21,25550.0,45640.0,44.0,266.0,4.7,388.0,5.0,Власова и партнеры,True,True,5,3,1,19.0,39729.0,14.0,40179.0,5.0,39139.0,17.666666666666668,33689.666666666664,14.428571428571429,37049.0,34899.0,230.0
Пылесос Samsung Jet 90 Complete,2025-03-08,Казань,Samsung,Бытовая техника,33,39909.0,39909.0,0.0,352.0,4.5,655.0,5.0,НПО «Жукова Кулакова»,True,True,5,3,1,21.0,25550.0,13.0,35790.0,9.0,44165.0,24.333333333333332,35062.666666666664,17.857142857142858,36441.0,36980.0,237.0
Пылесос Samsung Jet 90 Complete,2025-03-08,Москва,Samsung,Бытовая техника,46,42279.0,42279.0,0.0,529.0,4.6,553.0,2.0,Мухин Инкорпорэйтед,True,True,5,3,1,33.0,39909.0,19.0,39729.0,13.0,32915.0,33.333333333333336,35912.666666666664,22.571428571428573,37778.71428571428,43000.0,212.0
Пылесос Samsung Jet 90 Complete,2025-03-08,Санкт-Петербург,Samsung,Бытовая техника,40,45689.0,45689.0,0.0,436.0,4.8,453.0,2.0,"АО «Носкова, Богданов и Громова»",True,True,5,3,1,46.0,42279.0,21.0,25550.0,12.0,41015.0,39.666666666666664,42625.666666666664,26.571428571428573,38446.42857142857,35350.0,185.0
Пылесос Samsung Jet 90 Complete,2025-03-08,Уфа,Samsung,Бытовая техника,34,41065.0,41065.0,0.0,84.0,4.9,638.0,2.0,"ИП «Калашникова, Корнилова и Евдокимова»",True,True,5,3,1,40.0,45689.0,33.0,39909.0,14.0,40179.0,40.0,43011.0,29.428571428571427,38573.0,38940.0,157.0
Пылесос Samsung Jet 90 Complete,2025-03-09,Казань,Samsung,Бытовая техника,36,33639.5,40767.5,19.5,324.0,4.55,505.5,1.5,Быкова Инк,True,False,6,3,1,34.0,41065.0,46.0,42279.0,13.0,35790.0,36.666666666666664,40131.166666666664,32.714285714285715,38265.78571428572,36159.0,133.0
Пылесос Samsung Jet 90 Complete,2025-03-09,Нижний Новгород,Samsung,Бытовая техника,17,38555.0,38555.0,0.0,483.0,4.8,247.0,5.0,Гусев Групп,True,False,6,3,1,36.0,33639.5,40.0,45689.0,19.0,39729.0,29.0,37753.166666666664,32.42857142857143,38098.07142857143,34450.0,131.0
Пылесос Samsung Jet 90 Complete,2025-03-09,Новосибирск,Samsung,Бытовая техника,24,34899.0,34899.0,0.0,279.0,4.6,498.0,2.0,Гришин и партнеры,True,False,6,3,1,17.0,38555.0,34.0,41065.0,21.0,25550.0,25.666666666666668,35697.833333333336,32.857142857142854,39433.642857142855,36700.0,118.0
Пылесос Samsung Jet 90 Complete,2025-03-09,Санкт-Петербург,Samsung,Бытовая техника,40,36980.0,36980.0,0.0,270.0,4.8,444.0,2.0,Первая тяжеловесная компания,True,False,6,3,1,24.0,34899.0,36.0,33639.5,33.0,39909.0,27.0,36811.333333333336,33.857142857142854,39015.21428571428,41779.5,114.0
Пылесос Samsung Jet 90 Complete,2025-03-09,Челябинск,Samsung,Бытовая техника,21,43000.0,43000.0,0.0,281.0,4.5,563.0,1.0,Архангельский ЦБК,True,False,6,3,1,40.0,36980.0,17.0,38555.0,46.0,42279.0,28.333333333333332,38293.0,30.285714285714285,39118.21428571428,45880.0,126.0
Пылесос Samsung Jet 90 Complete,2025-03-10,Екатеринбург,Samsung,Бытовая техника,13,35350.0,35350.0,0.0,100.0,4.5,635.0,3.0,Шестакова Лтд,False,False,0,3,1,21.0,43000.0,24.0,34899.0,40.0,45689.0,24.666666666666668,38443.333333333336,26.428571428571427,37641.21428571428,43249.0,121.0
Пылесос Samsung Jet 90 Complete,2025-03-10,Нижний Новгород,Samsung,Бытовая техника,6,38940.0,38940.0,0.0,193.0,4.8,500.0,3.0,ОАО «Федосеев Гришин»,False,False,0,3,1,13.0,35350.0,40.0,36980.0,34.0,41065.0,13.333333333333334,39096.666666666664,22.428571428571427,37337.642857142855,43710.0,124.0
Пылесос Samsung Jet 90 Complete,2025-03-10,Новосибирск,Samsung,Бытовая техника,12,36159.0,36159.0,0.0,342.0,4.8,369.0,5.0,Елисеева Групп,False,False,0,3,1,6.0,38940.0,21.0,43000.0,36.0,33639.5,10.333333333333334,36816.333333333336,19.0,37697.57142857143,43712.5,128.0
Пылесос Samsung Jet 90 Complete,2025-03-11,Новосибирск,Samsung,Бытовая техника,15,34450.0,34450.0,0.0,225.0,5.0,352.0,3.0,ЗАО «Ситников-Романов»,False,False,1,3,1,12.0,36159.0,13.0,35350.0,17.0,38555.0,11.0,36516.333333333336,18.714285714285715,37111.142857142855,18595.0,126.0
Пылесос Samsung Jet 90 Complete,2025-03-11,Ростов-на-Дону,Samsung,Бытовая техника,11,36700.0,45325.0,19.0,197.0,4.6,483.0,3.0,ОАО «Миронов Овчинникова»,False,False,1,3,1,15.0,34450.0,6.0,38940.0,24.0,34899.0,12.666666666666666,35769.666666666664,16.857142857142858,37368.42857142857,41525.0,123.0
Пылесос Samsung Jet 90 Complete,2025-03-11,Санкт-Петербург,Samsung,Бытовая техника,36,41779.5,41779.5,0.0,331.0,4.6,337.0,3.0,Райффайзенбанк (Raiffeisen),False,False,1,3,1,11.0,36700.0,12.0,36159.0,40.0,36980.0,20.666666666666668,37643.166666666664,16.285714285714285,38054.07142857143,44279.0,98.0
Пылесос Samsung Jet 90 Complete,2025-03-12,Москва,Samsung,Бытовая техника,33,45880.0,45880.0,0.0,419.0,4.9,426.0,3.0,"АО «Князева, Беспалова и Рыбакова»",False,False,2,3,1,36.0,41779.5,15.0,34450.0,21.0,43000.0,26.666666666666668,41453.166666666664,18.0,38465.5,44140.0,83.0
Пылесос Samsung Jet 90 Complete,2025-03-13,Казань,Samsung,Бытовая техника,8,43249.0,43249.0,0.0,65.0,4.7,509.0,5.0,АО «Захаров»,False,False,3,3,1,33.0,45880.0,11.0,36700.0,13.0,35350.0,25.666666666666668,43636.166666666664,17.285714285714285,39593.92857142857,34969.0,106.0
Пылесос Samsung Jet 90 Complete,2025-03-13,Санкт-Петербург,Samsung,Бытовая техника,9,43710.0,43710.0,0.0,162.0,4.8,493.0,5.0,ЗАО «Зайцева»,False,False,3,3,1,8.0,43249.0,36.0,41779.5,6.0,38940.0,16.666666666666668,44279.666666666664,17.714285714285715,40275.357142857145,40379.0,135.0
Пылесос Samsung Jet 90 Complete,2025-03-14,Казань,Samsung,Бытовая техника,16,43712.5,43712.5,0.0,232.0,4.85,483.0,4.0,ОАО «Степанов»,False,False,4,3,1,9.0,43710.0,33.0,45880.0,12.0,36159.0,11.0,43557.166666666664,18.285714285714285,41354.42857142857,43050.0,132.0
Пылесос Samsung Jet 90 Complete,2025-03-14,Москва,Samsung,Бытовая техника,13,18595.0,35760.0,48.0,472.0,4.7,307.0,3.0,РАО «Субботина»,False,False,4,3,1,16.0,43712.5,8.0,43249.0,15.0,34450.0,12.666666666666666,35339.166666666664,18.0,39089.42857142857,37275.0,128.0
Пылесос Samsung Jet 90 Complete,2025-03-14,Самара,Samsung,Бытовая техника,8,41525.0,41525.0,0.0,189.0,4.4,413.0,3.0,ИП «Александрова»,False,False,4,3,1,13.0,18595.0,9.0,43710.0,11.0,36700.0,12.333333333333334,34610.833333333336,17.571428571428573,39778.71428571428,37960.0,129.0
Пылесос Samsung Jet 90 Complete,2025-03-15,Уфа,Samsung,Бытовая техника,11,44279.0,44279.0,0.0,36.0,4.7,674.0,2.0,НПО «Самсонов Зиновьев»,True,False,5,3,1,8.0,41525.0,16.0,43712.5,36.0,41779.5,10.666666666666666,34799.666666666664,14.0,40135.78571428572,21760.0,128.0
Пылесос Samsung Jet 90 Complete,2025-03-16,Казань,Samsung,Бытовая техника,18,44140.0,44140.0,0.0,282.0,4.9,289.0,3.0,НПО «Елисеев-Большакова»,True,False,6,3,1,11.0,44279.0,13.0,18595.0,33.0,45880.0,12.333333333333334,43314.666666666664,11.857142857142858,39887.21428571428,39070.0,130.0
Пылесос Samsung Jet 90 Complete,2025-03-16,Москва,Samsung,Бытовая техника,31,34969.0,34969.0,0.0,110.0,4.9,308.0,2.0,Капустин Инкорпорэйтед,True,False,6,3,1,18.0,44140.0,8.0,41525.0,8.0,43249.0,20.0,41129.333333333336,15.142857142857142,38704.357142857145,45109.0,118.0
Пылесос Samsung Jet 90 Complete,2025-03-16,Санкт-Петербург,Samsung,Бытовая техника,38,40379.0,40379.0,0.0,161.0,4.6,519.0,5.0,ИП «Алексеев Петрова»,True,False,6,3,1,31.0,34969.0,11.0,44279.0,9.0,43710.0,29.0,39829.333333333336,19.285714285714285,38228.5,30905.0,89.0
Пылесос Samsung Jet 90 Complete,2025-03-17,Казань,Samsung,Бытовая техника,13,43050.0,43050.0,0.0,74.0,5.0,497.0,1.0,РАО «Логинова-Трофимов»,False,False,0,3,1,38.0,40379.0,18.0,44140.0,16.0,43712.5,27.333333333333332,39466.0,18.857142857142858,38133.857142857145,27529.0,81.0
Пылесос Samsung Jet 90 Complete,2025-03-17,Ростов-на-Дону,Samsung,Бытовая техника,9,37275.0,37275.0,0.0,487.0,4.5,668.0,3.0,ЗАО «Давыдова Полякова»,False,False,0,3,1,13.0,43050.0,31.0,34969.0,13.0,18595.0,20.0,40234.666666666664,18.285714285714285,40802.42857142857,45325.0,103.0
Пылесос Samsung Jet 90 Complete,2025-03-17,Самара,Samsung,Бытовая техника,9,37960.0,37960.0,0.0,378.0,4.5,664.0,2.0,Нокиан Шина (Nokian),False,False,0,3,1,9.0,37275.0,38.0,40379.0,8.0,41525.0,10.333333333333334,39428.333333333336,18.428571428571427,40293.142857142855,40344.5,136.0
Пылесос Samsung Jet 90 Complete,2025-03-17,Уфа,Samsung,Бытовая техника,10,21760.0,36885.0,41.0,84.0,4.9,478.0,7.0,РАО «Субботина Бирюков»,False,False,0,3,1,9.0,37960.0,13.0,43050.0,11.0,44279.0,9.333333333333334,32331.666666666668,18.285714285714285,37076.142857142855,36070.0,133.0
Пылесос Samsung Jet 90 Complete,2025-03-18,Москва,Samsung,Бытовая техника,20,39070.0,39070.0,0.0,369.0,4.8,467.0,5.0,"РАО «Беспалов, Ковалев и Фадеев»",False,False,1,3,1,10.0,21760.0,9.0,37275.0,18.0,44140.0,13.0,32930.0,18.571428571428573,36351.857142857145,44595.0,132.0
Пылесос Samsung Jet 90 Complete,2025-03-19,Санкт-Петербург,Samsung,Бытовая техника,19,45109.0,45109.0,0.0,396.0,4.5,619.0,1.0,РАО «Тетерина Уваров»,False,False,2,3,1,20.0,39070.0,9.0,37960.0,31.0,34969.0,16.333333333333332,35313.0,16.857142857142858,37800.42857142857,40405.0,126.0
Пылесос Samsung Jet 90 Complete,2025-03-19,Уфа,Samsung,Бытовая техника,9,30905.0,39129.0,21.0,230.0,4.6,415.0,3.0,"ООО «Лаврентьева, Мельникова и Власов»",False,False,2,3,1,19.0,45109.0,10.0,21760.0,38.0,40379.0,16.0,38361.333333333336,12.714285714285714,36447.0,38890.0,130.0
Пылесос Samsung Jet 90 Complete,2025-03-19,Челябинск,Samsung,Бытовая техника,5,27529.0,45890.0,40.0,373.0,4.7,347.0,7.0,АО «Шаров»,False,False,2,3,1,9.0,30905.0,20.0,39070.0,13.0,43050.0,11.0,34514.333333333336,11.571428571428571,34229.71428571428,39901.666666666664,203.0
Пылесос Xiaomi Mi Robot Vacuum-Mop 2 Pro,2025-03-01,Нижний Новгород,Xiaomi,Бытовая техника,15,14265.0,24190.0,41.0,317.0,4.4,597.0,2.0,"ООО «Комаров, Дьячков и Бобылева»",True,False,5,3,1,,,,,,,,,,,16095.0,195.0
Пылесос Xiaomi Mi Robot Vacuum-Mop 2 Pro,2025-03-01,Самара,Xiaomi,Бытовая техника,35,26324.0,26324.0,0.0,141.5,4.449999999999999,405.5,5.0,Великолукский мясокомбинат,True,False,5,3,1,15.0,14265.0,,,,,,,,,15760.0,177.0
Пылесос Xiaomi Mi Robot Vacuum-Mop 2 Pro,2025-03-01,Санкт-Петербург,Xiaomi,Бытовая техника,64,24082.0,25512.0,5.5,372.5,4.6,376.0,2.0,"НПО «Зыков, Мухин и Кудрявцев»",True,False,5,3,1,35.0,26324.0,,,,,38.0,21557.0,,,25260.0,136.0
Пылесос Xiaomi Mi Robot Vacuum-Mop 2 Pro,2025-03-02,Казань,Xiaomi,Бытовая техника,38,25917.5,25917.5,0.0,261.5,4.3,678.0,3.5,Носов Инк,True,False,6,3,1,64.0,24082.0,15.0,14265.0,,,45.666666666666664,25441.166666666668,,,26160.0,107.0
Пылесос Xiaomi Mi Robot Vacuum-Mop 2 Pro,2025-03-02,Москва,Xiaomi,Бытовая техника,26,24419.0,24419.0,0.0,464.0,4.7,344.0,1.0,"ОАО «Зимин, Орлов и Наумов»",True,False,6,3,1,38.0,25917.5,35.0,26324.0,,,42.666666666666664,24806.166666666668,,,24145.0,95.0
Пылесос Xiaomi Mi Robot Vacuum-Mop 2 Pro,2025-03-02,Уфа,Xiaomi,Бытовая техника,9,28425.0,28425.0,0.0,269.0,4.7,392.0,3.0,Сибирская аграрная группа,True,False,6,3,1,26.0,24419.0,64.0,24082.0,,,24.333333333333332,26253.833333333332,,,21420.0,115.0
Пылесос Xiaomi Mi Robot Vacuum-Mop 2 Pro,2025-03-02,Челябинск,Xiaomi,Бытовая техника,10,21170.0,21170.0,0.0,302.0,4.5,272.0,7.0,ЗАО «Мартынов-Филатов»,True,False,6,3,1,9.0,28425.0,38.0,25917.5,,,15.0,24671.333333333332,28.142857142857142,23514.64285714286,21550.0,117.0
Пылесос Xiaomi Mi Robot Vacuum-Mop 2 Pro,2025-03-03,Екатеринбург,Xiaomi,Бытовая техника,13,16095.0,24390.0,34.0,435.0,4.4,289.0,7.0,Куликов Групп,False,False,0,3,1,10.0,21170.0,26.0,24419.0,15.0,14265.0,10.666666666666666,21896.666666666668,27.857142857142858,23776.071428571428,22770.0,111.0
Пылесос Xiaomi Mi Robot Vacuum-Mop 2 Pro,2025-03-03,Новосибирск,Xiaomi,Бытовая техника,17,15760.0,25840.0,39.0,112.0,4.4,409.0,2.0,"ООО «Белова, Харитонов и Ситников»",False,False,0,3,1,13.0,16095.0,9.0,28425.0,35.0,26324.0,13.333333333333334,17675.0,25.285714285714285,22266.928571428572,14805.0,106.0
Пылесос Xiaomi Mi Robot Vacuum-Mop 2 Pro,2025-03-04,Москва,Xiaomi,Бытовая техника,23,25260.0,25260.0,0.0,414.0,4.4,639.0,2.0,ООО «Логинов Волков»,False,False,1,3,1,17.0,15760.0,10.0,21170.0,64.0,24082.0,17.666666666666668,19038.333333333332,19.428571428571427,22435.214285714286,21579.0,116.0
Пылесос Xiaomi Mi Robot Vacuum-Mop 2 Pro,2025-03-04,Челябинск,Xiaomi,Бытовая техника,9,26160.0,26160.0,0.0,118.0,4.8,518.0,3.0,Национальная нерудная компания,False,False,1,3,1,23.0,25260.0,13.0,16095.0,38.0,25917.5,16.333333333333332,22393.333333333332,15.285714285714286,22469.85714285714,24460.0,179.0
Пылесос Xiaomi Mi Robot Vacuum-Mop 2 Pro,2025-03-06,Казань,Xiaomi,Бытовая техника,14,24145.0,24145.0,0.0,332.0,4.6,417.0,2.0,НПО «Федорова-Лукина»,False,False,3,3,1,9.0,26160.0,17.0,15760.0,26.0,24419.0,15.333333333333334,25188.333333333332,13.571428571428571,22430.714285714286,28889.0,205.0
Пылесос Xiaomi Mi Robot Vacuum-Mop 2 Pro,2025-03-06,Москва,Xiaomi,Бытовая техника,29,21420.0,25209.0,15.0,264.0,4.4,606.0,2.0,А-Ойл,False,False,3,3,1,14.0,24145.0,23.0,25260.0,9.0,28425.0,17.333333333333332,23908.333333333332,16.428571428571427,21430.0,22439.0,211.0
Пылесос Xiaomi Mi Robot Vacuum-Mop 2 Pro,2025-03-06,Нижний Новгород,Xiaomi,Бытовая техника,12,21550.0,21550.0,0.0,504.0,4.4,634.0,1.0,ИП «Юдин-Носков»,False,False,3,3,1,29.0,21420.0,9.0,26160.0,10.0,21170.0,18.333333333333332,22371.666666666668,16.714285714285715,21484.285714285714,24075.666666666668,261.0
Пылесос Xiaomi Mi Robot Vacuum-Mop 2 Pro,2025-03-06,Самара,Xiaomi,Бытовая техника,7,22770.0,22770.0,0.0,33.0,4.4,678.0,5.0,Либхерр-Русланд (Liebherr),False,False,3,3,1,12.0,21550.0,14.0,24145.0,13.0,16095.0,16.0,21913.333333333332,15.857142857142858,22437.85714285714,22189.0,270.0
Пылесос Xiaomi Mi Robot Vacuum-Mop 2 Pro,2025-03-07,Екатеринбург,Xiaomi,Бытовая техника,12,14805.0,23135.0,36.0,67.0,4.8,417.0,1.0,АО «Некрасов-Матвеева»,False,False,4,3,1,7.0,22770.0,29.0,21420.0,17.0,15760.0,10.333333333333334,19708.333333333332,15.142857142857142,22301.428571428572,25635.0,307.0
Пылесос Xiaomi Mi Robot Vacuum-Mop 2 Pro,2025-03-07,Москва,Xiaomi,Бытовая техника,33,21579.0,21579.0,0.0,361.0,4.4,299.0,2.0,Воробьева Лтд,False,False,4,3,1,12.0,14805.0,12.0,21550.0,23.0,25260.0,17.333333333333332,19718.0,16.571428571428573,21775.571428571428,21179.0,283.0
Пылесос Xiaomi Mi Robot Vacuum-Mop 2 Pro,2025-03-08,Москва,Xiaomi,Бытовая техника,72,24460.0,24460.0,0.0,245.0,4.4,577.0,2.0,ЗАО «Чернов-Ершова»,True,True,5,3,1,33.0,21579.0,7.0,22770.0,9.0,26160.0,39.0,20281.333333333332,25.571428571428573,21532.714285714286,23625.0,245.0
Пылесос Xiaomi Mi Robot Vacuum-Mop 2 Pro,2025-03-08,Ростов-на-Дону,Xiaomi,Бытовая техника,40,28889.0,28889.0,0.0,86.0,4.4,467.0,3.0,АО «Титова-Агафонов»,True,True,5,3,1,72.0,24460.0,12.0,14805.0,14.0,24145.0,48.333333333333336,24976.0,29.285714285714285,22210.428571428572,16500.0,216.0
Пылесос Xiaomi Mi Robot Vacuum-Mop 2 Pro,2025-03-08,Самара,Xiaomi,Бытовая техника,35,22439.0,22439.0,0.0,155.0,4.4,377.0,5.0,ИП «Колесникова Осипов»,True,True,5,3,1,40.0,28889.0,33.0,21579.0,29.0,21420.0,49.0,25262.666666666668,30.142857142857142,22356.0,11965.0,200.0
Пылесос Xiaomi Mi Robot Vacuum-Mop 2 Pro,2025-03-09,Нижний Новгород,Xiaomi,Бытовая техника,62,24075.666666666668,24075.666666666668,0.0,256.3333333333333,4.5,524.6666666666666,3.3333333333333335,ТАИФ-НК,True,False,6,3,1,35.0,22439.0,72.0,24460.0,12.0,21550.0,45.666666666666664,25134.55555555556,37.285714285714285,22716.809523809523,13340.0,144.0
Пылесос Xiaomi Mi Robot Vacuum-Mop 2 Pro,2025-03-09,Новосибирск,Xiaomi,Бытовая техника,16,22189.0,22189.0,0.0,404.0,4.4,514.0,3.0,Князев Лтд,True,False,6,3,1,62.0,24075.666666666668,40.0,28889.0,7.0,22770.0,37.666666666666664,22901.222222222223,38.57142857142857,22633.809523809523,23622.5,166.0
Пылесос Xiaomi Mi Robot Vacuum-Mop 2 Pro,2025-03-10,Москва,Xiaomi,Бытовая техника,49,25635.0,25635.0,0.0,357.0,4.55,570.0,2.5,"НПО «Костин, Ковалев и Горшкова»",False,False,0,3,1,16.0,22189.0,35.0,22439.0,12.0,14805.0,42.333333333333336,23966.55555555556,43.857142857142854,24180.952380952378,22090.0,124.0
Пылесос Xiaomi Mi Robot Vacuum-Mop 2 Pro,2025-03-11,Казань,Xiaomi,Бытовая техника,9,21179.0,21179.0,0.0,133.0,4.7,478.0,5.0,НПО «Назарова Герасимова»,False,False,1,3,1,49.0,25635.0,62.0,24075.666666666668,33.0,21579.0,24.666666666666668,23001.0,40.42857142857143,24123.809523809523,23435.0,134.0
Пылесос Xiaomi Mi Robot Vacuum-Mop 2 Pro,2025-03-11,Москва,Xiaomi,Бытовая техника,34,23625.0,23625.0,0.0,392.0,4.6,298.0,3.0,РАО «Ефимов»,False,False,1,3,1,9.0,21179.0,16.0,22189.0,72.0,24460.0,30.666666666666668,23479.666666666668,35.0,24004.52380952381,19803.0,180.0
Пылесос Xiaomi Mi Robot Vacuum-Mop 2 Pro,2025-03-11,Санкт-Петербург,Xiaomi,Бытовая техника,11,16500.0,24630.0,33.0,122.0,4.4,314.0,5.0,Аксенов и партнеры,False,False,1,3,1,34.0,23625.0,49.0,25635.0,40.0,28889.0,18.0,20434.666666666668,30.857142857142858,22234.666666666664,21700.0,196.0
Пылесос Xiaomi Mi Robot Vacuum-Mop 2 Pro,2025-03-12,Екатеринбург,Xiaomi,Бытовая техника,19,11965.0,22159.0,46.0,413.0,4.5,235.0,3.0,РАО «Орлов-Кириллов»,False,False,2,3,1,11.0,16500.0,9.0,21179.0,35.0,22439.0,21.333333333333332,17363.333333333332,28.571428571428573,20738.38095238095,27855.0,196.0
Пылесос Xiaomi Mi Robot Vacuum-Mop 2 Pro,2025-03-13,Казань,Xiaomi,Бытовая техника,6,13340.0,22630.0,41.0,390.0,4.6,430.0,2.0,"ОАО «Шаров, Рыбаков и Пахомов»",False,False,3,3,1,19.0,11965.0,34.0,23625.0,62.0,24075.666666666668,12.0,13935.0,20.571428571428573,19204.714285714286,23859.0,205.0
Пылесос Xiaomi Mi Robot Vacuum-Mop 2 Pro,2025-03-13,Санкт-Петербург,Xiaomi,Бытовая техника,38,23622.5,23622.5,0.0,488.5,4.45,589.0,3.5,Алексеев Лимитед,False,False,3,3,1,6.0,13340.0,11.0,16500.0,16.0,22189.0,21.0,16309.166666666666,23.714285714285715,19409.5,26020.0,183.0
Пылесос Xiaomi Mi Robot Vacuum-Mop 2 Pro,2025-03-13,Челябинск,Xiaomi,Бытовая техника,7,22090.0,22090.0,0.0,148.0,4.8,627.0,3.0,АО «Лихачева»,False,False,3,3,1,38.0,23622.5,19.0,11965.0,49.0,25635.0,17.0,19684.166666666668,17.714285714285715,18903.071428571428,22870.0,190.0
Пылесос Xiaomi Mi Robot Vacuum-Mop 2 Pro,2025-03-14,Екатеринбург,Xiaomi,Бытовая техника,19,23435.0,23435.0,0.0,74.0,4.8,240.0,2.0,ОАО «Веселов»,False,False,4,3,1,7.0,22090.0,6.0,13340.0,9.0,21179.0,21.333333333333332,23049.166666666668,19.142857142857142,19225.35714285714,27490.0,177.0
Пылесос Xiaomi Mi Robot Vacuum-Mop 2 Pro,2025-03-15,Санкт-Петербург,Xiaomi,Бытовая техника,80,19803.0,24851.666666666668,19.333333333333332,435.0,4.566666666666666,551.3333333333334,2.0,"ИП «Игнатов, Русаков и Маслов»",True,False,5,3,1,19.0,23435.0,38.0,23622.5,34.0,23625.0,35.333333333333336,21776.0,25.714285714285715,18679.35714285714,27280.0,110.0
Пылесос Xiaomi Mi Robot Vacuum-Mop 2 Pro,2025-03-16,Москва,Xiaomi,Бытовая техника,27,21700.0,21700.0,0.0,232.0,4.5,601.0,3.0,Русэнергосбыт,True,False,6,3,1,80.0,19803.0,7.0,22090.0,11.0,16500.0,42.0,21646.0,28.0,19422.214285714286,17709.0,98.0
Пылесос Xiaomi Mi Robot Vacuum-Mop 2 Pro,2025-03-16,Нижний Новгород,Xiaomi,Бытовая техника,19,27855.0,27855.0,0.0,229.0,4.5,533.0,3.0,Матвеева и партнеры,True,False,6,3,1,27.0,21700.0,19.0,23435.0,19.0,11965.0,42.0,23119.333333333332,28.0,21692.214285714286,23379.0,93.0
Пылесос Xiaomi Mi Robot Vacuum-Mop 2 Pro,2025-03-16,Ростов-на-Дону,Xiaomi,Бытовая техника,15,23859.0,23859.0,0.0,140.0,4.9,684.0,2.0,НПО «Лыткина Гордеев»,True,False,6,3,1,19.0,27855.0,80.0,19803.0,6.0,13340.0,20.333333333333332,24471.333333333332,29.285714285714285,23194.928571428572,22155.0,94.0
Пылесос Xiaomi Mi Robot Vacuum-Mop 2 Pro,2025-03-17,Москва,Xiaomi,Бытовая техника,16,26020.0,26020.0,0.0,416.0,4.8,383.0,5.0,ИП «Родионова-Копылов»,False,False,0,3,1,15.0,23859.0,27.0,21700.0,38.0,23622.5,16.666666666666668,25911.333333333332,26.142857142857142,23537.428571428572,24340.0,86.0
Пылесос Xiaomi Mi Robot Vacuum-Mop 2 Pro,2025-03-17,Новосибирск,Xiaomi,Бытовая техника,14,22870.0,24070.0,5.0,409.0,4.6,566.0,3.0,ОАО «Калинина Филатова»,False,False,0,3,1,16.0,26020.0,19.0,27855.0,7.0,22090.0,15.0,24249.666666666668,27.142857142857142,23648.85714285714,28420.0,79.0
Пылесос Xiaomi Mi Robot Vacuum-Mop 2 Pro,2025-03-17,Челябинск,Xiaomi,Бытовая техника,6,27490.0,27490.0,0.0,444.0,4.5,489.0,5.0,НПО «Ситников Владимиров»,False,False,0,3,1,14.0,22870.0,15.0,23859.0,19.0,23435.0,12.0,25460.0,25.285714285714285,24228.14285714286,28690.0,81.0
Пылесос Xiaomi Mi Robot Vacuum-Mop 2 Pro,2025-03-18,Екатеринбург,Xiaomi,Бытовая техника,13,27280.0,27280.0,0.0,190.0,4.9,684.0,2.0,Маслов и партнеры,False,False,1,3,1,6.0,27490.0,16.0,26020.0,80.0,19803.0,11.0,25880.0,15.714285714285714,25296.285714285714,22310.0,85.0
Пылесос Xiaomi Mi Robot Vacuum-Mop 2 Pro,2025-03-18,Москва,Xiaomi,Бытовая техника,15,17709.0,22419.0,21.0,290.0,4.8,606.0,5.0,ООО «Брагин»,False,False,1,3,1,13.0,27280.0,14.0,22870.0,27.0,21700.0,11.333333333333334,24159.666666666668,14.0,24726.14285714286,22135.0,80.0
Пылесос Xiaomi Mi Robot Vacuum-Mop 2 Pro,2025-03-18,Челябинск,Xiaomi,Бытовая техника,14,23379.0,23379.0,0.0,502.0,4.9,474.0,7.0,ОАО «Галкина-Лобанов»,False,False,1,3,1,15.0,17709.0,6.0,27490.0,19.0,27855.0,14.0,22789.333333333332,13.285714285714286,24086.714285714286,24619.0,73.0
Пылесос Xiaomi Mi Robot Vacuum-Mop 2 Pro,2025-03-19,Нижний Новгород,Xiaomi,Бытовая техника,16,22155.0,22155.0,0.0,167.0,4.4,578.0,3.0,"ЗАО «Силин, Самойлова и Игнатова»",False,False,2,3,1,14.0,23379.0,13.0,27280.0,15.0,23859.0,15.0,21081.0,13.428571428571429,23843.285714285714,21100.0,74.0
Пылесос Xiaomi Mi Robot Vacuum-Mop 2 Pro,2025-03-19,Ростов-на-Дону,Xiaomi,Бытовая техника,8,24340.0,25630.0,5.0,206.0,4.4,353.0,5.0,ООО «Михайлов»,False,False,2,3,1,16.0,22155.0,15.0,17709.0,16.0,26020.0,12.666666666666666,23291.333333333332,12.285714285714286,23603.285714285714,25790.0,73.0
Роман 1984 Дж. Оруэлл,2025-03-01,Новосибирск,АСТ,Книги,23,500.0,500.0,0.0,120.0,4.6,515.0,3.0,ООО «Муравьев Кузьмин»,True,False,5,3,1,,,,,,,,,,,590.0,168.0
Роман 1984 Дж. Оруэлл,2025-03-01,Ростов-на-Дону,АСТ,Книги,14,559.0,559.0,0.0,380.0,5.0,507.0,2.0,РАО «Григорьева»,True,False,5,3,1,23.0,500.0,,,,,,,,,655.0,162.0
Роман 1984 Дж. Оруэлл,2025-03-01,Уфа,АСТ,Книги,28,585.0,585.0,0.0,446.5,4.75,491.0,4.0,Пахомов Групп,True,False,5,3,1,14.0,559.0,,,,,21.666666666666668,548.0,,,650.0,146.0
Роман 1984 Дж. Оруэлл,2025-03-02,Казань,АСТ,Книги,11,575.0,575.0,0.0,164.0,5.0,258.0,2.0,Группа Эссен,True,False,6,3,1,28.0,585.0,23.0,500.0,,,17.666666666666668,573.0,,,620.0,179.0
Роман 1984 Дж. Оруэлл,2025-03-02,Москва,АСТ,Книги,71,694.5,694.5,0.0,94.0,4.9,549.5,6.0,"РАО «Игнатова, Воронова и Громова»",True,False,6,3,1,11.0,575.0,14.0,559.0,,,36.666666666666664,618.1666666666666,,,555.0,129.0
Роман 1984 Дж. Оруэлл,2025-03-02,Нижний Новгород,АСТ,Книги,14,560.0,560.0,0.0,274.0,5.0,345.0,3.0,ИП «Осипова»,True,False,6,3,1,71.0,694.5,28.0,585.0,,,32.0,609.8333333333334,,,700.0,126.0
Роман 1984 Дж. Оруэлл,2025-03-02,Новосибирск,АСТ,Книги,15,500.0,615.0,19.0,356.0,5.0,612.0,7.0,ЗАО «Бурова Белозеров»,True,False,6,3,1,14.0,560.0,11.0,575.0,,,33.333333333333336,584.8333333333334,25.142857142857142,567.6428571428571,640.0,125.0
Роман 1984 Дж. Оруэлл,2025-03-02,Санкт-Петербург,АСТ,Книги,15,590.0,715.0,18.0,335.0,5.0,368.0,3.0,ООО «Орлова Быкова»,True,False,6,3,1,15.0,500.0,71.0,694.5,23.0,500.0,14.666666666666666,550.0,24.0,580.5,560.0,127.0
Роман 1984 Дж. Оруэлл,2025-03-02,Уфа,АСТ,Книги,8,655.0,655.0,0.0,92.0,4.5,572.0,5.0,ООО «Калинина»,True,False,6,3,1,15.0,590.0,14.0,560.0,14.0,559.0,12.666666666666666,581.6666666666666,23.142857142857142,594.2142857142857,669.0,131.0
Роман 1984 Дж. Оруэлл,2025-03-03,Казань,АСТ,Книги,12,650.0,650.0,0.0,26.0,4.9,680.0,3.0,НПО «Соколов Прохоров»,False,False,0,3,1,8.0,655.0,15.0,500.0,28.0,585.0,11.666666666666666,631.6666666666666,20.857142857142858,603.5,519.0,126.0
Роман 1984 Дж. Оруэлл,2025-03-03,Москва,АСТ,Книги,44,620.0,620.0,0.0,208.5,4.8,338.0,3.5,"РАО «Казакова, Орехов и Большакова»",False,False,0,3,1,12.0,650.0,15.0,590.0,11.0,575.0,21.333333333333332,641.6666666666666,25.571428571428573,609.9285714285714,520.0,92.0
Роман 1984 Дж. Оруэлл,2025-03-03,Самара,АСТ,Книги,21,555.0,555.0,0.0,213.5,4.75,520.0,2.5,НПО «Виноградов-Степанов»,False,False,0,3,1,44.0,620.0,8.0,655.0,71.0,694.5,25.666666666666668,608.3333333333334,18.428571428571427,590.0,680.0,81.0
Роман 1984 Дж. Оруэлл,2025-03-03,Уфа,АСТ,Книги,11,700.0,700.0,0.0,242.0,4.6,431.0,3.0,Афанасьева Инкорпорэйтед,False,False,0,3,1,21.0,555.0,12.0,650.0,14.0,560.0,25.333333333333332,625.0,18.0,610.0,429.0,77.0
Роман 1984 Дж. Оруэлл,2025-03-04,Москва,АСТ,Книги,14,640.0,640.0,0.0,234.0,4.7,660.0,7.0,НПО «Исаев»,False,False,1,3,1,11.0,700.0,44.0,620.0,15.0,500.0,15.333333333333334,631.6666666666666,17.857142857142858,630.0,502.5,95.0
Роман 1984 Дж. Оруэлл,2025-03-04,Нижний Новгород,АСТ,Книги,17,560.0,595.0,5.0,493.0,4.8,645.0,2.0,РАО «Соколова Рожкова»,False,False,1,3,1,14.0,640.0,21.0,555.0,15.0,590.0,14.0,633.3333333333334,18.142857142857142,625.7142857142857,457.5,109.0
Роман 1984 Дж. Оруэлл,2025-03-04,Новосибирск,АСТ,Книги,12,669.0,669.0,0.0,279.0,4.7,536.0,5.0,КРКА Фарма (KRKA),False,False,1,3,1,17.0,560.0,11.0,700.0,8.0,655.0,14.333333333333334,623.0,18.714285714285715,627.7142857142857,500.0,113.0
Роман 1984 Дж. Оруэлл,2025-03-04,Ростов-на-Дону,АСТ,Книги,7,519.0,690.0,25.0,382.0,4.9,556.0,2.0,ОАО «Ширяева-Филатова»,False,False,1,3,1,12.0,669.0,14.0,640.0,12.0,650.0,12.0,582.6666666666666,18.0,609.0,649.0,126.0
Роман 1984 Дж. Оруэлл,2025-03-04,Челябинск,АСТ,Книги,10,520.0,520.0,0.0,25.0,4.9,719.0,1.0,Силина Лтд,False,False,1,3,1,7.0,519.0,17.0,560.0,44.0,620.0,9.666666666666666,569.3333333333334,13.142857142857142,594.7142857142857,535.0,128.0
Роман 1984 Дж. Оруэлл,2025-03-05,Нижний Новгород,АСТ,Книги,10,680.0,680.0,0.0,112.0,4.6,415.0,5.0,Национальная нерудная компания,False,False,2,3,1,10.0,520.0,12.0,669.0,21.0,555.0,9.0,573.0,11.571428571428571,612.5714285714286,569.0,124.0
Роман 1984 Дж. Оруэлл,2025-03-05,Уфа,АСТ,Книги,7,429.0,700.0,38.0,367.0,5.0,392.0,3.0,Шарапова Инк,False,False,2,3,1,10.0,680.0,7.0,519.0,11.0,700.0,9.0,543.0,11.0,573.8571428571429,580.0,189.0
Роман 1984 Дж. Оруэлл,2025-03-06,Екатеринбург,АСТ,Книги,32,502.5,502.5,0.0,439.5,4.85,348.0,2.0,АО «Крылов Ширяев»,False,False,3,3,1,7.0,429.0,10.0,520.0,14.0,640.0,16.333333333333332,537.1666666666666,13.571428571428571,554.2142857142857,530.0,184.0
Роман 1984 Дж. Оруэлл,2025-03-06,Москва,АСТ,Книги,31,457.5,585.0,19.0,476.0,4.9,586.5,2.0,Дочки-Сыночки,False,False,3,3,1,32.0,502.5,10.0,680.0,17.0,560.0,23.333333333333332,463.0,15.571428571428571,539.5714285714286,475.0,177.0
Роман 1984 Дж. Оруэлл,2025-03-06,Нижний Новгород,АСТ,Книги,16,500.0,500.0,0.0,252.0,4.8,691.0,1.0,ИП «Ефремов Калашников»,False,False,3,3,1,31.0,457.5,7.0,429.0,12.0,669.0,26.333333333333332,486.6666666666667,16.142857142857142,515.4285714285714,489.0,178.0
Роман 1984 Дж. Оруэлл,2025-03-07,Москва,АСТ,Книги,20,649.0,649.0,0.0,338.0,5.0,257.0,1.0,Борисова Инкорпорэйтед,False,False,4,3,1,16.0,500.0,32.0,502.5,7.0,519.0,22.333333333333332,535.5,18.0,534.0,640.0,178.0
Роман 1984 Дж. Оруэлл,2025-03-07,Ростов-на-Дону,АСТ,Книги,12,535.0,640.0,16.0,502.0,4.6,454.0,2.0,НПО «Мамонтов Никифорова»,False,False,4,3,1,20.0,649.0,31.0,457.5,10.0,520.0,16.0,561.3333333333334,18.285714285714285,536.1428571428571,640.0,178.0
Роман 1984 Дж. Оруэлл,2025-03-07,Челябинск,АСТ,Книги,6,569.0,600.0,5.0,392.0,5.0,244.0,2.0,РАО «Титов-Селезнева»,False,False,4,3,1,12.0,535.0,16.0,500.0,10.0,680.0,12.666666666666666,584.3333333333334,17.714285714285715,520.2857142857143,399.0,193.0
Роман 1984 Дж. Оруэлл,2025-03-08,Санкт-Петербург,АСТ,Книги,72,580.0,580.0,0.0,189.0,4.8,391.0,5.0,Максидом,True,True,5,3,1,6.0,569.0,20.0,649.0,7.0,429.0,30.0,561.3333333333334,27.0,541.8571428571429,650.0,139.0
Роман 1984 Дж. Оруэлл,2025-03-09,Екатеринбург,АСТ,Книги,27,530.0,530.0,0.0,49.0,4.7,597.0,7.0,ООО «Елисеев»,True,False,6,3,1,72.0,580.0,12.0,535.0,32.0,502.5,35.0,559.6666666666666,26.285714285714285,545.7857142857143,415.0,127.0
Роман 1984 Дж. Оруэлл,2025-03-09,Нижний Новгород,АСТ,Книги,24,475.0,475.0,0.0,162.0,4.6,557.0,2.0,Берлин-Хеми А. Менарини (Berlin Chemie),True,False,6,3,1,27.0,530.0,6.0,569.0,31.0,457.5,41.0,528.3333333333334,25.285714285714285,548.2857142857143,419.0,119.0
Роман 1984 Дж. Оруэлл,2025-03-09,Челябинск,АСТ,Книги,17,489.0,489.0,0.0,442.0,4.9,527.0,2.0,ЗАО «Харитонова-Шарапова»,True,False,6,3,1,24.0,475.0,72.0,580.0,16.0,500.0,22.666666666666668,498.0,25.428571428571427,546.7142857142857,615.0,114.0
Роман 1984 Дж. Оруэлл,2025-03-10,Новосибирск,АСТ,Книги,20,640.0,640.0,0.0,493.0,4.7,463.0,3.0,Объединенная энергетическая компания,False,False,0,3,1,17.0,489.0,27.0,530.0,20.0,649.0,20.333333333333332,534.6666666666666,25.428571428571427,545.4285714285714,435.0,101.0
Роман 1984 Дж. Оруэлл,2025-03-10,Ростов-на-Дону,АСТ,Книги,12,640.0,640.0,0.0,158.0,4.6,675.0,3.0,"ЗАО «Петухова, Бурова и Копылов»",False,False,0,3,1,20.0,640.0,24.0,475.0,12.0,535.0,16.333333333333332,589.6666666666666,25.428571428571427,560.4285714285714,550.0,114.0
Роман 1984 Дж. Оруэлл,2025-03-10,Санкт-Петербург,АСТ,Книги,21,399.0,585.0,31.0,54.0,4.7,486.0,2.0,ИП «Селиверстов»,False,False,0,3,1,12.0,640.0,17.0,489.0,6.0,569.0,17.666666666666668,559.6666666666666,27.571428571428573,536.1428571428571,300.0,98.0
Роман 1984 Дж. Оруэлл,2025-03-11,Новосибирск,АСТ,Книги,18,650.0,650.0,0.0,59.0,4.8,248.0,2.0,Владимиров Лимитед,False,False,1,3,1,21.0,399.0,20.0,640.0,72.0,580.0,17.0,563.0,19.857142857142858,546.1428571428571,655.0,92.0
Роман 1984 Дж. Оруэлл,2025-03-12,Екатеринбург,АСТ,Книги,15,415.0,610.0,31.0,227.0,4.9,256.0,2.0,"ООО «Субботина, Дьячкова и Зуева»",False,False,2,3,1,18.0,650.0,12.0,640.0,27.0,530.0,18.0,488.0,18.142857142857142,529.7142857142857,640.0,88.0
Роман 1984 Дж. Оруэлл,2025-03-12,Казань,АСТ,Книги,16,419.0,535.0,22.0,238.0,5.0,655.0,3.0,Третьяков Лтд,False,False,2,3,1,15.0,415.0,21.0,399.0,24.0,475.0,16.333333333333332,494.6666666666667,17.0,521.7142857142857,519.0,83.0
Роман 1984 Дж. Оруэлл,2025-03-12,Москва,АСТ,Книги,12,615.0,615.0,0.0,499.0,4.6,432.0,2.0,Лаврентьев и партнеры,False,False,2,3,1,16.0,419.0,18.0,650.0,17.0,489.0,14.333333333333334,483.0,16.285714285714285,539.7142857142857,660.0,79.0
Роман 1984 Дж. Оруэлл,2025-03-12,Новосибирск,АСТ,Книги,7,435.0,500.0,11.0,327.0,4.7,383.0,2.0,ООО «Беспалова»,False,False,2,3,1,12.0,615.0,15.0,415.0,20.0,640.0,11.666666666666666,489.6666666666667,14.428571428571429,510.42857142857144,560.0,80.0
Роман 1984 Дж. Оруэлл,2025-03-12,Санкт-Петербург,АСТ,Книги,25,550.0,550.0,0.0,157.0,4.6,717.0,2.0,ЗАО «Петров Афанасьева»,False,False,2,3,1,7.0,435.0,16.0,419.0,12.0,640.0,14.666666666666666,533.3333333333334,16.285714285714285,497.57142857142856,710.0,81.0
Роман 1984 Дж. Оруэлл,2025-03-12,Челябинск,АСТ,Книги,5,300.0,509.0,40.0,348.0,4.8,682.0,2.0,ОАО «Хохлов»,False,False,2,3,1,25.0,550.0,12.0,615.0,21.0,399.0,12.333333333333334,428.3333333333333,14.0,483.42857142857144,609.0,115.0
Роман 1984 Дж. Оруэлл,2025-03-13,Екатеринбург,АСТ,Книги,12,655.0,655.0,0.0,432.0,4.7,672.0,5.0,РАО «Александров Борисов»,False,False,3,3,1,5.0,300.0,7.0,435.0,18.0,650.0,14.0,501.6666666666667,13.142857142857142,484.14285714285717,560.0,122.0
Роман 1984 Дж. Оруэлл,2025-03-13,Самара,АСТ,Книги,11,640.0,640.0,0.0,74.0,4.8,558.0,5.0,АО «Евсеев Беляева»,False,False,3,3,1,12.0,655.0,25.0,550.0,15.0,415.0,9.333333333333334,531.6666666666666,12.571428571428571,516.2857142857143,555.0,163.0
Роман 1984 Дж. Оруэлл,2025-03-13,Санкт-Петербург,АСТ,Книги,11,519.0,519.0,0.0,476.0,4.6,332.0,2.0,Александрова Лимитед,False,False,3,3,1,11.0,640.0,5.0,300.0,16.0,419.0,11.333333333333334,604.6666666666666,11.857142857142858,530.5714285714286,685.0,176.0
Роман 1984 Дж. Оруэлл,2025-03-14,Новосибирск,АСТ,Книги,8,660.0,660.0,0.0,405.0,4.5,404.0,2.0,Орлова Инкорпорэйтед,False,False,4,3,1,11.0,519.0,12.0,655.0,12.0,615.0,10.0,606.3333333333334,11.285714285714286,537.0,590.0,186.0
Роман 1984 Дж. Оруэлл,2025-03-14,Ростов-на-Дону,АСТ,Книги,8,560.0,560.0,0.0,285.0,4.7,453.0,1.0,Лента,False,False,4,3,1,8.0,660.0,11.0,640.0,7.0,435.0,9.0,579.6666666666666,11.428571428571429,554.8571428571429,700.0,186.0
Роман 1984 Дж. Оруэлл,2025-03-15,Екатеринбург,АСТ,Книги,26,710.0,710.0,0.0,440.0,4.9,438.0,5.0,ООО «Васильев»,True,False,5,3,1,8.0,560.0,11.0,519.0,25.0,550.0,14.0,643.3333333333334,11.571428571428571,577.7142857142857,440.0,183.0
Роман 1984 Дж. Оруэлл,2025-03-15,Москва,АСТ,Книги,39,609.0,609.0,0.0,260.0,4.8,380.0,7.0,"ОАО «Уваров, Антонов и Яковлев»",True,False,5,3,1,26.0,710.0,8.0,660.0,5.0,300.0,24.333333333333332,626.3333333333334,16.428571428571427,621.8571428571429,655.0,156.0
Роман 1984 Дж. Оруэлл,2025-03-15,Санкт-Петербург,АСТ,Книги,19,560.0,560.0,0.0,56.0,5.0,688.0,7.0,ОАО «Хохлова Королева»,True,False,5,3,1,39.0,609.0,8.0,560.0,12.0,655.0,28.0,626.3333333333334,17.428571428571427,608.2857142857143,560.0,146.0
Роман 1984 Дж. Оруэлл,2025-03-16,Екатеринбург,АСТ,Книги,52,555.0,555.0,0.0,106.5,4.75,390.0,6.0,НПО «Николаев»,True,False,6,3,1,19.0,560.0,26.0,710.0,11.0,640.0,36.666666666666664,574.6666666666666,23.285714285714285,596.1428571428571,519.0,103.0
Роман 1984 Дж. Оруэлл,2025-03-16,Нижний Новгород,АСТ,Книги,24,685.0,685.0,0.0,491.0,5.0,453.0,1.0,Захаров Инк,True,False,6,3,1,52.0,555.0,39.0,609.0,11.0,519.0,31.666666666666668,600.0,25.142857142857142,619.8571428571429,569.0,93.0
Роман 1984 Дж. Оруэлл,2025-03-16,Новосибирск,АСТ,Книги,18,590.0,590.0,0.0,416.0,4.5,248.0,5.0,Вайлдберриз,True,False,6,3,1,24.0,685.0,19.0,560.0,8.0,660.0,31.333333333333332,610.0,26.571428571428573,609.8571428571429,549.0,90.0
Роман 1984 Дж. Оруэлл,2025-03-16,Челябинск,АСТ,Книги,8,700.0,700.0,0.0,10.0,5.0,562.0,5.0,ООО «Авдеев Кошелев»,True,False,6,3,1,18.0,590.0,52.0,555.0,8.0,560.0,16.666666666666668,658.3333333333334,26.571428571428573,629.8571428571429,422.5,124.0
Роман 1984 Дж. Оруэлл,2025-03-17,Санкт-Петербург,АСТ,Книги,23,440.0,500.0,10.0,107.0,4.6,710.0,1.0,ООО «Васильева-Назарова»,False,False,0,3,1,8.0,700.0,24.0,685.0,26.0,710.0,16.333333333333332,576.6666666666666,26.142857142857142,591.2857142857143,650.0,121.0
Роман 1984 Дж. Оруэлл,2025-03-18,Нижний Новгород,АСТ,Книги,12,655.0,655.0,0.0,389.0,4.85,442.0,4.0,ОАО «Архипова-Исакова»,False,False,1,3,1,23.0,440.0,18.0,590.0,39.0,609.0,14.333333333333334,598.3333333333334,22.285714285714285,597.8571428571429,459.0,124.0
Роман 1984 Дж. Оруэлл,2025-03-18,Новосибирск,АСТ,Книги,9,560.0,560.0,0.0,470.0,4.6,454.0,3.0,ОАО «Медведева-Артемьева»,False,False,1,3,1,12.0,655.0,8.0,700.0,19.0,560.0,14.666666666666666,551.6666666666666,20.857142857142858,597.8571428571429,550.0,120.0
Роман 1984 Дж. Оруэлл,2025-03-18,Санкт-Петербург,АСТ,Книги,9,519.0,519.0,0.0,270.0,4.8,430.0,7.0,ООО «Сафонов-Мамонтова»,False,False,1,3,1,9.0,560.0,23.0,440.0,52.0,555.0,10.0,578.0,14.714285714285714,592.7142857142857,660.0,123.0
Роман 1984 Дж. Оруэлл,2025-03-18,Уфа,АСТ,Книги,14,569.0,569.0,0.0,207.0,4.9,343.0,5.0,Корнилова Лтд,False,False,1,3,1,9.0,519.0,12.0,655.0,24.0,685.0,10.666666666666666,549.3333333333334,13.285714285714286,576.1428571428571,540.0,129.0
Роман 1984 Дж. Оруэлл,2025-03-19,Екатеринбург,АСТ,Книги,15,549.0,549.0,0.0,477.0,4.8,646.0,3.0,Матвеев Инкорпорэйтед,False,False,2,3,1,14.0,569.0,9.0,560.0,18.0,590.0,12.666666666666666,545.6666666666666,12.857142857142858,570.2857142857143,419.0,128.0
Роман Мастер и Маргарита М. Булгаков,2025-03-01,Казань,Эксмо,Книги,24,662.0,662.0,0.0,227.0,4.95,578.5,6.0,АО «Мельников»,True,False,5,3,1,,,,,,,,,,,689.0,210.0
Роман Мастер и Маргарита М. Булгаков,2025-03-01,Москва,Эксмо,Книги,27,565.0,659.0,14.0,88.0,4.9,422.0,3.0,ИП «Орлова»,True,False,5,3,1,24.0,662.0,,,,,,,,,689.0,194.0
Роман Мастер и Маргарита М. Булгаков,2025-03-01,Самара,Эксмо,Книги,22,410.0,715.0,43.0,220.0,4.7,673.0,2.0,ООО «Рябов Лукин»,True,False,5,3,1,27.0,565.0,,,,,24.333333333333332,545.6666666666666,,,569.0,190.0
Роман Мастер и Маргарита М. Булгаков,2025-03-01,Санкт-Петербург,Эксмо,Книги,40,589.0,589.0,0.0,468.0,4.8,599.0,2.0,Ильина Инк,True,False,5,3,1,22.0,410.0,24.0,662.0,,,29.666666666666668,521.3333333333334,,,550.0,157.0
Роман Мастер и Маргарита М. Булгаков,2025-03-02,Екатеринбург,Эксмо,Книги,28,729.0,729.0,0.0,279.0,5.0,282.0,1.0,ЗАО «Абрамова-Герасимова»,True,False,6,3,1,40.0,589.0,27.0,565.0,,,30.0,576.0,,,710.0,138.0
Роман Мастер и Маргарита М. Булгаков,2025-03-02,Казань,Эксмо,Книги,21,820.0,820.0,0.0,395.0,5.0,506.0,3.0,НПО «Исакова Рогова»,True,False,6,3,1,28.0,729.0,22.0,410.0,,,29.666666666666668,712.6666666666666,,,580.0,140.0
Роман Мастер и Маргарита М. Булгаков,2025-03-02,Москва,Эксмо,Книги,40,760.0,760.0,0.0,133.0,4.7,384.0,5.0,РАО «Третьяков»,True,False,6,3,1,21.0,820.0,40.0,589.0,,,29.666666666666668,769.6666666666666,28.857142857142858,647.8571428571429,825.0,111.0
Роман Мастер и Маргарита М. Булгаков,2025-03-02,Новосибирск,Эксмо,Книги,32,689.0,689.0,0.0,462.0,5.0,667.0,1.0,ООО «Белоусов Чернова»,True,False,6,3,1,40.0,760.0,28.0,729.0,24.0,662.0,31.0,756.3333333333334,30.0,651.7142857142857,710.0,94.0
Роман Мастер и Маргарита М. Булгаков,2025-03-02,Ростов-на-Дону,Эксмо,Книги,11,689.0,689.0,0.0,497.0,4.7,533.0,3.0,Рив Гош,True,False,6,3,1,32.0,689.0,21.0,820.0,27.0,565.0,27.666666666666668,712.6666666666666,27.714285714285715,669.4285714285714,735.0,97.0
Роман Мастер и Маргарита М. Булгаков,2025-03-02,Уфа,Эксмо,Книги,18,569.0,569.0,0.0,263.0,4.9,341.0,5.0,АО «Осипова»,True,False,6,3,1,11.0,689.0,40.0,760.0,22.0,410.0,20.333333333333332,649.0,27.142857142857142,692.1428571428571,720.0,115.0
Роман Мастер и Маргарита М. Булгаков,2025-03-03,Казань,Эксмо,Книги,7,550.0,550.0,0.0,321.0,5.0,338.0,3.0,ЧТПЗ,False,False,0,3,1,18.0,569.0,32.0,689.0,40.0,589.0,12.0,602.6666666666666,22.428571428571427,686.5714285714286,790.0,121.0
Роман Мастер и Маргарита М. Булгаков,2025-03-03,Самара,Эксмо,Книги,9,710.0,710.0,0.0,22.0,5.0,393.0,7.0,Адидас (Adidas),False,False,0,3,1,7.0,550.0,11.0,689.0,28.0,729.0,11.333333333333334,609.6666666666666,19.714285714285715,683.8571428571429,835.0,128.0
Роман Мастер и Маргарита М. Булгаков,2025-03-03,Санкт-Петербург,Эксмо,Книги,23,580.0,580.0,0.0,285.0,5.0,319.0,5.0,НПО «Семенов Копылов»,False,False,0,3,1,9.0,710.0,18.0,569.0,21.0,820.0,13.0,613.3333333333334,20.0,649.5714285714286,600.0,117.0
Роман Мастер и Маргарита М. Булгаков,2025-03-03,Уфа,Эксмо,Книги,11,825.0,825.0,0.0,323.0,4.9,715.0,5.0,АО «Белозерова Красильникова»,False,False,0,3,1,23.0,580.0,7.0,550.0,40.0,760.0,14.333333333333334,705.0,15.857142857142858,658.8571428571429,775.0,126.0
Роман Мастер и Маргарита М. Булгаков,2025-03-04,Екатеринбург,Эксмо,Книги,15,710.0,710.0,0.0,469.0,5.0,461.0,7.0,РАО «Владимиров»,False,False,1,3,1,11.0,825.0,9.0,710.0,32.0,689.0,16.333333333333332,705.0,13.428571428571429,661.8571428571429,697.5,167.0
Роман Мастер и Маргарита М. Булгаков,2025-03-04,Казань,Эксмо,Книги,14,735.0,735.0,0.0,258.0,5.0,403.0,2.0,"РАО «Петухова, Копылова и Фролов»",False,False,1,3,1,15.0,710.0,23.0,580.0,11.0,689.0,13.333333333333334,756.6666666666666,13.857142857142858,668.4285714285714,805.0,163.0
Роман Мастер и Маргарита М. Булгаков,2025-03-04,Москва,Эксмо,Книги,36,720.0,720.0,0.0,311.5,5.0,442.0,3.5,АО «Никифоров Евсеев»,False,False,1,3,1,14.0,735.0,11.0,825.0,18.0,569.0,21.666666666666668,721.6666666666666,16.428571428571427,690.0,719.0,150.0
Роман Мастер и Маргарита М. Булгаков,2025-03-04,Челябинск,Эксмо,Книги,13,790.0,790.0,0.0,54.0,5.0,704.0,2.0,АО «Овчинников Некрасов»,False,False,1,3,1,36.0,720.0,15.0,710.0,7.0,550.0,21.0,748.3333333333334,17.285714285714285,724.2857142857143,739.0,174.0
Роман Мастер и Маргарита М. Булгаков,2025-03-05,Нижний Новгород,Эксмо,Книги,16,835.0,835.0,0.0,378.0,4.9,698.0,5.0,ОАО «Савина Никонова»,False,False,2,3,1,13.0,790.0,14.0,735.0,9.0,710.0,21.666666666666668,781.6666666666666,18.285714285714285,742.1428571428571,570.0,177.0
Роман Мастер и Маргарита М. Булгаков,2025-03-05,Новосибирск,Эксмо,Книги,12,600.0,600.0,0.0,155.0,5.0,526.0,2.0,ОАО «Крюкова-Миронов»,False,False,2,3,1,16.0,835.0,36.0,720.0,23.0,580.0,13.666666666666666,741.6666666666666,16.714285714285715,745.0,579.0,188.0
Роман Мастер и Маргарита М. Булгаков,2025-03-07,Екатеринбург,Эксмо,Книги,20,775.0,775.0,0.0,350.0,4.7,414.0,7.0,"АО «Гущина, Моисеев и Голубева»",False,False,4,3,1,12.0,600.0,13.0,790.0,11.0,825.0,16.0,736.6666666666666,18.0,737.8571428571429,629.0,182.0
Роман Мастер и Маргарита М. Булгаков,2025-03-07,Москва,Эксмо,Книги,56,697.5,697.5,0.0,219.5,4.85,652.0,2.0,Фомичев Лтд,False,False,4,3,1,20.0,775.0,16.0,835.0,15.0,710.0,29.333333333333332,690.8333333333334,23.857142857142858,736.0714285714286,582.0,243.0
Роман Мастер и Маргарита М. Булгаков,2025-03-07,Новосибирск,Эксмо,Книги,10,805.0,805.0,0.0,383.0,4.8,287.0,3.0,РАО «Фадеев-Колобов»,False,False,4,3,1,56.0,697.5,12.0,600.0,14.0,735.0,28.666666666666668,759.1666666666666,23.285714285714285,746.0714285714286,620.0,247.0
Роман Мастер и Маргарита М. Булгаков,2025-03-07,Санкт-Петербург,Эксмо,Книги,23,719.0,719.0,0.0,280.0,5.0,599.0,2.0,АО «Дорофеева-Лапин»,False,False,4,3,1,10.0,805.0,20.0,775.0,36.0,720.0,29.666666666666668,740.5,21.428571428571427,745.9285714285714,645.0,250.0
Роман Мастер и Маргарита М. Булгаков,2025-03-08,Москва,Эксмо,Книги,37,739.0,739.0,0.0,460.0,4.9,716.0,2.0,НПО «Русаков»,True,True,5,3,1,23.0,719.0,56.0,697.5,13.0,790.0,23.333333333333332,754.3333333333334,24.857142857142858,738.6428571428571,570.0,233.0
Роман Мастер и Маргарита М. Булгаков,2025-03-08,Нижний Новгород,Эксмо,Книги,19,570.0,570.0,0.0,97.0,5.0,494.0,2.0,Никифоров Лимитед,True,True,5,3,1,37.0,739.0,10.0,805.0,16.0,835.0,26.333333333333332,676.0,25.285714285714285,700.7857142857143,665.0,232.0
Роман Мастер и Маргарита М. Булгаков,2025-03-08,Новосибирск,Эксмо,Книги,23,579.0,579.0,0.0,111.0,4.8,404.0,2.0,ЗАО «Воронцов»,True,True,5,3,1,19.0,570.0,23.0,719.0,12.0,600.0,26.333333333333332,629.3333333333334,26.857142857142858,697.7857142857143,730.0,221.0
Роман Мастер и Маргарита М. Булгаков,2025-03-08,Ростов-на-Дону,Эксмо,Книги,14,629.0,629.0,0.0,147.0,4.7,512.0,2.0,ОАО «Рыбакова-Белова»,True,True,5,3,1,23.0,579.0,37.0,739.0,20.0,775.0,18.666666666666668,592.6666666666666,26.0,676.9285714285714,689.0,220.0
Роман Мастер и Маргарита М. Булгаков,2025-03-08,Санкт-Петербург,Эксмо,Книги,117,582.0,582.0,0.0,150.0,5.0,584.5,3.5,ИП «Орлова-Галкина»,True,True,5,3,1,14.0,629.0,19.0,570.0,56.0,697.5,51.333333333333336,596.6666666666666,34.714285714285715,660.4285714285714,810.0,114.0
Роман Мастер и Маргарита М. Булгаков,2025-03-09,Казань,Эксмо,Книги,14,620.0,710.0,13.0,59.0,5.0,396.0,7.0,ООО «Цветкова»,True,False,6,3,1,117.0,582.0,23.0,579.0,10.0,805.0,48.333333333333336,610.3333333333334,35.285714285714285,634.0,589.0,113.0
Роман Мастер и Маргарита М. Булгаков,2025-03-09,Новосибирск,Эксмо,Книги,26,645.0,645.0,0.0,80.0,4.9,627.0,2.0,Носов и партнеры,True,False,6,3,1,14.0,620.0,14.0,629.0,23.0,719.0,52.333333333333336,615.6666666666666,35.714285714285715,623.4285714285714,840.0,97.0
Роман Мастер и Маргарита М. Булгаков,2025-03-10,Екатеринбург,Эксмо,Книги,20,570.0,570.0,0.0,388.0,5.0,536.0,2.0,АО «Константинов Гуляева»,False,False,0,3,1,26.0,645.0,117.0,582.0,37.0,739.0,20.0,611.6666666666666,33.285714285714285,599.2857142857143,599.0,91.0
Роман Мастер и Маргарита М. Булгаков,2025-03-11,Москва,Эксмо,Книги,18,665.0,665.0,0.0,46.0,4.8,492.0,2.0,"НПО «Игнатьев, Моисеева и Волков»",False,False,1,3,1,20.0,570.0,14.0,620.0,19.0,570.0,21.333333333333332,626.6666666666666,33.142857142857146,612.8571428571429,830.0,89.0
Роман Мастер и Маргарита М. Булгаков,2025-03-11,Новосибирск,Эксмо,Книги,12,730.0,730.0,0.0,309.0,4.8,394.0,7.0,ЗАО «Мельникова»,False,False,1,3,1,18.0,665.0,26.0,645.0,23.0,579.0,16.666666666666668,655.0,31.571428571428573,634.4285714285714,599.0,86.0
Роман Мастер и Маргарита М. Булгаков,2025-03-11,Челябинск,Эксмо,Книги,13,689.0,689.0,0.0,242.0,4.7,264.0,3.0,"АО «Дементьев, Калашникова и Калинин»",False,False,1,3,1,12.0,730.0,20.0,570.0,14.0,629.0,14.333333333333334,694.6666666666666,31.428571428571427,643.0,809.0,96.0
Роман Мастер и Маргарита М. Булгаков,2025-03-12,Нижний Новгород,Эксмо,Книги,11,810.0,810.0,0.0,341.0,5.0,307.0,1.0,ЗАО «Ситникова-Белоусов»,False,False,2,3,1,13.0,689.0,18.0,665.0,117.0,582.0,12.0,743.0,16.285714285714285,675.5714285714286,549.0,116.0
Роман Мастер и Маргарита М. Булгаков,2025-03-12,Новосибирск,Эксмо,Книги,13,589.0,589.0,0.0,415.0,5.0,536.0,3.0,АО «Евсеев-Воронова»,False,False,2,3,1,11.0,810.0,12.0,730.0,14.0,620.0,12.333333333333334,696.0,16.142857142857142,671.1428571428571,445.0,122.0
Роман Мастер и Маргарита М. Булгаков,2025-03-12,Уфа,Эксмо,Книги,10,840.0,840.0,0.0,230.0,5.0,526.0,2.0,АК Алроса,False,False,2,3,1,13.0,589.0,13.0,689.0,26.0,645.0,11.333333333333334,746.3333333333334,13.857142857142858,699.0,580.0,153.0
Роман Мастер и Маргарита М. Булгаков,2025-03-13,Казань,Эксмо,Книги,14,599.0,599.0,0.0,179.0,4.8,518.0,7.0,ЗАО «Ларионов»,False,False,3,3,1,10.0,840.0,11.0,810.0,20.0,570.0,12.333333333333334,676.0,13.0,703.1428571428571,705.0,154.0
Роман Мастер и Маргарита М. Булгаков,2025-03-13,Санкт-Петербург,Эксмо,Книги,16,830.0,830.0,0.0,35.0,5.0,310.0,7.0,ИП «Большакова-Максимов»,False,False,3,3,1,14.0,599.0,13.0,589.0,18.0,665.0,13.333333333333334,756.3333333333334,12.714285714285714,726.7142857142857,745.0,146.0
Роман Мастер и Маргарита М. Булгаков,2025-03-14,Екатеринбург,Эксмо,Книги,9,599.0,599.0,0.0,286.0,4.9,393.0,3.0,Санофи Россия (Sanofi),False,False,4,3,1,16.0,830.0,10.0,840.0,12.0,730.0,13.0,676.0,12.285714285714286,708.0,749.0,162.0
Роман Мастер и Маргарита М. Булгаков,2025-03-15,Казань,Эксмо,Книги,23,809.0,809.0,0.0,171.0,4.8,673.0,3.0,Eurasia Drilling Company,True,False,5,3,1,9.0,599.0,14.0,599.0,13.0,689.0,16.0,746.0,13.714285714285714,725.1428571428571,595.0,147.0
Роман Мастер и Маргарита М. Булгаков,2025-03-15,Москва,Эксмо,Книги,31,549.0,549.0,0.0,80.0,5.0,602.0,2.0,"ЗАО «Зайцева, Герасимов и Борисова»",True,False,5,3,1,23.0,809.0,16.0,830.0,11.0,810.0,21.0,652.3333333333334,16.571428571428573,687.8571428571429,720.0,137.0
Роман Мастер и Маргарита М. Булгаков,2025-03-16,Ростов-на-Дону,Эксмо,Книги,19,445.0,670.0,33.0,269.0,4.9,410.0,2.0,ИП «Крылова»,True,False,6,3,1,31.0,549.0,9.0,599.0,13.0,589.0,24.333333333333332,601.0,17.428571428571427,667.2857142857143,569.0,126.0
Роман Мастер и Маргарита М. Булгаков,2025-03-16,Санкт-Петербург,Эксмо,Книги,41,580.0,580.0,0.0,386.0,5.0,414.0,1.0,АО «Шубин-Блинова»,True,False,6,3,1,19.0,445.0,23.0,809.0,10.0,840.0,30.333333333333332,524.6666666666666,21.857142857142858,630.1428571428571,447.0,102.0
Роман Мастер и Маргарита М. Булгаков,2025-03-17,Нижний Новгород,Эксмо,Книги,15,705.0,705.0,0.0,31.0,5.0,513.0,2.0,ЗАО «Баранова»,False,False,0,3,1,41.0,580.0,31.0,549.0,14.0,599.0,25.0,576.6666666666666,22.0,645.2857142857143,669.0,98.0
Роман Мастер и Маргарита М. Булгаков,2025-03-17,Уфа,Эксмо,Книги,8,745.0,745.0,0.0,455.0,4.8,448.0,2.0,Ренессанс Кредит,False,False,0,3,1,15.0,705.0,19.0,445.0,16.0,830.0,21.333333333333332,676.6666666666666,20.857142857142858,633.1428571428571,655.0,98.0
Роман Мастер и Маргарита М. Булгаков,2025-03-19,Москва,Эксмо,Книги,25,749.0,749.0,0.0,40.0,4.9,401.0,7.0,Сатурн-Р,False,False,2,3,1,8.0,745.0,41.0,580.0,9.0,599.0,16.0,733.0,23.142857142857142,654.5714285714286,730.0,91.0
Роман Преступление и наказание Ф. Достоевский,2025-03-01,Казань,Азбука,Книги,14,550.0,660.0,15.0,65.0,4.4,614.0,7.0,ОАО «Гордеева-Бирюкова»,True,False,5,3,1,,,,,,,,,,,724.5,162.0
Роман Преступление и наказание Ф. Достоевский,2025-03-01,Самара,Азбука,Книги,30,662.0,662.0,0.0,92.5,4.6,685.5,3.5,ЗАО «Гусев»,True,False,5,3,1,14.0,550.0,,,,,,,,,570.0,146.0
Роман Преступление и наказание Ф. Достоевский,2025-03-01,Уфа,Азбука,Книги,17,625.0,625.0,0.0,457.0,4.4,274.0,1.0,ИП «Белоусов»,True,False,5,3,1,30.0,662.0,,,,,20.333333333333332,612.3333333333334,,,640.0,147.0
Роман Преступление и наказание Ф. Достоевский,2025-03-02,Москва,Азбука,Книги,39,680.0,680.0,0.0,124.0,4.5,268.0,7.0,Журавлев Лтд,True,False,6,3,1,17.0,625.0,14.0,550.0,,,28.666666666666668,655.6666666666666,,,300.0,119.0
Роман Преступление и наказание Ф. Достоевский,2025-03-02,Уфа,Азбука,Книги,13,530.0,675.0,22.0,280.0,4.9,531.0,7.0,НПО «Шубин Русакова»,True,False,6,3,1,39.0,680.0,30.0,662.0,,,23.0,611.6666666666666,,,610.0,117.0
Роман Преступление и наказание Ф. Достоевский,2025-03-03,Уфа,Азбука,Книги,10,649.0,649.0,0.0,183.0,4.699999999999999,299.0,3.5,"ЗАО «Комиссарова, Комаров и Турова»",False,False,0,3,1,13.0,530.0,17.0,625.0,,,20.666666666666668,619.6666666666666,,,459.0,117.0
Роман Преступление и наказание Ф. Достоевский,2025-03-04,Москва,Азбука,Книги,25,710.0,710.0,0.0,74.0,5.0,256.0,2.0,АО «Гордеева-Волков»,False,False,1,3,1,10.0,649.0,39.0,680.0,,,16.0,629.6666666666666,21.142857142857142,629.4285714285714,590.0,103.0
Роман Преступление и наказание Ф. Достоевский,2025-03-04,Нижний Новгород,Азбука,Книги,28,724.5,724.5,0.0,365.5,4.95,490.5,3.0,"АО «Фокин, Бобров и Соловьев»",False,False,1,3,1,25.0,710.0,13.0,530.0,14.0,550.0,21.0,694.5,23.142857142857142,654.3571428571429,580.0,91.0
Роман Преступление и наказание Ф. Достоевский,2025-03-04,Новосибирск,Азбука,Книги,14,570.0,570.0,0.0,402.0,4.8,545.0,1.0,Симонова Инк,False,False,1,3,1,28.0,724.5,10.0,649.0,30.0,662.0,22.333333333333332,668.1666666666666,20.857142857142858,641.2142857142857,559.0,88.0
Роман Преступление и наказание Ф. Достоевский,2025-03-04,Санкт-Петербург,Азбука,Книги,18,640.0,640.0,0.0,73.0,4.9,458.0,3.0,Артис-Агро Экспорт,False,False,1,3,1,14.0,570.0,25.0,710.0,17.0,625.0,20.0,644.8333333333334,21.0,643.3571428571429,540.0,77.0
Роман Преступление и наказание Ф. Достоевский,2025-03-05,Екатеринбург,Азбука,Книги,11,300.0,580.0,48.0,135.0,4.8,309.0,5.0,Охрана Росгвардии,False,False,2,3,1,18.0,640.0,28.0,724.5,39.0,680.0,14.333333333333334,503.3333333333333,17.0,589.0714285714286,639.5,159.0
Роман Преступление и наказание Ф. Достоевский,2025-03-06,Москва,Азбука,Книги,11,610.0,610.0,0.0,294.0,4.5,442.0,7.0,Харитонов Лтд,False,False,3,3,1,11.0,300.0,14.0,570.0,13.0,530.0,13.333333333333334,516.6666666666666,16.714285714285715,600.5,720.0,206.0
Роман Преступление и наказание Ф. Достоевский,2025-03-06,Ростов-на-Дону,Азбука,Книги,10,459.0,660.0,30.0,482.0,4.7,553.0,2.0,"РАО «Капустин, Гурьев и Павлова»",False,False,3,3,1,11.0,610.0,18.0,640.0,10.0,649.0,10.666666666666666,456.3333333333333,16.714285714285715,573.3571428571429,559.0,233.0
Роман Преступление и наказание Ф. Достоевский,2025-03-06,Санкт-Петербург,Азбука,Книги,11,590.0,590.0,0.0,53.0,4.6,590.0,3.0,ОАО «Блинова Носков»,False,False,3,3,1,10.0,459.0,11.0,300.0,25.0,710.0,10.666666666666666,553.0,14.714285714285714,556.2142857142857,685.0,306.0
Роман Преступление и наказание Ф. Достоевский,2025-03-07,Екатеринбург,Азбука,Книги,16,580.0,645.0,10.0,422.0,5.0,509.0,3.0,ЗАО «Аксенова»,False,False,4,3,1,11.0,590.0,11.0,610.0,28.0,724.5,12.333333333333334,543.0,13.0,535.5714285714286,585.0,338.0
Роман Преступление и наказание Ф. Достоевский,2025-03-07,Новосибирск,Азбука,Книги,11,559.0,559.0,0.0,136.0,4.7,431.0,5.0,ОАО «Блинова»,False,False,4,3,1,16.0,580.0,10.0,459.0,14.0,570.0,12.666666666666666,576.3333333333334,12.571428571428571,534.0,615.0,338.0
Роман Преступление и наказание Ф. Достоевский,2025-03-07,Ростов-на-Дону,Азбука,Книги,7,540.0,540.0,0.0,495.0,4.7,352.0,2.0,ЗАО «Осипов Павлов»,False,False,4,3,1,11.0,559.0,11.0,590.0,18.0,640.0,11.333333333333334,559.6666666666666,11.0,519.7142857142857,759.0,340.0
Роман Преступление и наказание Ф. Достоевский,2025-03-08,Москва,Азбука,Книги,93,639.5,639.5,0.0,92.0,4.45,352.0,2.5,Одинцов Лтд,True,True,5,3,1,7.0,540.0,16.0,580.0,11.0,300.0,37.0,579.5,22.714285714285715,568.2142857142857,740.0,258.0
Роман Преступление и наказание Ф. Достоевский,2025-03-08,Новосибирск,Азбука,Книги,58,720.0,720.0,0.0,101.0,4.6,409.0,3.0,Стрелкова Лимитед,True,True,5,3,1,93.0,639.5,11.0,559.0,11.0,610.0,52.666666666666664,633.1666666666666,29.428571428571427,583.9285714285714,730.0,207.0
Роман Преступление и наказание Ф. Достоевский,2025-03-08,Самара,Азбука,Книги,37,559.0,700.0,20.0,510.0,4.6,422.0,7.0,БАСФ (BASF),True,True,5,3,1,58.0,720.0,7.0,540.0,10.0,459.0,62.666666666666664,639.5,33.285714285714285,598.2142857142857,670.0,181.0
Роман Преступление и наказание Ф. Достоевский,2025-03-08,Санкт-Петербург,Азбука,Книги,84,685.0,734.5,6.5,442.0,4.6,650.5,2.5,Силин Инкорпорэйтед,True,True,5,3,1,37.0,559.0,93.0,639.5,11.0,590.0,59.666666666666664,654.6666666666666,43.714285714285715,611.7857142857143,629.0,106.0
Роман Преступление и наказание Ф. Достоевский,2025-03-09,Москва,Азбука,Книги,48,585.0,585.0,0.0,83.0,4.5,502.0,5.0,Кузьмина и партнеры,True,False,6,3,1,84.0,685.0,58.0,720.0,16.0,580.0,56.333333333333336,609.6666666666666,48.285714285714285,612.5,540.0,70.0
Роман Преступление и наказание Ф. Достоевский,2025-03-09,Уфа,Азбука,Книги,11,615.0,615.0,0.0,96.0,4.7,563.0,2.0,РАО «Абрамов»,True,False,6,3,1,48.0,585.0,37.0,559.0,11.0,559.0,47.666666666666664,628.3333333333334,48.285714285714285,620.5,590.0,74.0
Роман Преступление и наказание Ф. Достоевский,2025-03-10,Екатеринбург,Азбука,Книги,9,759.0,759.0,0.0,105.0,4.9,605.0,5.0,РАО «Михеев Беспалов»,False,False,0,3,1,11.0,615.0,84.0,685.0,7.0,540.0,22.666666666666668,653.0,48.57142857142857,651.7857142857143,680.0,81.0
Роман Преступление и наказание Ф. Достоевский,2025-03-10,Москва,Азбука,Книги,11,740.0,740.0,0.0,510.0,4.9,423.0,2.0,НПО «Панов-Симонова»,False,False,0,3,1,9.0,759.0,48.0,585.0,93.0,639.5,10.333333333333334,704.6666666666666,36.857142857142854,666.1428571428571,635.0,81.0
Роман Преступление и наказание Ф. Достоевский,2025-03-10,Новосибирск,Азбука,Книги,7,730.0,730.0,0.0,477.0,4.8,549.0,1.0,Мостотрест,False,False,0,3,1,11.0,740.0,11.0,615.0,58.0,720.0,9.0,743.0,29.571428571428573,667.5714285714286,610.0,84.0
Роман Преступление и наказание Ф. Достоевский,2025-03-10,Самара,Азбука,Книги,11,670.0,670.0,0.0,377.0,4.8,509.0,5.0,Ачимгаз,False,False,0,3,1,7.0,730.0,9.0,759.0,37.0,559.0,9.666666666666666,713.3333333333334,25.857142857142858,683.4285714285714,520.0,81.0
Роман Преступление и наказание Ф. Достоевский,2025-03-11,Казань,Азбука,Книги,9,629.0,679.0,7.0,40.0,5.0,648.0,3.0,Eurasia Drilling Company,False,False,1,3,1,11.0,670.0,11.0,740.0,84.0,685.0,9.0,676.3333333333334,15.142857142857142,675.4285714285714,755.0,83.0
Роман Преступление и наказание Ф. Достоевский,2025-03-11,Новосибирск,Азбука,Книги,12,540.0,540.0,0.0,35.0,4.5,515.0,2.0,НПО «Белова-Шестаков»,False,False,1,3,1,9.0,629.0,7.0,730.0,48.0,585.0,10.666666666666666,613.0,10.0,669.0,535.0,82.0
Роман Преступление и наказание Ф. Достоевский,2025-03-11,Челябинск,Азбука,Книги,15,590.0,590.0,0.0,331.0,4.5,330.0,5.0,ОАО «Кузьмина Меркушев»,False,False,1,3,1,12.0,540.0,11.0,670.0,11.0,615.0,12.0,586.3333333333334,10.571428571428571,665.4285714285714,665.0,86.0
Роман Преступление и наказание Ф. Достоевский,2025-03-12,Екатеринбург,Азбука,Книги,16,680.0,680.0,0.0,62.0,4.4,592.0,2.0,РАО «Силин»,False,False,2,3,1,15.0,590.0,9.0,629.0,9.0,759.0,14.333333333333334,603.3333333333334,11.571428571428571,654.1428571428571,579.0,82.0
Роман Преступление и наказание Ф. Достоевский,2025-03-12,Новосибирск,Азбука,Книги,11,635.0,635.0,0.0,161.0,4.6,583.0,2.0,"ИП «Беляев, Лукин и Кудрявцева»",False,False,2,3,1,16.0,680.0,12.0,540.0,11.0,740.0,14.0,635.0,11.571428571428571,639.1428571428571,695.0,93.0
Роман Преступление и наказание Ф. Достоевский,2025-03-12,Самара,Азбука,Книги,10,610.0,610.0,0.0,246.0,4.5,465.0,5.0,"НПО «Никитина, Козлова и Лаврентьева»",False,False,2,3,1,11.0,635.0,15.0,590.0,7.0,730.0,12.333333333333334,641.6666666666666,12.0,622.0,760.0,120.0
Роман Преступление и наказание Ф. Достоевский,2025-03-12,Уфа,Азбука,Книги,8,520.0,520.0,0.0,338.0,4.4,608.0,7.0,Муравьева Групп,False,False,2,3,1,10.0,610.0,16.0,680.0,11.0,670.0,9.666666666666666,588.3333333333334,11.571428571428571,600.5714285714286,545.0,139.0
Роман Преступление и наказание Ф. Достоевский,2025-03-12,Челябинск,Азбука,Книги,11,755.0,755.0,0.0,378.0,4.8,242.0,3.0,"АО «Кудряшова, Дмитриева и Якушева»",False,False,2,3,1,8.0,520.0,11.0,635.0,9.0,629.0,9.666666666666666,628.3333333333334,11.857142857142858,618.5714285714286,595.0,145.0
Роман Преступление и наказание Ф. Достоевский,2025-03-13,Нижний Новгород,Азбука,Книги,11,535.0,590.0,9.0,128.0,4.4,494.0,5.0,АО «Шашков-Ермаков»,False,False,3,3,1,11.0,755.0,10.0,610.0,12.0,540.0,10.0,603.3333333333334,11.714285714285714,617.8571428571429,635.0,160.0
Роман Преступление и наказание Ф. Достоевский,2025-03-13,Санкт-Петербург,Азбука,Книги,19,665.0,665.0,0.0,155.0,4.4,465.0,5.0,РАО «Тимофеев-Филиппова»,False,False,3,3,1,11.0,535.0,8.0,520.0,15.0,590.0,13.666666666666666,651.6666666666666,12.285714285714286,628.5714285714286,640.0,158.0
Роман Преступление и наказание Ф. Достоевский,2025-03-14,Нижний Новгород,Азбука,Книги,12,579.0,579.0,0.0,383.0,4.6,478.0,5.0,"РАО «Третьякова, Беляков и Жданов»",False,False,4,3,1,19.0,665.0,11.0,755.0,16.0,680.0,14.0,593.0,11.714285714285714,614.1428571428571,619.0,162.0
Роман Преступление и наказание Ф. Достоевский,2025-03-15,Екатеринбург,Азбука,Книги,22,695.0,695.0,0.0,415.0,4.4,386.0,2.0,"РАО «Некрасова, Зимин и Комарова»",True,False,5,3,1,12.0,579.0,11.0,535.0,11.0,635.0,17.666666666666668,646.3333333333334,13.285714285714286,622.7142857142857,750.0,161.0
Роман Преступление и наказание Ф. Достоевский,2025-03-15,Москва,Азбука,Книги,37,760.0,760.0,0.0,227.0,4.8,336.0,3.0,НПО «Козлова»,True,False,5,3,1,22.0,695.0,19.0,665.0,10.0,610.0,23.666666666666668,678.0,17.142857142857142,644.1428571428571,540.0,142.0
Роман Преступление и наказание Ф. Достоевский,2025-03-15,Санкт-Петербург,Азбука,Книги,27,545.0,545.0,0.0,292.0,4.7,399.0,5.0,РАО «Бурова-Анисимова»,True,False,5,3,1,37.0,760.0,12.0,579.0,8.0,520.0,28.666666666666668,666.6666666666666,19.857142857142858,647.7142857142857,765.0,126.0
Роман Преступление и наказание Ф. Достоевский,2025-03-16,Нижний Новгород,Азбука,Книги,17,595.0,700.0,15.0,473.0,4.5,350.0,2.0,УГС,True,False,6,3,1,27.0,545.0,22.0,695.0,11.0,755.0,27.0,633.3333333333334,20.714285714285715,624.8571428571429,645.0,136.0
Роман Преступление и наказание Ф. Достоевский,2025-03-16,Новосибирск,Азбука,Книги,26,635.0,635.0,0.0,289.5,4.6,517.0,5.0,ООО «Кулагин Белозерова»,True,False,6,3,1,17.0,595.0,37.0,760.0,11.0,535.0,23.333333333333332,591.6666666666666,22.857142857142858,639.1428571428571,570.0,120.0
Роман Преступление и наказание Ф. Достоевский,2025-03-17,Екатеринбург,Азбука,Книги,17,640.0,640.0,0.0,512.0,4.4,305.0,3.0,Андреева и партнеры,False,False,0,3,1,26.0,635.0,27.0,545.0,19.0,665.0,20.0,623.3333333333334,22.571428571428573,635.5714285714286,719.0,114.0
Роман Преступление и наказание Ф. Достоевский,2025-03-17,Казань,Азбука,Книги,16,619.0,619.0,0.0,452.0,4.6,319.0,2.0,ИП «Пестова»,False,False,0,3,1,17.0,640.0,17.0,595.0,12.0,579.0,19.666666666666668,631.3333333333334,23.142857142857142,641.2857142857143,680.0,114.0
Роман Преступление и наказание Ф. Достоевский,2025-03-17,Москва,Азбука,Книги,21,750.0,750.0,0.0,199.0,4.9,323.0,3.0,Гаврилова и партнеры,False,False,0,3,1,16.0,619.0,26.0,635.0,22.0,695.0,18.0,669.6666666666666,23.0,649.1428571428571,573.0,127.0
Роман Преступление и наказание Ф. Достоевский,2025-03-17,Новосибирск,Азбука,Книги,18,540.0,540.0,0.0,258.0,4.7,455.0,3.0,"ЗАО «Киселев, Горбачев и Агафонов»",False,False,0,3,1,21.0,750.0,17.0,640.0,37.0,760.0,18.333333333333332,636.3333333333334,20.285714285714285,617.7142857142857,600.0,142.0
Роман Преступление и наказание Ф. Достоевский,2025-03-17,Самара,Азбука,Книги,11,765.0,765.0,0.0,422.0,4.7,326.0,2.0,ООО «Ширяева Афанасьева»,False,False,0,3,1,18.0,540.0,16.0,619.0,27.0,545.0,16.666666666666668,685.0,18.0,649.1428571428571,570.0,154.0
Роман Преступление и наказание Ф. Достоевский,2025-03-18,Москва,Азбука,Книги,27,645.0,645.0,0.0,464.0,4.5,308.0,3.0,"НПО «Фомичев, Гуляева и Белозерова»",False,False,1,3,1,11.0,765.0,21.0,750.0,17.0,595.0,18.666666666666668,650.0,19.428571428571427,656.2857142857143,599.0,136.0
Роман Преступление и наказание Ф. Достоевский,2025-03-18,Ростов-на-Дону,Азбука,Книги,10,570.0,570.0,0.0,261.0,4.7,592.0,1.0,РАО «Дмитриев Хохлова»,False,False,1,3,1,27.0,645.0,18.0,540.0,26.0,635.0,16.0,660.0,17.142857142857142,647.0,685.0,163.0
Роман Преступление и наказание Ф. Достоевский,2025-03-19,Челябинск,Азбука,Книги,11,719.0,719.0,0.0,387.0,4.7,542.0,7.0,Шаров Групп,False,False,2,3,1,10.0,570.0,11.0,765.0,17.0,640.0,16.0,644.6666666666666,16.285714285714285,658.2857142857143,630.0,175.0
Смартфон Apple iPhone 15 Pro,2025-03-01,Екатеринбург,Apple,Электроника,20,89835.0,89835.0,0.0,416.0,5.0,529.0,3.0,ООО «Никифоров»,True,False,5,3,1,,,,,,,,,,,84140.0,163.0
Смартфон Apple iPhone 15 Pro,2025-03-01,Санкт-Петербург,Apple,Электроника,25,96199.0,96199.0,0.0,59.0,4.9,494.0,7.0,РАО «Артемьев»,True,False,5,3,1,20.0,89835.0,,,,,,,,,91119.0,157.0
Смартфон Apple iPhone 15 Pro,2025-03-01,Уфа,Apple,Электроника,39,96679.5,96679.5,0.0,285.0,4.9,561.0,3.5,"ООО «Шашков, Захарова и Жуков»",True,False,5,3,1,25.0,96199.0,,,,,28.0,94237.83333333333,,,98200.0,129.0
Смартфон Apple iPhone 15 Pro,2025-03-01,Челябинск,Apple,Электроника,12,94120.0,94120.0,0.0,90.0,4.9,669.0,2.0,ИП «Воронова Галкин»,True,False,5,3,1,39.0,96679.5,20.0,89835.0,,,25.333333333333332,95666.16666666667,,,102380.0,129.0
Смартфон Apple iPhone 15 Pro,2025-03-02,Екатеринбург,Apple,Электроника,34,82405.0,82405.0,0.0,162.0,4.75,588.5,2.0,"ИП «Молчанов, Суворов и Юдина»",True,False,6,3,1,12.0,94120.0,25.0,96199.0,,,28.333333333333332,91068.16666666667,,,92040.0,109.0
Смартфон Apple iPhone 15 Pro,2025-03-02,Ростов-на-Дону,Apple,Электроника,19,75970.0,75970.0,0.0,514.0,4.5,318.0,2.0,"НПО «Ситников, Константинов и Терентьев»",True,False,6,3,1,34.0,82405.0,39.0,96679.5,,,21.666666666666668,84165.0,,,93490.0,107.0
Смартфон Apple iPhone 15 Pro,2025-03-02,Санкт-Петербург,Apple,Электроника,22,94939.0,94939.0,0.0,31.0,5.0,683.0,5.0,РАО «Данилова Брагина»,True,False,6,3,1,19.0,75970.0,12.0,94120.0,,,25.0,84438.0,24.428571428571427,90021.07142857143,84900.0,94.0
Смартфон Apple iPhone 15 Pro,2025-03-02,Уфа,Apple,Электроника,12,84140.0,84140.0,0.0,161.0,4.8,279.0,5.0,Уваров Групп,True,False,6,3,1,22.0,94939.0,34.0,82405.0,20.0,89835.0,17.666666666666668,85016.33333333333,23.285714285714285,89207.5,77329.0,128.0
Смартфон Apple iPhone 15 Pro,2025-03-03,Екатеринбург,Apple,Электроника,19,91119.0,91119.0,0.0,140.0,4.7,395.0,2.0,"ООО «Одинцов, Федорова и Кабанов»",False,False,0,3,1,12.0,84140.0,19.0,75970.0,25.0,96199.0,17.666666666666668,90066.0,22.428571428571427,88481.78571428571,93210.0,148.0
Смартфон Apple iPhone 15 Pro,2025-03-04,Санкт-Петербург,Apple,Электроника,11,98200.0,98200.0,0.0,69.0,4.6,334.0,2.0,ЗАО «Соловьев Уварова»,False,False,1,3,1,19.0,91119.0,22.0,94939.0,39.0,96679.5,14.0,91153.0,18.428571428571427,88699.0,86325.0,147.0
Смартфон Apple iPhone 15 Pro,2025-03-04,Уфа,Apple,Электроника,12,102380.0,102380.0,0.0,29.0,4.9,402.0,5.0,АО «Кабанов»,False,False,1,3,1,11.0,98200.0,12.0,84140.0,12.0,94120.0,14.0,97233.0,18.428571428571427,89879.0,68930.0,152.0
Смартфон Apple iPhone 15 Pro,2025-03-05,Казань,Apple,Электроника,14,92040.0,92040.0,0.0,81.0,4.8,518.0,3.0,ООО «Корнилова Князев»,False,False,2,3,1,12.0,102380.0,19.0,91119.0,34.0,82405.0,12.333333333333334,97540.0,15.571428571428571,91255.42857142857,84030.0,150.0
Смартфон Apple iPhone 15 Pro,2025-03-06,Нижний Новгород,Apple,Электроника,17,93490.0,93490.0,0.0,425.0,5.0,556.0,5.0,Луидор,False,False,3,3,1,14.0,92040.0,11.0,98200.0,19.0,75970.0,14.333333333333334,95970.0,15.285714285714286,93758.28571428571,83130.0,141.0
Смартфон Apple iPhone 15 Pro,2025-03-07,Екатеринбург,Apple,Электроника,9,84900.0,84900.0,0.0,205.0,5.0,553.0,3.0,"НПО «Дроздов, Прохоров и Тимофеева»",False,False,4,3,1,17.0,93490.0,12.0,102380.0,22.0,94939.0,13.333333333333334,90143.33333333333,13.428571428571429,92324.14285714286,102540.0,139.0
Смартфон Apple iPhone 15 Pro,2025-03-08,Новосибирск,Apple,Электроника,46,77329.0,77329.0,0.0,366.0,4.7,276.0,2.0,"РАО «Орехов, Попов и Тимофеев»",True,True,5,3,1,9.0,84900.0,14.0,92040.0,12.0,84140.0,24.0,85239.66666666667,18.285714285714285,91351.14285714286,77570.0,110.0
Смартфон Apple iPhone 15 Pro,2025-03-09,Санкт-Петербург,Apple,Электроника,39,93210.0,93210.0,0.0,136.0,4.6,276.0,5.0,НПО «Миронова»,True,False,6,3,1,46.0,77329.0,17.0,93490.0,19.0,91119.0,31.333333333333332,85146.33333333333,21.142857142857142,91649.85714285714,89400.0,92.0
Смартфон Apple iPhone 15 Pro,2025-03-11,Нижний Новгород,Apple,Электроника,10,86325.0,86325.0,0.0,432.0,4.6,587.0,3.0,Третьякова и партнеры,False,False,1,3,1,39.0,93210.0,9.0,84900.0,11.0,98200.0,31.666666666666668,85621.33333333333,21.0,89953.42857142857,81234.5,106.0
Смартфон Apple iPhone 15 Pro,2025-03-12,Москва,Apple,Электроника,17,68930.0,98469.0,30.0,176.0,4.8,381.0,3.0,ОАО «Зуев-Дмитриев»,False,False,2,3,1,10.0,86325.0,46.0,77329.0,12.0,102380.0,22.0,82821.66666666667,21.714285714285715,85174.85714285714,79339.0,113.0
Смартфон Apple iPhone 15 Pro,2025-03-12,Уфа,Apple,Электроника,12,84030.0,84030.0,0.0,302.0,5.0,516.0,3.0,ИП «Владимиров Комиссарова»,False,False,2,3,1,17.0,68930.0,39.0,93210.0,14.0,92040.0,13.0,79761.66666666667,21.428571428571427,84030.57142857143,49785.0,142.0
Смартфон Apple iPhone 15 Pro,2025-03-13,Казань,Apple,Электроника,8,83130.0,83130.0,0.0,453.0,4.5,489.0,5.0,ЗАО «Смирнова»,False,False,3,3,1,12.0,84030.0,10.0,86325.0,17.0,93490.0,12.333333333333334,78696.66666666667,20.142857142857142,82550.57142857143,76030.0,145.0
Смартфон Apple iPhone 15 Pro,2025-03-13,Челябинск,Apple,Электроника,7,102540.0,102540.0,0.0,137.0,4.6,639.0,5.0,ИП «Андреева»,False,False,3,3,1,8.0,83130.0,17.0,68930.0,9.0,84900.0,9.0,89900.0,19.857142857142858,85070.57142857143,102895.0,158.0
Смартфон Apple iPhone 15 Pro,2025-03-14,Москва,Apple,Электроника,17,77570.0,77570.0,0.0,64.0,4.9,562.0,2.0,ООО «Максимов Прохорова»,False,False,4,3,1,7.0,102540.0,12.0,84030.0,46.0,77329.0,10.666666666666666,87746.66666666667,15.714285714285714,85105.0,98519.0,165.0
Смартфон Apple iPhone 15 Pro,2025-03-14,Санкт-Петербург,Apple,Электроника,21,89400.0,89400.0,0.0,317.0,5.0,697.0,2.0,ООО «Дмитриева Мясникова»,False,False,4,3,1,17.0,77570.0,8.0,83130.0,39.0,93210.0,15.0,89836.66666666667,13.142857142857142,84560.71428571429,103660.0,155.0
Смартфон Apple iPhone 15 Pro,2025-03-14,Челябинск,Apple,Электроника,24,81234.5,89174.0,10.5,201.5,4.65,471.0,3.5,Зимина Лимитед,False,False,4,3,1,21.0,89400.0,7.0,102540.0,10.0,86325.0,20.666666666666668,82734.83333333333,15.142857142857142,83833.5,95109.0,146.0
Смартфон Apple iPhone 15 Pro,2025-03-15,Казань,Apple,Электроника,24,79339.0,79339.0,0.0,513.0,4.6,245.0,3.0,ПКФ ДиПОС,True,False,5,3,1,24.0,81234.5,17.0,77570.0,17.0,68930.0,23.0,83324.5,16.142857142857142,85320.5,95549.0,151.0
Смартфон Apple iPhone 15 Pro,2025-03-15,Москва,Apple,Электроника,41,49785.0,81620.0,39.0,418.0,4.9,458.0,5.0,РАО «Селезнева»,True,False,5,3,1,24.0,79339.0,21.0,89400.0,12.0,84030.0,29.666666666666668,70119.5,20.285714285714285,80428.35714285714,89545.0,117.0
Смартфон Apple iPhone 15 Pro,2025-03-15,Ростов-на-Дону,Apple,Электроника,11,76030.0,89460.0,15.0,126.0,4.7,706.0,2.0,Шубин Инкорпорэйтед,True,False,5,3,1,41.0,49785.0,24.0,81234.5,8.0,83130.0,25.333333333333332,68384.66666666667,20.714285714285715,79414.07142857143,89470.0,117.0
Смартфон Apple iPhone 15 Pro,2025-03-15,Уфа,Apple,Электроника,20,102895.0,102895.0,0.0,33.0,5.0,616.0,2.0,ЗАО «Шубин-Журавлева»,True,False,5,3,1,11.0,76030.0,24.0,79339.0,7.0,102540.0,24.0,76236.66666666667,22.571428571428573,79464.78571428571,103140.0,107.0
Смартфон Apple iPhone 15 Pro,2025-03-16,Нижний Новгород,Apple,Электроника,24,98519.0,98519.0,0.0,321.0,4.7,627.0,2.0,РАО «Журавлева»,True,False,6,3,1,20.0,102895.0,41.0,49785.0,17.0,77570.0,18.333333333333332,92481.33333333333,23.571428571428573,82457.5,85085.0,101.0
Смартфон Apple iPhone 15 Pro,2025-03-16,Ростов-на-Дону,Apple,Электроника,11,103660.0,103660.0,0.0,282.0,5.0,626.0,5.0,"ООО «Бурова, Меркушев и Горбунова»",True,False,6,3,1,24.0,98519.0,11.0,76030.0,21.0,89400.0,18.333333333333332,101691.33333333333,22.142857142857142,84494.64285714286,82650.0,104.0
Смартфон Apple iPhone 15 Pro,2025-03-16,Санкт-Петербург,Apple,Электроника,15,95109.0,95109.0,0.0,22.0,5.0,449.0,3.0,Соколов Инк,True,False,6,3,1,11.0,103660.0,20.0,102895.0,24.0,81234.5,16.666666666666668,99096.0,20.857142857142858,86476.71428571429,88230.0,99.0
Смартфон Apple iPhone 15 Pro,2025-03-17,Москва,Apple,Электроника,29,95549.0,95549.0,0.0,225.0,5.0,548.0,3.0,"ОАО «Андреев, Иванова и Блинов»",False,False,0,3,1,15.0,95109.0,24.0,98519.0,24.0,79339.0,18.333333333333332,98106.0,21.571428571428573,88792.42857142857,88640.0,97.0
Смартфон Apple iPhone 15 Pro,2025-03-18,Казань,Apple,Электроника,7,89545.0,89545.0,0.0,297.0,4.9,440.0,2.0,НПО «Шаров Сафонова»,False,False,1,3,1,29.0,95549.0,11.0,103660.0,41.0,49785.0,17.0,93401.0,16.714285714285715,94472.42857142857,47590.0,105.0
Смартфон Apple iPhone 15 Pro,2025-03-19,Санкт-Петербург,Apple,Электроника,11,89470.0,98330.0,9.0,54.0,4.7,258.0,2.0,НПО «Соколова Осипова»,False,False,2,3,1,7.0,89545.0,15.0,95109.0,11.0,76030.0,15.666666666666666,91521.33333333333,16.714285714285715,96392.42857142857,98629.0,132.0
Смартфон Apple iPhone 15 Pro,2025-03-19,Уфа,Apple,Электроника,10,103140.0,103140.0,0.0,35.0,4.7,273.0,5.0,Мартынова и партнеры,False,False,2,3,1,11.0,89470.0,29.0,95549.0,20.0,102895.0,9.333333333333334,94051.66666666667,15.285714285714286,96427.42857142857,83340.0,138.0
Смартфон Honor 90,2025-03-01,Екатеринбург,Honor,Электроника,29,33695.0,33695.0,0.0,229.0,4.4,577.0,3.0,ИП «Филиппов»,True,False,5,3,1,,,,,,,,,,,25525.0,181.0
Смартфон Honor 90,2025-03-01,Москва,Honor,Электроника,90,24315.0,33418.0,26.666666666666668,226.0,4.566666666666666,559.3333333333334,3.6666666666666665,РАО «Ермакова Лебедева»,True,False,5,3,1,29.0,33695.0,,,,,,,,,29109.5,109.0
Смартфон Honor 90,2025-03-02,Казань,Honor,Электроника,24,39825.0,39825.0,0.0,428.0,4.4,373.0,3.0,НПО «Панова Фомин»,True,False,6,3,1,90.0,24315.0,,,,,47.666666666666664,32611.666666666668,,,32659.0,93.0
Смартфон Honor 90,2025-03-03,Самара,Honor,Электроника,11,32850.0,32850.0,0.0,242.0,4.3,472.0,2.0,Кулакова Лтд,False,False,0,3,1,24.0,39825.0,29.0,33695.0,,,41.666666666666664,32330.0,,,36782.0,107.0
Смартфон Honor 90,2025-03-04,Нижний Новгород,Honor,Электроника,11,34525.0,34525.0,0.0,210.0,4.4,437.0,2.0,НПО «Горшков-Некрасова»,False,False,1,3,1,11.0,32850.0,90.0,24315.0,,,15.333333333333334,35733.333333333336,,,38310.0,141.0
Смартфон Honor 90,2025-03-05,Екатеринбург,Honor,Электроника,17,35495.0,35495.0,0.0,79.0,4.3,537.0,3.0,"НПО «Захаров, Журавлева и Орехов»",False,False,2,3,1,11.0,34525.0,24.0,39825.0,,,13.0,34290.0,,,29285.0,223.0
Смартфон Honor 90,2025-03-05,Самара,Honor,Электроника,11,36545.0,36545.0,0.0,59.0,4.2,239.0,2.0,АО «Яковлев-Федотова»,False,False,2,3,1,17.0,35495.0,11.0,32850.0,,,13.0,35521.666666666664,27.571428571428573,33892.857142857145,34689.0,255.0
Смартфон Honor 90,2025-03-05,Санкт-Петербург,Honor,Электроника,17,25525.0,34500.0,26.0,237.0,4.3,289.0,5.0,ОАО «Аксенова Владимирова»,False,False,2,3,1,11.0,36545.0,11.0,34525.0,29.0,33695.0,15.0,32521.666666666668,25.857142857142858,32725.714285714286,37335.0,256.0
Смартфон Honor 90,2025-03-06,Самара,Honor,Электроника,18,29109.5,33517.5,14.5,159.0,4.55,478.0,3.0,РАО «Якушев Белов»,False,False,3,3,1,17.0,25525.0,17.0,35495.0,90.0,24315.0,15.333333333333334,30393.166666666668,15.571428571428571,33410.642857142855,28020.0,247.0
Смартфон Honor 90,2025-03-07,Казань,Honor,Электроника,8,32659.0,32659.0,0.0,438.0,4.2,399.0,2.0,ЗАО «Рожков-Кудрявцев»,False,False,4,3,1,18.0,29109.5,11.0,36545.0,24.0,39825.0,14.333333333333334,29097.833333333332,13.285714285714286,32386.928571428572,31025.0,247.0
Смартфон Honor 90,2025-03-07,Челябинск,Honor,Электроника,25,36782.0,36782.0,0.0,129.0,4.4,456.0,5.0,РАО «Павлова»,False,False,4,3,1,8.0,32659.0,17.0,25525.0,11.0,32850.0,17.0,32850.166666666664,15.285714285714286,32948.642857142855,25070.0,249.0
Смартфон Honor 90,2025-03-08,Екатеринбург,Honor,Электроника,45,38310.0,38310.0,0.0,503.0,4.3,233.0,5.0,ЗАО «Лыткин»,True,True,5,3,1,25.0,36782.0,18.0,29109.5,11.0,34525.0,26.0,35917.0,20.142857142857142,33489.357142857145,28965.0,216.0
Смартфон Honor 90,2025-03-08,Новосибирск,Honor,Электроника,99,29285.0,33780.0,12.0,287.0,4.6,573.0,3.5,Беляева Лимитед,True,True,5,3,1,45.0,38310.0,8.0,32659.0,17.0,35495.0,56.333333333333336,34792.333333333336,31.857142857142858,32602.214285714286,32395.0,126.0
Смартфон Honor 90,2025-03-08,Челябинск,Honor,Электроника,43,34689.0,34689.0,0.0,153.0,4.2,329.0,2.0,Макаров Лимитед,True,True,5,3,1,99.0,29285.0,25.0,36782.0,11.0,36545.0,62.333333333333336,34094.666666666664,36.42857142857143,32337.071428571428,36889.0,102.0
Смартфон Honor 90,2025-03-10,Екатеринбург,Honor,Электроника,18,37335.0,37335.0,0.0,255.0,4.2,300.0,5.0,Горбунова и партнеры,False,False,0,3,1,43.0,34689.0,45.0,38310.0,17.0,25525.0,53.333333333333336,33769.666666666664,36.57142857142857,34024.21428571428,34434.333333333336,127.0
Смартфон Honor 90,2025-03-10,Ростов-на-Дону,Honor,Электроника,9,28020.0,35475.0,21.0,284.0,4.6,598.0,2.0,Мессояханефтегаз,False,False,0,3,1,18.0,37335.0,99.0,29285.0,18.0,29109.5,23.333333333333332,33348.0,35.285714285714285,33868.57142857143,38610.0,136.0
Смартфон Honor 90,2025-03-11,Нижний Новгород,Honor,Электроника,8,31025.0,31025.0,0.0,16.0,4.6,648.0,2.0,АО «Самсонов Князева»,False,False,1,3,1,9.0,28020.0,43.0,34689.0,8.0,32659.0,11.666666666666666,32126.666666666668,35.285714285714285,33635.142857142855,27640.0,137.0
Смартфон Honor 90,2025-03-12,Москва,Honor,Электроника,27,25070.0,30580.0,18.0,133.0,4.5,420.0,3.0,Полякова Лимитед,False,False,2,3,1,8.0,31025.0,18.0,37335.0,25.0,36782.0,14.666666666666666,28038.333333333332,35.57142857142857,31962.0,20470.0,124.0
Смартфон Honor 90,2025-03-13,Ростов-на-Дону,Honor,Электроника,12,28965.0,36669.0,21.0,17.0,4.3,378.0,3.0,Тетра Пак (Tetra Pak),False,False,3,3,1,27.0,25070.0,9.0,28020.0,45.0,38310.0,15.666666666666666,28353.333333333332,30.857142857142858,30627.0,36170.0,125.0
Смартфон Honor 90,2025-03-13,Уфа,Honor,Электроника,9,32395.0,32395.0,0.0,288.0,4.4,516.0,3.0,Слата супермаркет,False,False,3,3,1,12.0,28965.0,8.0,31025.0,99.0,29285.0,16.0,28810.0,18.0,31071.285714285714,31370.0,142.0
Смартфон Honor 90,2025-03-14,Москва,Honor,Электроника,19,36889.0,36889.0,0.0,493.0,4.2,626.0,3.0,ИП «Максимова»,False,False,4,3,1,9.0,32395.0,27.0,25070.0,43.0,34689.0,13.333333333333334,32749.666666666668,14.571428571428571,31385.571428571428,30500.0,135.0
Смартфон Honor 90,2025-03-15,Екатеринбург,Honor,Электроника,43,34434.333333333336,37346.333333333336,7.666666666666667,267.6666666666667,4.433333333333334,476.0,2.0,ЗАО «Семенов»,True,False,5,3,1,19.0,36889.0,12.0,28965.0,18.0,37335.0,23.666666666666668,34572.77777777778,18.142857142857142,30971.190476190477,30219.0,107.0
Смартфон Honor 90,2025-03-15,Челябинск,Honor,Электроника,18,38610.0,38610.0,0.0,191.0,4.4,325.0,7.0,АО «Трофимова»,True,False,5,3,1,43.0,34434.333333333336,9.0,32395.0,9.0,28020.0,26.666666666666668,36644.444444444445,19.428571428571427,32484.047619047622,35900.0,99.0
Смартфон Honor 90,2025-03-18,Нижний Новгород,Honor,Электроника,9,27640.0,34130.0,19.0,177.0,4.3,240.0,5.0,АО «Артемьева Виноградов»,False,False,1,3,1,18.0,38610.0,19.0,36889.0,8.0,31025.0,23.333333333333332,33561.444444444445,19.571428571428573,32000.47619047619,35600.0,96.0
Смартфон Honor 90,2025-03-18,Санкт-Петербург,Honor,Электроника,14,20470.0,33560.0,39.0,503.0,4.4,435.0,3.0,"НПО «Моисеева, Ершов и Данилова»",False,False,1,3,1,9.0,27640.0,43.0,34434.333333333336,27.0,25070.0,13.666666666666666,28906.666666666668,17.714285714285715,31343.333333333336,30639.0,101.0
Смартфон Honor 90,2025-03-18,Челябинск,Honor,Электроника,13,36170.0,36170.0,0.0,482.0,4.5,233.0,7.0,Мартынова Лимитед,False,False,1,3,1,14.0,20470.0,18.0,38610.0,12.0,28965.0,12.0,28093.333333333332,17.857142857142858,32372.61904761905,35490.0,107.0
Смартфон Honor 90,2025-03-19,Москва,Honor,Электроника,26,31370.0,31370.0,0.0,338.0,4.7,262.0,2.0,"РАО «Галкина, Голубев и Хохлов»",False,False,2,3,1,13.0,36170.0,9.0,27640.0,9.0,32395.0,17.666666666666668,29336.666666666668,20.285714285714285,32226.190476190477,36759.0,110.0
Смартфон Realme GT Neo 5,2025-03-01,Москва,Realme,Электроника,23,22100.0,28719.0,23.0,329.0,4.2,508.0,5.0,НПО «Авдеев Андреева»,True,False,5,3,1,,,,,,,,,,,32700.0,125.0
Смартфон Realme GT Neo 5,2025-03-01,Челябинск,Realme,Электроника,18,33820.0,33820.0,0.0,245.0,4.5,283.0,5.0,"ООО «Андреева, Титова и Одинцова»",True,False,5,3,1,23.0,22100.0,,,,,,,,,26860.0,130.0
Смартфон Realme GT Neo 5,2025-03-02,Екатеринбург,Realme,Электроника,11,32000.0,32000.0,0.0,417.0,4.2,496.0,7.0,НМЖК,True,False,6,3,1,18.0,33820.0,,,,,17.333333333333332,29306.666666666668,,,26610.0,133.0
Смартфон Realme GT Neo 5,2025-03-02,Москва,Realme,Электроника,30,33480.0,33480.0,0.0,387.0,4.0,353.0,3.0,Зыкова и партнеры,True,False,6,3,1,11.0,32000.0,23.0,22100.0,,,19.666666666666668,33100.0,,,31830.0,113.0
Смартфон Realme GT Neo 5,2025-03-03,Санкт-Петербург,Realme,Электроника,23,30585.0,30585.0,0.0,206.0,4.1,556.0,2.0,ООО «Егорова Пестов»,False,False,0,3,1,30.0,33480.0,18.0,33820.0,,,21.333333333333332,32021.666666666668,,,30130.0,98.0
Смартфон Realme GT Neo 5,2025-03-04,Москва,Realme,Электроника,17,32120.0,32120.0,0.0,326.0,4.5,235.0,2.0,ЗАО «Афанасьев»,False,False,1,3,1,23.0,30585.0,11.0,32000.0,,,23.333333333333332,32061.666666666668,,,21537.0,104.0
Смартфон Realme GT Neo 5,2025-03-04,Новосибирск,Realme,Электроника,18,23260.0,31009.0,25.0,482.0,4.2,480.0,3.0,АО «Лапина Никифорова»,False,False,1,3,1,17.0,32120.0,30.0,33480.0,,,19.333333333333332,28655.0,20.0,29623.571428571428,21270.0,103.0
Смартфон Realme GT Neo 5,2025-03-04,Челябинск,Realme,Электроника,8,32700.0,32700.0,0.0,124.0,4.5,334.0,2.0,Горбунов и партнеры,False,False,1,3,1,18.0,23260.0,23.0,30585.0,23.0,22100.0,14.333333333333334,29360.0,17.857142857142858,31137.85714285714,29410.0,124.0
Смартфон Realme GT Neo 5,2025-03-05,Екатеринбург,Realme,Электроника,23,26860.0,32060.0,16.5,221.0,4.4,467.5,5.0,ОАО «Мельникова»,False,False,2,3,1,8.0,32700.0,17.0,32120.0,18.0,33820.0,16.333333333333332,27606.666666666668,18.571428571428573,30143.571428571428,32210.0,133.0
Смартфон Realme GT Neo 5,2025-03-05,Санкт-Петербург,Realme,Электроника,14,26610.0,26610.0,0.0,301.0,4.1,539.0,3.0,Григорьев Групп,False,False,2,3,1,23.0,26860.0,18.0,23260.0,11.0,32000.0,15.0,28723.333333333332,19.0,29373.571428571428,29280.0,124.0
Смартфон Realme GT Neo 5,2025-03-05,Уфа,Realme,Электроника,10,31830.0,31830.0,0.0,472.0,4.6,627.0,7.0,РАО «Кириллов»,False,False,2,3,1,14.0,26610.0,8.0,32700.0,30.0,33480.0,15.666666666666666,28433.333333333332,16.142857142857142,29137.85714285714,31565.0,127.0
Смартфон Realme GT Neo 5,2025-03-06,Екатеринбург,Realme,Электроника,8,30130.0,30130.0,0.0,210.0,4.4,268.0,2.0,"НПО «Марков, Максимова и Боброва»",False,False,3,3,1,10.0,31830.0,23.0,26860.0,23.0,30585.0,10.666666666666666,29523.333333333332,14.0,29072.85714285714,27788.5,174.0
Смартфон Realme GT Neo 5,2025-03-06,Нижний Новгород,Realme,Электроника,23,21537.0,27104.0,20.0,351.5,4.2,363.0,4.5,АО «Колесников-Иванов»,False,False,3,3,1,8.0,30130.0,14.0,26610.0,17.0,32120.0,13.666666666666666,27832.333333333332,14.857142857142858,27561.0,28875.0,163.0
Смартфон Realme GT Neo 5,2025-03-07,Новосибирск,Realme,Электроника,17,21270.0,31740.0,33.0,33.0,4.5,582.0,2.0,ЗАО «Субботина-Юдина»,False,False,4,3,1,23.0,21537.0,10.0,31830.0,18.0,23260.0,16.0,24312.333333333332,14.714285714285714,27276.714285714286,20090.0,154.0
Смартфон Realme GT Neo 5,2025-03-08,Нижний Новгород,Realme,Электроника,29,29410.0,29410.0,0.0,167.0,4.1,348.0,2.0,"ЗАО «Кузнецова, Наумов и Шарапова»",True,True,5,3,1,17.0,21270.0,8.0,30130.0,8.0,32700.0,23.0,24072.333333333332,17.714285714285715,26806.714285714286,29019.0,149.0
Смартфон Realme GT Neo 5,2025-03-08,Уфа,Realme,Электроника,32,32210.0,32210.0,0.0,490.0,4.1,437.0,3.0,ИП «Бобылева»,True,True,5,3,1,29.0,29410.0,23.0,21537.0,23.0,26860.0,26.0,27630.0,19.0,27571.0,26795.0,159.0
Смартфон Realme GT Neo 5,2025-03-10,Нижний Новгород,Realme,Электроника,5,29280.0,29280.0,0.0,262.0,4.1,585.0,5.0,ИП «Соколов-Николаева»,False,False,0,3,1,32.0,32210.0,17.0,21270.0,14.0,26610.0,22.0,30300.0,17.714285714285715,27952.428571428572,29520.0,169.0
Смартфон Realme GT Neo 5,2025-03-11,Казань,Realme,Электроника,13,31565.0,31565.0,0.0,70.0,4.4,636.0,5.0,ЗАО «Орлова»,False,False,1,3,1,5.0,29280.0,29.0,29410.0,10.0,31830.0,16.666666666666668,31018.333333333332,18.142857142857142,27914.571428571428,26517.0,182.0
Смартфон Realme GT Neo 5,2025-03-11,Санкт-Петербург,Realme,Электроника,55,27788.5,30278.0,8.0,307.0,4.375,356.25,3.25,ООО «Петухов-Егорова»,False,False,1,3,1,13.0,31565.0,32.0,32210.0,8.0,30130.0,24.333333333333332,29544.5,24.857142857142858,27580.071428571428,31204.5,147.0
Смартфон Realme GT Neo 5,2025-03-13,Ростов-на-Дону,Realme,Электроника,12,28875.0,28875.0,0.0,443.0,4.1,592.0,2.0,ОАО «Князев Горшкова»,False,False,3,3,1,55.0,27788.5,5.0,29280.0,23.0,21537.0,26.666666666666668,29409.5,23.285714285714285,28628.35714285714,29939.0,159.0
Смартфон Realme GT Neo 5,2025-03-14,Новосибирск,Realme,Электроника,8,20090.0,27160.0,26.0,299.0,4.1,438.0,3.0,ЗАО «Савин Мухина»,False,False,4,3,1,12.0,28875.0,13.0,31565.0,17.0,21270.0,25.0,25584.5,22.0,28459.785714285714,19960.0,169.0
Смартфон Realme GT Neo 5,2025-03-15,Москва,Realme,Электроника,24,29019.0,29019.0,0.0,344.0,4.1,319.0,3.0,"ООО «Дроздова, Кононов и Суханов»",True,False,5,3,1,8.0,20090.0,55.0,27788.5,29.0,29410.0,14.666666666666666,25994.666666666668,21.285714285714285,28403.928571428572,27639.0,153.0
Смартфон Realme GT Neo 5,2025-03-16,Казань,Realme,Электроника,42,26795.0,31995.0,16.5,471.0,4.5,458.0,5.0,АО «Давыдов Бобылев»,True,False,6,3,1,24.0,29019.0,12.0,28875.0,32.0,32210.0,24.666666666666668,25301.333333333332,22.714285714285715,27630.35714285714,31025.0,119.0
Смартфон Realme GT Neo 5,2025-03-16,Ростов-на-Дону,Realme,Электроника,15,29520.0,29520.0,0.0,349.0,4.3,222.0,1.0,Трофимова Лтд,True,False,6,3,1,42.0,26795.0,8.0,20090.0,5.0,29280.0,27.0,28444.666666666668,24.142857142857142,27664.64285714286,27410.0,110.0
Смартфон Realme GT Neo 5,2025-03-17,Нижний Новгород,Realme,Электроника,26,26517.0,30922.5,14.5,135.5,4.4,254.0,4.0,Зуева Групп,False,False,0,3,1,15.0,29520.0,24.0,29019.0,13.0,31565.0,27.666666666666668,27610.666666666668,26.0,26943.5,29560.0,95.0
Смартфон Realme GT Neo 5,2025-03-18,Казань,Realme,Электроника,20,31204.5,32015.0,2.5,415.5,4.15,376.5,2.5,"ЗАО «Третьяков, Кулагина и Якушев»",False,False,1,3,1,26.0,26517.0,42.0,26795.0,55.0,27788.5,20.333333333333332,29080.5,21.0,27431.5,31470.0,85.0
Смартфон Realme GT Neo 5,2025-03-18,Санкт-Петербург,Realme,Электроника,24,29939.0,29939.0,0.0,58.0,4.4,324.0,7.0,"ИП «Дьячкова, Антонова и Сафонов»",False,False,1,3,1,20.0,31204.5,15.0,29520.0,12.0,28875.0,23.333333333333332,29220.166666666668,22.714285714285715,27583.5,29090.0,88.0
Смартфон Realme GT Neo 5,2025-03-18,Уфа,Realme,Электроника,18,19960.0,30340.0,34.0,415.0,4.35,587.5,4.0,Метафракс,False,False,1,3,1,24.0,29939.0,26.0,26517.0,8.0,20090.0,20.666666666666668,27034.5,24.142857142857142,27564.928571428572,26020.0,89.0
Смартфон Realme GT Neo 5,2025-03-18,Челябинск,Realme,Электроника,8,27639.0,29409.0,6.0,21.0,4.2,249.0,3.0,Шилова и партнеры,False,False,1,3,1,18.0,19960.0,20.0,31204.5,24.0,29019.0,16.666666666666668,25846.0,21.857142857142858,27367.785714285714,20370.0,98.0
Смартфон Samsung Galaxy S23 Ultra,2025-03-01,Москва,Samsung,Электроника,45,42515.0,70870.0,40.0,448.0,4.7,378.0,2.0,Прогресс,True,False,5,3,1,,,,,,,,,,,76805.0,165.0
Смартфон Samsung Galaxy S23 Ultra,2025-03-01,Санкт-Петербург,Samsung,Электроника,66,64960.0,82692.5,20.5,435.0,4.85,510.0,2.5,Жданова Инк,True,False,5,3,1,45.0,42515.0,,,,,,,,,77750.0,108.0
Смартфон Samsung Galaxy S23 Ultra,2025-03-02,Казань,Samsung,Электроника,14,77320.0,77320.0,0.0,410.0,4.9,650.0,2.0,ООО «Федоров-Котова»,True,False,6,3,1,66.0,64960.0,,,,,41.666666666666664,61598.333333333336,,,72085.0,105.0
Смартфон Samsung Galaxy S23 Ultra,2025-03-03,Москва,Samsung,Электроника,24,71220.0,71220.0,0.0,348.0,5.0,409.0,2.0,ЗАО «Лукина-Кононов»,False,False,0,3,1,14.0,77320.0,45.0,42515.0,,,34.666666666666664,71166.66666666667,,,73259.0,96.0
Смартфон Samsung Galaxy S23 Ultra,2025-03-03,Ростов-на-Дону,Samsung,Электроника,11,72029.0,72029.0,0.0,198.0,5.0,543.0,3.0,Мосметрострой,False,False,0,3,1,24.0,71220.0,66.0,64960.0,,,16.333333333333332,73523.0,,,84195.0,133.0
Смартфон Samsung Galaxy S23 Ultra,2025-03-04,Екатеринбург,Samsung,Электроника,13,68859.0,68859.0,0.0,278.0,4.4,300.0,5.0,"ООО «Журавлев, Крылов и Алексеев»",False,False,1,3,1,11.0,72029.0,14.0,77320.0,,,16.0,70702.66666666667,,,83880.0,166.0
Смартфон Samsung Galaxy S23 Ultra,2025-03-05,Санкт-Петербург,Samsung,Электроника,14,86480.0,86480.0,0.0,513.0,4.6,368.0,2.0,"РАО «Фомин, Савельев и Ефремов»",False,False,2,3,1,13.0,68859.0,24.0,71220.0,,,12.666666666666666,75789.33333333333,26.714285714285715,69054.71428571429,40555.0,188.0
Смартфон Samsung Galaxy S23 Ultra,2025-03-06,Санкт-Петербург,Samsung,Электроника,23,76805.0,76805.0,0.0,421.0,4.8,342.0,7.0,Рено Россия (Renault),False,False,3,3,1,14.0,86480.0,11.0,72029.0,45.0,42515.0,16.666666666666668,77381.33333333333,23.571428571428573,73953.28571428571,80910.0,179.0
Смартфон Samsung Galaxy S23 Ultra,2025-03-07,Новосибирск,Samsung,Электроника,9,77750.0,77750.0,0.0,312.0,4.9,293.0,3.0,Кимберли-Кларк (Kimberly-Clark),False,False,4,3,1,23.0,76805.0,13.0,68859.0,66.0,64960.0,15.333333333333334,80345.0,15.428571428571429,75780.42857142857,89140.0,179.0
Смартфон Samsung Galaxy S23 Ultra,2025-03-07,Ростов-на-Дону,Samsung,Электроника,11,72085.0,72085.0,0.0,73.0,4.7,589.0,2.0,Кузьмина и партнеры,False,False,4,3,1,9.0,77750.0,14.0,86480.0,14.0,77320.0,14.333333333333334,75546.66666666667,15.0,75032.57142857143,79482.0,215.0
Смартфон Samsung Galaxy S23 Ultra,2025-03-07,Самара,Samsung,Электроника,15,73259.0,73259.0,0.0,196.0,4.9,267.0,2.0,ОАО «Коновалов»,False,False,4,3,1,11.0,72085.0,23.0,76805.0,24.0,71220.0,11.666666666666666,74364.66666666667,13.714285714285714,75323.85714285714,82660.0,217.0
Смартфон Samsung Galaxy S23 Ultra,2025-03-08,Екатеринбург,Samsung,Электроника,48,84195.0,84195.0,0.0,503.0,4.6,407.0,3.0,НПО «Сафонова»,True,True,5,3,1,15.0,73259.0,9.0,77750.0,11.0,72029.0,24.666666666666668,76513.0,19.0,77061.85714285714,61635.0,191.0
Смартфон Samsung Galaxy S23 Ultra,2025-03-08,Самара,Samsung,Электроника,46,83880.0,83880.0,0.0,495.0,5.0,347.0,5.0,ОАО «Павлов»,True,True,5,3,1,48.0,84195.0,11.0,72085.0,13.0,68859.0,36.333333333333336,80444.66666666667,23.714285714285715,79207.71428571429,77439.0,156.0
Смартфон Samsung Galaxy S23 Ultra,2025-03-09,Москва,Samsung,Электроника,36,40555.0,68745.0,41.0,265.0,4.6,674.0,3.0,Михайлова Инк,True,False,6,3,1,46.0,83880.0,15.0,73259.0,14.0,86480.0,43.333333333333336,69543.33333333333,26.857142857142858,72647.0,83355.0,137.0
Смартфон Samsung Galaxy S23 Ultra,2025-03-09,Нижний Новгород,Samsung,Электроника,14,80910.0,80910.0,0.0,309.0,5.0,677.0,3.0,ЗАО «Гуляева-Силин»,True,False,6,3,1,36.0,40555.0,48.0,84195.0,23.0,76805.0,32.0,68448.33333333333,25.571428571428573,73233.42857142857,79840.0,130.0
Смартфон Samsung Galaxy S23 Ultra,2025-03-09,Самара,Samsung,Электроника,9,89140.0,89140.0,0.0,34.0,4.6,663.0,3.0,ИП «Горшкова Селезнева»,True,False,6,3,1,14.0,80910.0,46.0,83880.0,9.0,77750.0,19.666666666666668,70201.66666666667,25.571428571428573,74860.57142857143,75209.0,133.0
Смартфон Samsung Galaxy S23 Ultra,2025-03-10,Москва,Samsung,Электроника,47,79482.0,79482.0,0.0,355.5,4.7,602.0,1.5,"ЗАО «Киселева, Рябов и Потапова»",False,False,0,3,1,9.0,89140.0,36.0,40555.0,11.0,72085.0,23.333333333333332,83177.33333333333,30.714285714285715,75917.28571428571,86075.0,94.0
Смартфон Samsung Galaxy S23 Ultra,2025-03-10,Новосибирск,Samsung,Электроника,17,82660.0,82660.0,0.0,346.0,4.4,526.0,3.0,ЗАО «Кузнецов Мясников»,False,False,0,3,1,47.0,79482.0,14.0,80910.0,15.0,73259.0,24.333333333333332,83760.66666666667,31.0,77260.28571428571,73960.0,86.0
Смартфон Samsung Galaxy S23 Ultra,2025-03-10,Санкт-Петербург,Samsung,Электроника,22,61635.0,79029.0,22.0,140.0,4.6,429.0,3.0,НПО «Сергеев-Овчинников»,False,False,0,3,1,17.0,82660.0,9.0,89140.0,48.0,84195.0,28.666666666666668,74592.33333333333,27.285714285714285,74037.42857142857,70749.0,81.0
Смартфон Samsung Galaxy S23 Ultra,2025-03-12,Казань,Samsung,Электроника,11,77439.0,77439.0,0.0,317.0,4.8,283.0,5.0,Шестакова Лтд,False,False,2,3,1,22.0,61635.0,47.0,79482.0,46.0,83880.0,16.666666666666668,73911.33333333333,22.285714285714285,73117.28571428571,83840.0,80.0
Смартфон Samsung Galaxy S23 Ultra,2025-03-12,Самара,Samsung,Электроника,17,83355.0,88790.0,6.0,251.0,4.800000000000001,549.5,2.5,Татэнергосбыт,False,False,2,3,1,11.0,77439.0,17.0,82660.0,36.0,40555.0,16.666666666666668,74143.0,19.571428571428573,79231.57142857143,89410.0,73.0
Смартфон Samsung Galaxy S23 Ultra,2025-03-13,Екатеринбург,Samsung,Электроника,7,79840.0,79840.0,0.0,335.0,5.0,457.0,5.0,НПО «Данилова»,False,False,3,3,1,17.0,83355.0,22.0,61635.0,14.0,80910.0,11.666666666666666,80211.33333333333,18.571428571428573,79078.71428571429,90990.0,85.0
Смартфон Samsung Galaxy S23 Ultra,2025-03-14,Нижний Новгород,Samsung,Электроника,12,75209.0,75209.0,0.0,16.0,4.6,640.0,3.0,"ООО «Меркушева, Комарова и Калинина»",False,False,4,3,1,7.0,79840.0,11.0,77439.0,9.0,89140.0,12.0,79468.0,19.0,77088.57142857143,91465.0,91.0
Смартфон Samsung Galaxy S23 Ultra,2025-03-14,Самара,Samsung,Электроника,8,86075.0,86075.0,0.0,250.0,4.8,301.0,2.0,АО «Богданова-Лаврентьева»,False,False,4,3,1,12.0,75209.0,17.0,83355.0,47.0,79482.0,9.0,80374.66666666667,13.428571428571429,78030.42857142857,71679.0,95.0
Смартфон Samsung Galaxy S23 Ultra,2025-03-15,Казань,Samsung,Электроника,9,73960.0,73960.0,0.0,398.0,5.0,608.0,2.0,"АО «Владимиров, Смирнова и Белозеров»",True,False,5,3,1,8.0,86075.0,7.0,79840.0,17.0,82660.0,9.666666666666666,78414.66666666667,12.285714285714286,76787.57142857143,71110.0,94.0
Смартфон Samsung Galaxy S23 Ultra,2025-03-15,Самара,Samsung,Электроника,17,70749.0,83239.0,15.0,324.0,4.6,390.0,3.0,Дьячкова Инк,True,False,5,3,1,9.0,73960.0,12.0,75209.0,22.0,61635.0,11.333333333333334,76928.0,11.571428571428571,78089.57142857143,86539.0,96.0
Смартфон Samsung Galaxy S23 Ultra,2025-03-16,Казань,Samsung,Электроника,10,83840.0,83840.0,0.0,360.0,4.5,482.0,5.0,АО «Хохлова Некрасов»,True,False,6,3,1,17.0,70749.0,8.0,86075.0,11.0,77439.0,12.0,76183.0,11.428571428571429,79004.0,88475.0,110.0
Смартфон Samsung Galaxy S23 Ultra,2025-03-17,Самара,Samsung,Электроника,10,89410.0,89410.0,0.0,184.0,4.8,380.0,3.0,РАО «Петухова»,False,False,0,3,1,10.0,83840.0,9.0,73960.0,17.0,83355.0,12.333333333333334,81333.0,10.428571428571429,79869.0,84100.0,126.0
Смартфон Samsung Galaxy S23 Ultra,2025-03-18,Москва,Samsung,Электроника,19,90990.0,90990.0,0.0,315.0,4.4,593.0,1.0,Порше Руссланд (Porsche),False,False,1,3,1,10.0,89410.0,17.0,70749.0,7.0,79840.0,13.0,88080.0,12.142857142857142,81461.85714285714,85549.0,119.0
Смартфон Samsung Galaxy S23 Ultra,2025-03-19,Новосибирск,Samsung,Электроника,18,91465.0,91465.0,0.0,273.0,4.8,262.0,2.0,"ООО «Воронцова, Фокин и Макаров»",False,False,2,3,1,19.0,90990.0,10.0,83840.0,12.0,75209.0,15.666666666666666,90621.66666666667,13.0,83784.14285714286,34875.0,124.0
Смартфон Samsung Galaxy S23 Ultra,2025-03-19,Самара,Samsung,Электроника,12,71679.0,71679.0,0.0,184.0,4.9,255.0,5.0,ООО «Князева»,False,False,2,3,1,18.0,91465.0,10.0,89410.0,8.0,86075.0,16.333333333333332,84711.33333333333,13.571428571428571,81727.57142857143,83875.0,128.0
Смартфон Xiaomi 14 Pro,2025-03-01,Екатеринбург,Xiaomi,Электроника,25,52054.5,54197.0,4.0,245.0,4.4,545.5,2.0,"НПО «Волкова, Никифоров и Исаков»",True,False,5,3,1,,,,,,,,,,,52920.0,84.0
Смартфон Xiaomi 14 Pro,2025-03-01,Самара,Xiaomi,Электроника,8,62005.0,62005.0,0.0,88.0,4.5,328.0,2.0,"ИП «Матвеев, Щукина и Щукина»",True,False,5,3,1,25.0,52054.5,,,,,,,,,55005.0,93.0
Смартфон Xiaomi 14 Pro,2025-03-02,Ростов-на-Дону,Xiaomi,Электроника,19,55359.0,66700.0,17.0,368.0,4.2,319.0,2.0,Зиновьева Инк,True,False,6,3,1,8.0,62005.0,,,,,17.333333333333332,56472.833333333336,,,60240.0,84.0
Смартфон Xiaomi 14 Pro,2025-03-03,Екатеринбург,Xiaomi,Электроника,9,64619.0,64619.0,0.0,97.0,4.8,609.0,7.0,ЕвроСибЭнерго,False,False,0,3,1,19.0,55359.0,25.0,52054.5,,,12.0,60661.0,,,59580.0,84.0
Смартфон Xiaomi 14 Pro,2025-03-03,Нижний Новгород,Xiaomi,Электроника,14,50875.0,59860.0,15.0,500.0,4.6,671.0,2.0,"ЗАО «Голубев, Евсеева и Владимиров»",False,False,0,3,1,9.0,64619.0,8.0,62005.0,,,14.0,56951.0,,,58009.0,102.0
Смартфон Xiaomi 14 Pro,2025-03-03,Новосибирск,Xiaomi,Электроника,7,65090.0,65090.0,0.0,490.0,4.4,400.0,7.0,НПО «Гуляева Семенова»,False,False,0,3,1,14.0,50875.0,19.0,55359.0,,,10.0,60194.666666666664,,,57240.0,120.0
Смартфон Xiaomi 14 Pro,2025-03-04,Москва,Xiaomi,Электроника,22,63770.0,63770.0,0.0,348.0,4.3,255.0,2.0,"НПО «Афанасьева, Константинова и Кудряшов»",False,False,1,3,1,7.0,65090.0,9.0,64619.0,,,14.333333333333334,59911.666666666664,14.857142857142858,59110.357142857145,54350.0,141.0
Смартфон Xiaomi 14 Pro,2025-03-04,Уфа,Xiaomi,Электроника,5,52920.0,52920.0,0.0,302.0,4.4,672.0,5.0,"ОАО «Осипов, Нестеров и Сафонов»",False,False,1,3,1,22.0,63770.0,14.0,50875.0,25.0,52054.5,11.333333333333334,60593.333333333336,12.0,59234.0,52995.0,171.0
Смартфон Xiaomi 14 Pro,2025-03-05,Москва,Xiaomi,Электроника,17,55005.0,55005.0,0.0,226.0,4.7,492.0,5.0,РАО «Тарасов»,False,False,2,3,1,5.0,52920.0,7.0,65090.0,8.0,62005.0,14.666666666666666,57231.666666666664,13.285714285714286,58234.0,61340.0,169.0
Смартфон Xiaomi 14 Pro,2025-03-05,Новосибирск,Xiaomi,Электроника,10,60240.0,60240.0,0.0,25.0,4.6,513.0,1.0,Матвеева Групп,False,False,2,3,1,17.0,55005.0,22.0,63770.0,19.0,55359.0,10.666666666666666,56055.0,12.0,58931.28571428572,57110.0,167.0
Смартфон Xiaomi 14 Pro,2025-03-06,Уфа,Xiaomi,Электроника,9,59580.0,59580.0,0.0,203.0,4.4,320.0,1.0,ОАО «Зимина-Петухов»,False,False,3,3,1,10.0,60240.0,5.0,52920.0,9.0,64619.0,12.0,58275.0,12.0,58211.42857142857,44430.0,169.0
Смартфон Xiaomi 14 Pro,2025-03-07,Москва,Xiaomi,Электроника,32,58009.0,58009.0,0.0,154.0,4.5,350.0,2.0,"АО «Смирнова, Зуева и Максимов»",False,False,4,3,1,9.0,59580.0,17.0,55005.0,14.0,50875.0,17.0,59276.333333333336,14.571428571428571,59230.57142857143,43710.0,141.0
Смартфон Xiaomi 14 Pro,2025-03-08,Екатеринбург,Xiaomi,Электроника,25,57240.0,57240.0,0.0,64.0,4.4,595.0,7.0,РусГидро,True,True,5,3,1,32.0,58009.0,10.0,60240.0,7.0,65090.0,22.0,58276.333333333336,17.142857142857142,58109.142857142855,54240.0,138.0
Смартфон Xiaomi 14 Pro,2025-03-08,Нижний Новгород,Xiaomi,Электроника,43,54350.0,54350.0,0.0,143.0,4.7,649.0,2.0,АСЦ-Холдинг,True,True,5,3,1,25.0,57240.0,9.0,59580.0,22.0,63770.0,33.333333333333336,56533.0,20.142857142857142,56763.42857142857,55310.0,104.0
Смартфон Xiaomi 14 Pro,2025-03-08,Новосибирск,Xiaomi,Электроника,35,52995.0,52995.0,0.0,473.0,4.3,656.0,2.0,ИП «Сазонова Белоусова»,True,True,5,3,1,43.0,54350.0,32.0,58009.0,5.0,52920.0,34.333333333333336,54861.666666666664,24.428571428571427,56774.142857142855,62059.0,98.0
Смартфон Xiaomi 14 Pro,2025-03-08,Уфа,Xiaomi,Электроника,15,61340.0,61340.0,0.0,469.0,4.3,255.0,2.0,ИП «Кононов-Гусева»,True,True,5,3,1,35.0,52995.0,25.0,57240.0,17.0,55005.0,31.0,56228.333333333336,24.142857142857142,57679.142857142855,58329.0,98.0
Смартфон Xiaomi 14 Pro,2025-03-09,Ростов-на-Дону,Xiaomi,Электроника,8,57110.0,57110.0,0.0,71.0,4.5,538.0,3.0,АО «Зыкова»,True,False,6,3,1,15.0,61340.0,43.0,54350.0,10.0,60240.0,19.333333333333332,57148.333333333336,23.857142857142858,57232.0,57329.0,99.0
Смартфон Xiaomi 14 Pro,2025-03-10,Екатеринбург,Xiaomi,Электроника,11,44430.0,63485.0,30.0,299.0,4.6,575.0,1.0,"ООО «Исаев, Гордеев и Сафонов»",False,False,0,3,1,8.0,57110.0,35.0,52995.0,9.0,59580.0,11.333333333333334,54293.333333333336,24.142857142857142,55067.71428571428,54129.0,94.0
Смартфон Xiaomi 14 Pro,2025-03-10,Ростов-на-Дону,Xiaomi,Электроника,4,43710.0,62455.0,30.0,223.0,4.5,364.0,2.0,НПО «Копылов Костина»,False,False,0,3,1,11.0,44430.0,15.0,61340.0,32.0,58009.0,7.666666666666667,48416.666666666664,20.142857142857142,53025.0,50590.0,101.0
Смартфон Xiaomi 14 Pro,2025-03-10,Санкт-Петербург,Xiaomi,Электроника,22,54240.0,62350.0,13.0,335.0,4.5,590.0,3.0,ОАО «Волков»,False,False,0,3,1,4.0,43710.0,8.0,57110.0,25.0,57240.0,12.333333333333334,47460.0,19.714285714285715,52596.42857142857,57489.0,89.0
Смартфон Xiaomi 14 Pro,2025-03-11,Нижний Новгород,Xiaomi,Электроника,9,55310.0,55310.0,0.0,195.0,4.5,435.0,3.0,"РАО «Владимирова, Орехов и Белякова»",False,False,1,3,1,22.0,54240.0,11.0,44430.0,43.0,54350.0,11.666666666666666,51086.666666666664,14.857142857142858,52733.57142857143,34950.0,90.0
Смартфон Xiaomi 14 Pro,2025-03-12,Москва,Xiaomi,Электроника,29,62059.0,62059.0,0.0,139.0,4.3,434.0,2.0,Никонова Лтд,False,False,2,3,1,9.0,55310.0,4.0,43710.0,35.0,52995.0,20.0,57203.0,14.0,54028.42857142857,53705.0,68.0
Смартфон Xiaomi 14 Pro,2025-03-12,Нижний Новгород,Xiaomi,Электроника,15,58329.0,58329.0,0.0,274.0,4.3,470.0,3.0,РАО «Елисеева»,False,False,2,3,1,29.0,62059.0,22.0,54240.0,15.0,61340.0,17.666666666666668,58566.0,14.0,53598.28571428572,46290.0,69.0
Смартфон Xiaomi 14 Pro,2025-03-12,Самара,Xiaomi,Электроника,9,57329.0,57329.0,0.0,456.0,4.6,423.0,7.0,"ЗАО «Баранова, Семенова и Журавлев»",False,False,2,3,1,15.0,58329.0,9.0,55310.0,8.0,57110.0,17.666666666666668,59239.0,14.142857142857142,53629.57142857143,43165.0,65.0
Смартфон Xiaomi 14 Pro,2025-03-12,Уфа,Xiaomi,Электроника,6,54129.0,54129.0,0.0,338.0,4.4,253.0,5.0,ЗАО «Гурьева»,False,False,2,3,1,9.0,57329.0,29.0,62059.0,11.0,44430.0,10.0,56595.666666666664,13.428571428571429,55015.142857142855,46265.0,75.0
Смартфон Xiaomi 14 Pro,2025-03-12,Челябинск,Xiaomi,Электроника,11,50590.0,53250.0,5.0,473.0,4.5,593.0,2.0,АО «Кабанов Сысоева»,False,False,2,3,1,6.0,54129.0,15.0,58329.0,4.0,43710.0,8.666666666666666,54016.0,14.428571428571429,55998.0,62329.0,85.0
Смартфон Xiaomi 14 Pro,2025-03-13,Екатеринбург,Xiaomi,Электроника,10,57489.0,57489.0,0.0,361.0,4.6,400.0,3.0,Бирюков Лтд,False,False,3,3,1,11.0,50590.0,9.0,57329.0,22.0,54240.0,9.0,54069.333333333336,12.714285714285714,56462.142857142855,64440.0,85.0
Смартфон Xiaomi 14 Pro,2025-03-13,Самара,Xiaomi,Электроника,10,34950.0,56380.0,38.0,143.0,4.2,525.0,5.0,ИП «Ефимов-Давыдов»,False,False,3,3,1,10.0,57489.0,6.0,54129.0,9.0,55310.0,10.333333333333334,47676.333333333336,12.857142857142858,53553.57142857143,52350.0,102.0
Смартфон Xiaomi 14 Pro,2025-03-13,Челябинск,Xiaomi,Электроника,7,53705.0,53705.0,0.0,385.0,4.3,226.0,5.0,Титов Лимитед,False,False,3,3,1,10.0,34950.0,11.0,50590.0,29.0,62059.0,9.0,48714.666666666664,9.714285714285714,52360.142857142855,62780.0,100.0
Смартфон Xiaomi 14 Pro,2025-03-14,Екатеринбург,Xiaomi,Электроника,16,46290.0,52605.0,12.0,158.0,4.7,437.0,5.0,ЗАО «Пестов»,False,False,4,3,1,7.0,53705.0,10.0,57489.0,15.0,58329.0,11.0,44981.666666666664,9.857142857142858,50640.28571428572,48260.0,103.0
Смартфон Xiaomi 14 Pro,2025-03-14,Ростов-на-Дону,Xiaomi,Электроника,5,43165.0,63480.0,32.0,80.0,4.5,280.0,2.0,"ЗАО «Бурова, Зыков и Овчинникова»",False,False,4,3,1,16.0,46290.0,10.0,34950.0,9.0,57329.0,9.333333333333334,47720.0,9.285714285714286,48616.857142857145,45055.0,114.0
Смартфон Xiaomi 14 Pro,2025-03-16,Казань,Xiaomi,Электроника,16,46265.0,66100.0,30.0,167.0,4.6,433.0,2.0,Громов и партнеры,True,False,6,3,1,5.0,43165.0,7.0,53705.0,6.0,54129.0,12.333333333333334,45240.0,10.714285714285714,47493.42857142857,52110.0,110.0
Смартфон Xiaomi 14 Pro,2025-03-16,Самара,Xiaomi,Электроника,21,62329.0,62329.0,0.0,179.0,4.4,469.0,2.0,ЗАО «Туров Кудряшов»,True,False,6,3,1,16.0,46265.0,16.0,46290.0,11.0,50590.0,14.0,50586.333333333336,12.142857142857142,49170.42857142857,39719.0,112.0
Смартфон Xiaomi 14 Pro,2025-03-17,Ростов-на-Дону,Xiaomi,Электроника,10,64440.0,64440.0,0.0,285.0,4.5,611.0,2.0,"ОАО «Шарапова, Макарова и Молчанова»",False,False,0,3,1,21.0,62329.0,5.0,43165.0,10.0,57489.0,15.666666666666666,57678.0,12.142857142857142,50163.42857142857,58445.0,107.0
Смартфон Xiaomi 14 Pro,2025-03-18,Самара,Xiaomi,Электроника,27,52350.0,60042.5,11.5,382.5,4.75,413.5,2.0,ЗАО «Матвеев»,False,False,1,3,1,10.0,64440.0,16.0,46265.0,10.0,34950.0,19.333333333333332,59706.333333333336,14.571428571428571,52649.142857142855,64909.0,94.0
Смартфон Xiaomi 14 Pro,2025-03-18,Челябинск,Xiaomi,Электроника,5,62780.0,62780.0,0.0,30.0,4.5,615.0,5.0,ИП «Ефремова-Гурьев»,False,False,1,3,1,27.0,52350.0,21.0,62329.0,7.0,53705.0,14.0,59856.666666666664,14.285714285714286,53945.57142857143,55470.0,99.0
Стиральная машина Bosch Serie 6 WLN,2025-03-01,Екатеринбург,Bosch,Бытовая техника,13,60665.0,60665.0,0.0,207.0,5.0,680.0,3.0,Фадеева Групп,True,False,5,3,1,,,,,,,,,,,51600.0,112.0
Стиральная машина Bosch Serie 6 WLN,2025-03-01,Казань,Bosch,Бытовая техника,9,47099.0,47099.0,0.0,447.0,5.0,346.0,1.0,Тимофеев Инкорпорэйтед,True,False,5,3,1,13.0,60665.0,,,,,,,,,48630.0,113.0
Стиральная машина Bosch Serie 6 WLN,2025-03-01,Санкт-Петербург,Bosch,Бытовая техника,26,52330.0,52330.0,0.0,178.0,5.0,678.0,2.0,РАО «Селезнев»,True,False,5,3,1,9.0,47099.0,,,,,16.0,53364.666666666664,,,57369.0,110.0
Стиральная машина Bosch Serie 6 WLN,2025-03-01,Уфа,Bosch,Бытовая техника,12,49200.0,49200.0,0.0,439.0,5.0,646.0,5.0,ИП «Савин Лапина»,True,False,5,3,1,26.0,52330.0,13.0,60665.0,,,15.666666666666666,49543.0,,,51163.333333333336,129.0
Стиральная машина Bosch Serie 6 WLN,2025-03-02,Самара,Bosch,Бытовая техника,16,26719.0,53450.0,50.0,175.0,4.9,311.0,2.0,Сибирская сервисная компания,True,False,6,3,1,12.0,49200.0,9.0,47099.0,,,18.0,42749.666666666664,,,52430.0,128.0
Стиральная машина Bosch Serie 6 WLN,2025-03-02,Санкт-Петербург,Bosch,Бытовая техника,14,51775.0,51775.0,0.0,326.0,5.0,295.0,2.0,РАО «Рябова»,True,False,6,3,1,16.0,26719.0,26.0,52330.0,,,14.0,42564.666666666664,,,47489.0,126.0
Стиральная машина Bosch Serie 6 WLN,2025-03-03,Казань,Bosch,Бытовая техника,9,54450.0,54450.0,0.0,118.0,5.0,638.0,7.0,РАО «Кудряшов-Белоусова»,False,False,0,3,1,14.0,51775.0,12.0,49200.0,,,13.0,44314.666666666664,14.142857142857142,48891.142857142855,37505.0,149.0
Стиральная машина Bosch Serie 6 WLN,2025-03-03,Санкт-Петербург,Bosch,Бытовая техника,26,51600.0,51600.0,0.0,129.0,4.9,406.0,5.0,"ЗАО «Маслов, Буров и Беляков»",False,False,0,3,1,9.0,54450.0,16.0,26719.0,13.0,60665.0,16.333333333333332,52608.333333333336,16.0,47596.142857142855,49529.0,129.0
Стиральная машина Bosch Serie 6 WLN,2025-03-04,Санкт-Петербург,Bosch,Бытовая техника,10,48630.0,48630.0,0.0,131.0,4.8,658.0,3.0,Мамонтов Инкорпорэйтед,False,False,1,3,1,26.0,51600.0,14.0,51775.0,9.0,47099.0,15.0,51560.0,16.142857142857142,47814.857142857145,38260.0,131.0
Стиральная машина Bosch Serie 6 WLN,2025-03-04,Челябинск,Bosch,Бытовая техника,23,57369.0,57369.0,0.0,174.0,4.8,314.5,2.5,ЗАО «Воронов Боброва»,False,False,1,3,1,10.0,48630.0,9.0,54450.0,26.0,52330.0,19.666666666666668,52533.0,15.714285714285714,48534.71428571428,47340.0,142.0
Стиральная машина Bosch Serie 6 WLN,2025-03-05,Казань,Bosch,Бытовая техника,31,51163.333333333336,51163.333333333336,0.0,333.6666666666667,4.833333333333333,522.6666666666666,4.666666666666667,НПО «Мартынова»,False,False,2,3,1,23.0,57369.0,26.0,51600.0,12.0,49200.0,21.333333333333332,52387.444444444445,18.428571428571427,48815.19047619047,33299.0,121.0
Стиральная машина Bosch Serie 6 WLN,2025-03-05,Новосибирск,Bosch,Бытовая техника,15,52430.0,52430.0,0.0,456.0,4.5,369.0,5.0,ООО «Данилов Смирнова»,False,False,2,3,1,31.0,51163.333333333336,10.0,48630.0,16.0,26719.0,23.0,53654.11111111112,18.285714285714285,52488.19047619047,51299.0,134.0
Стиральная машина Bosch Serie 6 WLN,2025-03-05,Челябинск,Bosch,Бытовая техника,12,47489.0,57909.0,18.0,223.0,4.6,636.0,2.0,ОАО «Селиверстов-Крюкова»,False,False,2,3,1,15.0,52430.0,23.0,57369.0,14.0,51775.0,19.333333333333332,50360.77777777778,18.0,51875.904761904756,62945.0,201.0
Стиральная машина Bosch Serie 6 WLN,2025-03-06,Новосибирск,Bosch,Бытовая техника,32,37505.0,47547.5,21.0,464.0,4.7,527.5,2.5,НПО «Шаров Владимирова»,False,False,3,3,1,12.0,47489.0,31.0,51163.333333333336,9.0,54450.0,19.666666666666668,45808.0,21.285714285714285,49455.19047619047,61845.0,193.0
Стиральная машина Bosch Serie 6 WLN,2025-03-06,Ростов-на-Дону,Bosch,Бытовая техника,6,49529.0,49529.0,0.0,54.0,4.8,350.0,2.0,НПО «Исаев Данилова»,False,False,3,3,1,32.0,37505.0,15.0,52430.0,26.0,51600.0,16.666666666666668,44841.0,18.428571428571427,49159.33333333333,61510.0,213.0
Стиральная машина Bosch Serie 6 WLN,2025-03-06,Челябинск,Bosch,Бытовая техника,12,38260.0,60729.0,37.0,125.0,4.8,656.0,2.0,"РАО «Филатова, Ефремова и Калашникова»",False,False,3,3,1,6.0,49529.0,12.0,47489.0,10.0,48630.0,16.666666666666668,41764.666666666664,18.714285714285715,47677.904761904756,56755.0,220.0
Стиральная машина Bosch Serie 6 WLN,2025-03-07,Екатеринбург,Bosch,Бытовая техника,34,47340.0,47340.0,0.0,356.0,4.9,509.0,2.5,Морозов Групп,False,False,4,3,1,12.0,38260.0,32.0,37505.0,23.0,57369.0,17.333333333333332,45043.0,20.285714285714285,46245.19047619047,58460.0,210.0
Стиральная машина Bosch Serie 6 WLN,2025-03-07,Казань,Bosch,Бытовая техника,10,33299.0,55505.0,40.0,453.0,4.5,617.0,2.0,ООО «Афанасьев-Медведев»,False,False,4,3,1,34.0,47340.0,6.0,49529.0,31.0,51163.333333333336,18.666666666666668,39633.0,17.285714285714285,43693.142857142855,48685.0,205.0
Стиральная машина Bosch Serie 6 WLN,2025-03-08,Самара,Bosch,Бытовая техника,28,51299.0,51299.0,0.0,265.0,5.0,661.0,2.0,ИП «Поляков Дроздов»,True,True,5,3,1,10.0,33299.0,12.0,38260.0,15.0,52430.0,24.0,43979.333333333336,19.142857142857142,43531.57142857143,30260.0,197.0
Стиральная машина Bosch Serie 6 WLN,2025-03-08,Санкт-Петербург,Bosch,Бытовая техника,79,62945.0,62945.0,0.0,278.0,4.8,547.0,2.0,Меркушева и партнеры,True,True,5,3,1,28.0,51299.0,34.0,47340.0,12.0,47489.0,39.0,49181.0,28.714285714285715,45739.57142857143,53950.0,126.0
Стиральная машина Bosch Serie 6 WLN,2025-03-09,Москва,Bosch,Бытовая техника,24,61845.0,61845.0,0.0,381.0,4.7,607.0,3.0,Лыткина Групп,True,False,6,3,1,79.0,62945.0,10.0,33299.0,32.0,37505.0,43.666666666666664,58696.333333333336,27.571428571428573,49216.71428571428,48870.0,106.0
Стиральная машина Bosch Serie 6 WLN,2025-03-09,Нижний Новгород,Bosch,Бытовая техника,26,61510.0,61510.0,0.0,95.0,4.7,637.0,2.0,РАО «Устинова-Сидоров»,True,False,6,3,1,24.0,61845.0,28.0,51299.0,6.0,49529.0,43.0,62100.0,30.428571428571427,50928.28571428572,51070.0,102.0
Стиральная машина Bosch Serie 6 WLN,2025-03-09,Уфа,Bosch,Бытовая техника,19,56755.0,56755.0,0.0,60.0,4.5,647.0,5.0,ОАО «Горшкова Жуков»,True,False,6,3,1,26.0,61510.0,79.0,62945.0,12.0,38260.0,23.0,60036.666666666664,31.428571428571427,53570.42857142857,53865.0,88.0
Стиральная машина Bosch Serie 6 WLN,2025-03-09,Челябинск,Bosch,Бытовая техника,24,58460.0,58460.0,0.0,72.0,4.9,681.0,1.0,ОАО «Зыков»,True,False,6,3,1,19.0,56755.0,24.0,61845.0,34.0,47340.0,23.0,58908.333333333336,30.0,55159.0,56550.0,77.0
Стиральная машина Bosch Serie 6 WLN,2025-03-10,Самара,Bosch,Бытовая техника,5,48685.0,48685.0,0.0,297.0,5.0,444.0,5.0,ИП «Смирнов-Мишина»,False,False,0,3,1,24.0,58460.0,26.0,61510.0,10.0,33299.0,16.0,54633.333333333336,29.285714285714285,57357.0,47620.0,91.0
Стиральная машина Bosch Serie 6 WLN,2025-03-11,Екатеринбург,Bosch,Бытовая техника,20,30260.0,58190.0,48.0,211.0,5.0,690.0,5.0,Волков Групп,False,False,1,3,1,5.0,48685.0,19.0,56755.0,28.0,51299.0,16.333333333333332,45801.666666666664,28.142857142857142,54351.42857142857,61459.0,80.0
Стиральная машина Bosch Serie 6 WLN,2025-03-12,Казань,Bosch,Бытовая техника,8,53950.0,53950.0,0.0,300.0,4.7,399.0,3.0,"ОАО «Лапина, Денисов и Кабанова»",False,False,2,3,1,20.0,30260.0,24.0,58460.0,79.0,62945.0,11.0,44298.333333333336,18.0,53066.42857142857,55145.0,85.0
Стиральная машина Bosch Serie 6 WLN,2025-03-12,Ростов-на-Дону,Bosch,Бытовая техника,4,48870.0,48870.0,0.0,266.0,5.0,702.0,1.0,Мособлгаз,False,False,2,3,1,8.0,53950.0,5.0,48685.0,24.0,61845.0,10.666666666666666,44360.0,15.142857142857142,51212.857142857145,53549.0,92.0
Стиральная машина Bosch Serie 6 WLN,2025-03-12,Санкт-Петербург,Bosch,Бытовая техника,22,51070.0,51070.0,0.0,385.0,4.5,369.0,2.0,ООО «Никитин»,False,False,2,3,1,4.0,48870.0,20.0,30260.0,26.0,61510.0,11.333333333333334,51296.666666666664,14.571428571428571,49721.42857142857,57880.0,89.0
Стиральная машина Bosch Serie 6 WLN,2025-03-12,Челябинск,Bosch,Бытовая техника,5,53865.0,53865.0,0.0,491.0,4.6,574.0,5.0,АО «Щербаков Быков»,False,False,2,3,1,22.0,51070.0,8.0,53950.0,19.0,56755.0,10.333333333333334,51268.333333333336,12.571428571428571,49308.57142857143,52130.0,94.0
Стиральная машина Bosch Serie 6 WLN,2025-03-13,Москва,Bosch,Бытовая техника,13,56550.0,56550.0,0.0,458.0,4.7,564.0,1.0,Ростех,False,False,3,3,1,5.0,53865.0,4.0,48870.0,24.0,58460.0,13.333333333333334,53828.333333333336,11.0,49035.71428571428,51819.0,129.0
Стиральная машина Bosch Serie 6 WLN,2025-03-13,Новосибирск,Bosch,Бытовая техника,19,47620.0,47620.0,0.0,466.0,4.5,291.0,3.0,"ООО «Петров, Андреева и Филатова»",False,False,3,3,1,13.0,56550.0,22.0,51070.0,5.0,48685.0,12.333333333333334,52678.333333333336,13.0,48883.57142857143,51690.0,128.0
Стиральная машина Bosch Serie 6 WLN,2025-03-13,Челябинск,Bosch,Бытовая техника,9,61459.0,61459.0,0.0,182.0,5.0,586.0,1.0,Горшков Инк,False,False,3,3,1,19.0,47620.0,5.0,53865.0,20.0,30260.0,13.666666666666666,55209.666666666664,11.428571428571429,53340.57142857143,62989.0,136.0
Стиральная машина Bosch Serie 6 WLN,2025-03-14,Казань,Bosch,Бытовая техника,13,55145.0,55145.0,0.0,358.0,5.0,536.0,1.0,Дон-Строй Инвест,False,False,4,3,1,9.0,61459.0,13.0,56550.0,8.0,53950.0,13.666666666666666,54741.333333333336,12.142857142857142,53511.28571428572,56839.5,212.0
Стиральная машина Bosch Serie 6 WLN,2025-03-14,Самара,Bosch,Бытовая техника,11,53549.0,53549.0,0.0,412.0,4.6,673.0,1.0,Мартынова Инк,False,False,4,3,1,13.0,55145.0,19.0,47620.0,4.0,48870.0,11.0,56717.666666666664,13.142857142857142,54179.71428571428,31669.0,217.0
Стиральная машина Bosch Serie 6 WLN,2025-03-14,Санкт-Петербург,Bosch,Бытовая техника,19,57880.0,57880.0,0.0,133.0,5.0,480.0,3.0,ИП «Лаврентьева-Агафонов»,False,False,4,3,1,11.0,53549.0,9.0,61459.0,22.0,51070.0,14.333333333333334,55524.666666666664,12.714285714285714,55152.57142857143,60405.0,216.0
Стиральная машина Bosch Serie 6 WLN,2025-03-15,Казань,Bosch,Бытовая техника,10,52130.0,52130.0,0.0,345.0,4.5,446.0,3.0,«Томскнефть» ВНК,True,False,5,3,1,19.0,57880.0,13.0,55145.0,5.0,53865.0,13.333333333333334,54519.666666666664,13.428571428571429,54904.71428571428,50229.0,226.0
Стиральная машина Bosch Serie 6 WLN,2025-03-15,Москва,Bosch,Бытовая техника,48,51819.0,60255.0,14.0,240.0,4.6,388.0,2.0,РАО «Киселева Овчинников»,True,False,5,3,1,10.0,52130.0,11.0,53549.0,13.0,56550.0,25.666666666666668,53943.0,18.428571428571427,54228.857142857145,61229.0,188.0
Стиральная машина Bosch Serie 6 WLN,2025-03-15,Самара,Bosch,Бытовая техника,18,51690.0,51690.0,0.0,71.0,4.5,530.0,7.0,РАО «Коновалов Мамонтов»,True,False,5,3,1,48.0,51819.0,19.0,57880.0,19.0,47620.0,25.333333333333332,51879.666666666664,18.285714285714285,54810.28571428572,61060.0,188.0
Стиральная машина Bosch Serie 6 WLN,2025-03-15,Санкт-Петербург,Bosch,Бытовая техника,17,62989.0,62989.0,0.0,332.0,4.8,323.0,5.0,"ИП «Зимина, Егорова и Костин»",True,False,5,3,1,18.0,51690.0,10.0,52130.0,9.0,61459.0,27.666666666666668,55499.333333333336,19.428571428571427,55028.857142857145,27740.0,190.0
Стиральная машина Bosch Serie 6 WLN,2025-03-16,Москва,Bosch,Бытовая техника,89,56839.5,56839.5,0.0,209.5,4.65,409.0,3.5,РАО «Козлов Панфилова»,True,False,6,3,1,17.0,62989.0,48.0,51819.0,13.0,55145.0,41.333333333333336,57172.833333333336,30.285714285714285,55270.92857142857,58945.0,111.0
Стиральная машина Bosch Serie 6 WLN,2025-03-16,Челябинск,Bosch,Бытовая техника,16,31669.0,54595.0,42.0,224.0,4.6,337.0,2.0,"НПО «Медведев, Ширяев и Фомина»",True,False,6,3,1,89.0,56839.5,18.0,51690.0,11.0,53549.0,40.666666666666664,50499.166666666664,31.0,52145.21428571428,55350.0,106.0
Стиральная машина Bosch Serie 6 WLN,2025-03-17,Новосибирск,Bosch,Бытовая техника,18,60405.0,60405.0,0.0,372.0,4.8,277.0,1.0,"ИП «Воробьева, Ларионова и Тарасова»",False,False,0,3,1,16.0,31669.0,17.0,62989.0,19.0,57880.0,41.0,49637.833333333336,30.857142857142858,52505.92857142857,52140.0,104.0
Стиральная машина Bosch Serie 6 WLN,2025-03-18,Екатеринбург,Bosch,Бытовая техника,20,50229.0,50229.0,0.0,282.0,5.0,539.0,7.0,ЗАО «Александрова»,False,False,1,3,1,18.0,60405.0,89.0,56839.5,10.0,52130.0,18.0,47434.333333333336,32.285714285714285,52234.357142857145,55650.0,109.0
Стиральная машина Bosch Serie 6 WLN,2025-03-18,Ростов-на-Дону,Bosch,Бытовая техника,10,61229.0,61229.0,0.0,201.0,4.9,598.0,2.0,НПО «Кондратьева-Лебедев»,False,False,1,3,1,20.0,50229.0,16.0,31669.0,48.0,51819.0,16.0,57287.666666666664,26.857142857142858,53578.642857142855,51020.0,124.0
Стиральная машина Bosch Serie 6 WLN,2025-03-19,Екатеринбург,Bosch,Бытовая техника,18,61060.0,61060.0,0.0,149.0,4.9,698.0,2.0,ЗАО «Сафонова-Колобова»,False,False,2,3,1,10.0,61229.0,18.0,60405.0,18.0,51690.0,16.0,57506.0,26.857142857142858,54917.21428571428,62910.0,116.0
Стиральная машина Bosch Serie 6 WLN,2025-03-19,Новосибирск,Bosch,Бытовая техника,19,27740.0,54405.0,49.0,500.0,5.0,421.0,2.0,НПО «Денисова»,False,False,2,3,1,18.0,61060.0,20.0,50229.0,17.0,62989.0,15.666666666666666,50009.666666666664,27.142857142857142,49881.642857142855,62920.0,122.0
Стиральная машина Bosch Serie 6 WLN,2025-03-19,Ростов-на-Дону,Bosch,Бытовая техника,10,58945.0,58945.0,0.0,331.0,4.7,257.0,2.0,ИП «Самсонов Меркушев»,False,False,2,3,1,19.0,27740.0,10.0,61229.0,89.0,56839.5,15.666666666666666,49248.333333333336,15.857142857142858,50182.42857142857,44170.0,126.0
Стиральная машина LG AI DD F4V5,2025-03-01,Москва,LG,Бытовая техника,23,44250.0,44250.0,0.0,500.0,4.9,537.0,1.0,Петрова Инкорпорэйтед,True,False,5,3,1,,,,,,,,,,,54995.0,101.0
Стиральная машина LG AI DD F4V5,2025-03-01,Уфа,LG,Бытовая техника,17,31990.0,48490.0,34.0,483.0,4.9,346.0,3.0,ИП «Меркушева Афанасьев»,True,False,5,3,1,23.0,44250.0,,,,,,,,,50020.0,138.0
Стиральная машина LG AI DD F4V5,2025-03-03,Екатеринбург,LG,Бытовая техника,14,50115.0,50115.0,0.0,442.0,5.0,539.0,3.0,Веселова Групп,False,False,0,3,1,17.0,31990.0,,,,,18.0,42118.333333333336,,,26815.0,133.0
Стиральная машина LG AI DD F4V5,2025-03-03,Нижний Новгород,LG,Бытовая техника,9,37100.0,50130.0,26.0,447.0,4.5,644.0,3.0,Саткинский чугуноплавильный завод,False,False,0,3,1,14.0,50115.0,23.0,44250.0,,,13.333333333333334,39735.0,,,47450.0,136.0
Стиральная машина LG AI DD F4V5,2025-03-03,Санкт-Петербург,LG,Бытовая техника,11,47075.0,47075.0,0.0,84.0,4.5,599.0,2.0,РАО «Симонова Пахомов»,False,False,0,3,1,9.0,37100.0,17.0,31990.0,,,11.333333333333334,44763.333333333336,,,54565.0,142.0
Стиральная машина LG AI DD F4V5,2025-03-03,Уфа,LG,Бытовая техника,5,54185.0,54185.0,0.0,205.0,4.6,276.0,2.0,Группа Газфонд,False,False,0,3,1,11.0,47075.0,14.0,50115.0,,,8.333333333333334,46120.0,,,48609.0,157.0
Стиральная машина LG AI DD F4V5,2025-03-04,Москва,LG,Бытовая техника,31,50425.0,50425.0,0.0,120.0,4.6,333.0,5.0,ОАО «Комарова»,False,False,1,3,1,5.0,54185.0,9.0,37100.0,,,15.666666666666666,50561.666666666664,15.714285714285714,45020.0,44560.0,144.0
Стиральная машина LG AI DD F4V5,2025-03-04,Самара,LG,Бытовая техника,14,54995.0,54995.0,0.0,344.0,5.0,452.0,7.0,Гордеев Лтд,False,False,1,3,1,31.0,50425.0,11.0,47075.0,23.0,44250.0,16.666666666666668,53201.666666666664,14.428571428571429,46555.0,50660.0,143.0
Стиральная машина LG AI DD F4V5,2025-03-05,Екатеринбург,LG,Бытовая техника,54,50020.0,50020.0,0.0,300.6666666666667,4.6000000000000005,470.6666666666667,4.333333333333333,Алексеева Инкорпорэйтед,False,False,2,3,1,14.0,54995.0,5.0,54185.0,17.0,31990.0,33.0,51813.333333333336,19.714285714285715,49130.71428571428,41800.0,104.0
Стиральная машина LG AI DD F4V5,2025-03-05,Казань,LG,Бытовая техника,9,26815.0,43259.0,38.0,253.0,4.9,321.0,5.0,"ОАО «Киселева, Беляева и Блохина»",False,False,2,3,1,54.0,50020.0,31.0,50425.0,14.0,50115.0,25.666666666666668,43943.333333333336,19.0,45802.142857142855,50270.0,121.0
Стиральная машина LG AI DD F4V5,2025-03-05,Нижний Новгород,LG,Бытовая техника,12,47450.0,47450.0,0.0,360.0,4.9,468.0,3.0,"ЗАО «Беляева, Кириллов и Исаков»",False,False,2,3,1,9.0,26815.0,14.0,54995.0,9.0,37100.0,25.0,41428.333333333336,19.428571428571427,47280.71428571428,56580.0,115.0
Стиральная машина LG AI DD F4V5,2025-03-05,Новосибирск,LG,Бытовая техника,17,54565.0,54565.0,0.0,307.0,4.5,256.0,2.0,ОАО «Рожкова Зуев»,False,False,2,3,1,12.0,47450.0,54.0,50020.0,11.0,47075.0,12.666666666666666,42943.333333333336,20.285714285714285,48350.71428571428,35629.0,141.0
Стиральная машина LG AI DD F4V5,2025-03-05,Санкт-Петербург,LG,Бытовая техника,20,48609.0,48609.0,0.0,209.0,4.5,350.0,3.0,ИП «Алексеева»,False,False,2,3,1,17.0,54565.0,9.0,26815.0,5.0,54185.0,16.333333333333332,50208.0,22.428571428571427,47554.142857142855,53130.0,132.0
Стиральная машина LG AI DD F4V5,2025-03-07,Екатеринбург,LG,Бытовая техника,18,44560.0,44560.0,0.0,231.0,5.0,404.0,3.0,ОАО «Рогов»,False,False,4,3,1,20.0,48609.0,12.0,47450.0,31.0,50425.0,18.333333333333332,49244.666666666664,20.571428571428573,46716.28571428572,45765.0,130.0
Стиральная машина LG AI DD F4V5,2025-03-07,Ростов-на-Дону,LG,Бытовая техника,13,50660.0,50660.0,0.0,92.0,4.6,417.0,5.0,АО «Быкова»,False,False,4,3,1,18.0,44560.0,17.0,54565.0,14.0,54995.0,17.0,47943.0,20.428571428571427,46097.0,42279.0,135.0
Стиральная машина LG AI DD F4V5,2025-03-07,Самара,LG,Бытовая техника,15,41800.0,49775.0,16.0,150.0,4.7,317.0,3.0,ОАО «Зыков Крылов»,False,False,4,3,1,13.0,50660.0,20.0,48609.0,54.0,50020.0,15.333333333333334,45673.333333333336,14.857142857142858,44922.71428571428,44880.0,141.0
Стиральная машина LG AI DD F4V5,2025-03-07,Санкт-Петербург,LG,Бытовая техника,26,50270.0,50270.0,0.0,456.0,4.4,307.0,3.0,ОАО «Пономарева Блохин»,False,False,4,3,1,15.0,41800.0,18.0,44560.0,9.0,26815.0,18.0,47576.666666666664,17.285714285714285,48273.42857142857,55819.0,126.0
Стиральная машина LG AI DD F4V5,2025-03-07,Уфа,LG,Бытовая техника,6,56580.0,56580.0,0.0,303.0,4.9,503.0,7.0,Дорофеева Инкорпорэйтед,False,False,4,3,1,26.0,50270.0,13.0,50660.0,12.0,47450.0,15.666666666666666,49550.0,16.428571428571427,49577.71428571428,52954.333333333336,174.0
Стиральная машина LG AI DD F4V5,2025-03-08,Екатеринбург,LG,Бытовая техника,43,35629.0,49490.0,28.0,148.0,5.0,449.0,7.0,"НПО «Сергеев, Белякова и Кузнецова»",True,True,5,3,1,6.0,56580.0,15.0,41800.0,17.0,54565.0,25.0,47493.0,20.142857142857142,46872.57142857143,47359.0,146.0
Стиральная машина LG AI DD F4V5,2025-03-09,Екатеринбург,LG,Бытовая техника,11,53130.0,53130.0,0.0,503.0,4.7,475.0,2.0,АО «Соколов Максимова»,True,False,6,3,1,43.0,35629.0,26.0,50270.0,20.0,48609.0,20.0,48446.333333333336,18.857142857142858,47518.42857142857,56100.0,156.0
Стиральная машина LG AI DD F4V5,2025-03-10,Новосибирск,LG,Бытовая техника,16,45765.0,45765.0,0.0,236.0,4.5,404.0,3.0,НПК Уралвагонзавод,False,False,0,3,1,11.0,53130.0,6.0,56580.0,18.0,44560.0,23.333333333333332,44841.333333333336,18.571428571428573,47690.57142857143,46779.5,169.0
Стиральная машина LG AI DD F4V5,2025-03-10,Санкт-Петербург,LG,Бытовая техника,18,42279.0,49165.0,14.0,154.0,4.5,448.0,3.0,ООО «Белозеров-Муравьев»,False,False,0,3,1,16.0,45765.0,43.0,35629.0,13.0,50660.0,15.0,47058.0,19.285714285714285,46493.28571428572,49240.0,172.0
Стиральная машина LG AI DD F4V5,2025-03-11,Санкт-Петербург,LG,Бытовая техника,21,44880.0,44880.0,0.0,296.0,4.9,657.0,5.0,"ИП «Казакова, Логинов и Кононова»",False,False,1,3,1,18.0,42279.0,11.0,53130.0,15.0,41800.0,18.333333333333332,44308.0,20.142857142857142,46933.28571428572,44449.0,161.0
Стиральная машина LG AI DD F4V5,2025-03-13,Казань,LG,Бытовая техника,11,55819.0,55819.0,0.0,24.0,4.7,369.0,5.0,ЕвроСибЭнерго,False,False,3,3,1,21.0,44880.0,16.0,45765.0,26.0,50270.0,16.666666666666668,47659.333333333336,18.0,47726.0,35660.0,193.0
Стиральная машина LG AI DD F4V5,2025-03-13,Москва,LG,Бытовая техника,54,52954.333333333336,52954.333333333336,0.0,301.6666666666667,4.5,465.3333333333333,5.0,НПО «Гордеева Ефремова»,False,False,3,3,1,11.0,55819.0,18.0,42279.0,6.0,56580.0,28.666666666666668,51217.77777777778,24.857142857142858,47208.04761904762,38000.0,159.0
Стиральная машина LG AI DD F4V5,2025-03-13,Санкт-Петербург,LG,Бытовая техника,15,47359.0,47359.0,0.0,199.0,4.6,445.0,2.0,ЗАО «Боброва-Фадеев»,False,False,3,3,1,54.0,52954.333333333336,21.0,44880.0,43.0,35629.0,26.666666666666668,52044.11111111112,20.857142857142858,48883.7619047619,52559.0,161.0
Стиральная машина LG AI DD F4V5,2025-03-14,Москва,LG,Бытовая техника,21,56100.0,56100.0,0.0,483.0,4.9,304.0,3.0,"ООО «Кузьмин, Селезнева и Туров»",False,False,4,3,1,15.0,47359.0,11.0,55819.0,11.0,53130.0,30.0,52137.77777777778,22.285714285714285,49308.04761904762,45170.0,171.0
Стиральная машина LG AI DD F4V5,2025-03-15,Екатеринбург,LG,Бытовая техника,29,46779.5,46779.5,0.0,229.5,4.75,286.0,5.0,НПО «Хохлова Мухин»,True,False,5,3,1,21.0,56100.0,54.0,52954.333333333336,16.0,45765.0,21.666666666666668,50079.5,24.142857142857142,49452.97619047619,47690.0,153.0
Стиральная машина LG AI DD F4V5,2025-03-15,Нижний Новгород,LG,Бытовая техника,21,49240.0,49240.0,0.0,384.0,4.6,378.0,2.0,РАО «Шестакова Блохина»,True,False,5,3,1,29.0,46779.5,15.0,47359.0,18.0,42279.0,23.666666666666668,50706.5,24.571428571428573,50447.404761904756,51480.0,145.0
Стиральная машина LG AI DD F4V5,2025-03-15,Ростов-на-Дону,LG,Бытовая техника,10,44449.0,44449.0,0.0,219.0,4.6,631.0,2.0,ИП «Лебедева»,True,False,5,3,1,21.0,49240.0,21.0,56100.0,21.0,44880.0,20.0,46822.833333333336,23.0,50385.83333333333,53990.0,144.0
Стиральная машина LG AI DD F4V5,2025-03-15,Санкт-Петербург,LG,Бытовая техника,43,35660.0,51669.5,32.0,262.5,4.5,440.0,4.0,ОАО «Блинова-Горбачев»,True,False,5,3,1,10.0,44449.0,29.0,46779.5,11.0,55819.0,24.666666666666668,43116.333333333336,27.571428571428573,47505.97619047619,45865.0,112.0
Стиральная машина LG AI DD F4V5,2025-03-16,Казань,LG,Бытовая техника,20,38000.0,48719.0,22.0,150.0,4.9,441.0,3.0,ЗАО «Тарасова»,True,False,6,3,1,43.0,35660.0,21.0,49240.0,54.0,52954.333333333336,24.333333333333332,39369.666666666664,22.714285714285715,45369.642857142855,54279.0,113.0
Стиральная машина LG AI DD F4V5,2025-03-16,Санкт-Петербург,LG,Бытовая техника,17,52559.0,52559.0,0.0,125.0,4.9,269.0,2.0,Комиссаров Лтд,True,False,6,3,1,20.0,38000.0,10.0,44449.0,15.0,47359.0,26.666666666666668,42073.0,23.0,46112.5,31015.0,111.0
Стиральная машина LG AI DD F4V5,2025-03-17,Москва,LG,Бытовая техника,31,45170.0,47549.0,5.0,49.0,4.5,275.0,2.0,Металлсервис,False,False,0,3,1,17.0,52559.0,43.0,35660.0,21.0,56100.0,22.666666666666668,45243.0,24.428571428571427,44551.07142857143,48935.0,90.0
Стиральная машина LG AI DD F4V5,2025-03-17,Самара,LG,Бытовая техника,11,47690.0,47690.0,0.0,230.0,4.9,285.0,3.0,ЗАО «Киселева-Тихонова»,False,False,0,3,1,31.0,45170.0,20.0,38000.0,29.0,46779.5,19.666666666666668,48473.0,21.857142857142858,44681.142857142855,56080.0,89.0
Стиральная машина LG AI DD F4V5,2025-03-17,Челябинск,LG,Бытовая техника,13,51480.0,51480.0,0.0,376.0,4.9,354.0,2.0,АО «Королева Мамонтов»,False,False,0,3,1,11.0,47690.0,17.0,52559.0,21.0,49240.0,18.333333333333332,48113.333333333336,20.714285714285715,45001.142857142855,43485.0,80.0
Стиральная машина LG AI DD F4V5,2025-03-19,Екатеринбург,LG,Бытовая техника,9,53990.0,53990.0,0.0,340.0,4.9,311.0,2.0,ЭС,False,False,2,3,1,13.0,51480.0,31.0,45170.0,10.0,44449.0,11.0,51053.333333333336,20.571428571428573,46364.142857142855,25039.0,86.0
Стиральная машина LG AI DD F4V5,2025-03-19,Уфа,LG,Бытовая техника,11,45865.0,45865.0,0.0,71.0,5.0,639.0,3.0,ОАО «Данилов Анисимова»,False,False,2,3,1,9.0,53990.0,11.0,47690.0,43.0,35660.0,11.0,50445.0,16.0,47822.0,45549.0,81.0
Стиральная машина Samsung EcoBubble WW90,2025-03-01,Москва,Samsung,Бытовая техника,48,57860.0,57860.0,0.0,328.0,4.6,276.0,1.0,Национальная нерудная компания,True,False,5,3,1,,,,,,,,,,,65979.0,129.0
Стиральная машина Samsung EcoBubble WW90,2025-03-01,Самара,Samsung,Бытовая техника,8,29520.0,57905.0,49.0,242.0,4.7,432.0,7.0,Нефтепродукттрейд,True,False,5,3,1,48.0,57860.0,,,,,,,,,45800.0,138.0
Стиральная машина Samsung EcoBubble WW90,2025-03-01,Челябинск,Samsung,Бытовая техника,12,51420.0,51420.0,0.0,352.0,4.4,278.0,5.0,"ИП «Карпова, Ситникова и Моисеева»",True,False,5,3,1,8.0,29520.0,,,,,22.666666666666668,46266.666666666664,,,37465.0,139.0
Стиральная машина Samsung EcoBubble WW90,2025-03-02,Екатеринбург,Samsung,Бытовая техника,15,52990.0,52990.0,0.0,446.0,4.9,353.0,2.0,Компания Адамас,True,False,6,3,1,12.0,51420.0,48.0,57860.0,,,11.666666666666666,44643.333333333336,,,58175.0,136.0
Стиральная машина Samsung EcoBubble WW90,2025-03-02,Москва,Samsung,Бытовая техника,43,56142.5,60440.0,7.0,142.5,4.5,332.0,4.0,"ОАО «Семенов, Панфилова и Князева»",True,False,6,3,1,15.0,52990.0,8.0,29520.0,,,23.333333333333332,53517.5,,,51989.0,120.0
Стиральная машина Samsung EcoBubble WW90,2025-03-02,Самара,Samsung,Бытовая техника,16,52175.0,52175.0,0.0,451.0,4.4,319.0,2.0,"ООО «Казакова, Тарасов и Кабанов»",True,False,6,3,1,43.0,56142.5,12.0,51420.0,,,24.666666666666668,53769.166666666664,,,43950.0,113.0
Стиральная машина Samsung EcoBubble WW90,2025-03-03,Москва,Samsung,Бытовая техника,19,63220.0,63220.0,0.0,456.0,4.4,384.0,2.0,ООО «Гордеева-Рогов»,False,False,0,3,1,16.0,52175.0,15.0,52990.0,,,26.0,57179.166666666664,23.0,51903.92857142857,52260.0,101.0
Стиральная машина Samsung EcoBubble WW90,2025-03-03,Новосибирск,Samsung,Бытовая техника,16,65979.0,65979.0,0.0,19.0,4.5,386.0,3.0,"НПО «Фомина, Королева и Медведев»",False,False,0,3,1,19.0,63220.0,43.0,56142.5,48.0,57860.0,17.0,60458.0,18.428571428571427,53063.78571428572,63980.0,97.0
Стиральная машина Samsung EcoBubble WW90,2025-03-04,Екатеринбург,Samsung,Бытовая техника,17,45800.0,62750.0,27.0,113.0,4.9,291.0,7.0,Свеза,False,False,1,3,1,16.0,65979.0,16.0,52175.0,8.0,29520.0,17.333333333333332,58333.0,19.714285714285715,55389.5,55752.25,144.0
Стиральная машина Samsung EcoBubble WW90,2025-03-04,Нижний Новгород,Samsung,Бытовая техника,13,37465.0,54300.0,31.0,134.0,4.8,546.0,2.0,Лаборатория Касперского,False,False,1,3,1,17.0,45800.0,19.0,63220.0,12.0,51420.0,15.333333333333334,49748.0,19.857142857142858,53395.92857142857,65680.0,143.0
Стиральная машина Samsung EcoBubble WW90,2025-03-04,Ростов-на-Дону,Samsung,Бытовая техника,12,58175.0,58175.0,0.0,97.0,4.6,429.0,2.0,Алтайвагон,False,False,1,3,1,13.0,37465.0,16.0,65979.0,15.0,52990.0,14.0,47146.666666666664,19.428571428571427,54136.642857142855,67130.0,156.0
Стиральная машина Samsung EcoBubble WW90,2025-03-05,Санкт-Петербург,Samsung,Бытовая техника,27,51989.0,51989.0,0.0,179.0,4.9,298.0,5.0,ЗАО «Сергеева Овчинников»,False,False,2,3,1,12.0,58175.0,17.0,45800.0,43.0,56142.5,17.333333333333332,49209.666666666664,17.142857142857142,53543.28571428572,39185.0,210.0
Стиральная машина Samsung EcoBubble WW90,2025-03-05,Уфа,Samsung,Бытовая техника,9,43950.0,66600.0,34.0,301.0,4.6,468.0,5.0,ООО «Никонова»,False,False,2,3,1,27.0,51989.0,13.0,37465.0,16.0,52175.0,16.0,51371.333333333336,16.142857142857142,52368.28571428572,65185.0,232.0
Стиральная машина Samsung EcoBubble WW90,2025-03-06,Екатеринбург,Samsung,Бытовая техника,7,52260.0,52260.0,0.0,87.0,4.7,354.0,3.0,Группа ЭПМ,False,False,3,3,1,9.0,43950.0,12.0,58175.0,19.0,63220.0,14.333333333333334,49399.666666666664,14.428571428571429,50802.57142857143,51920.0,269.0
Стиральная машина Samsung EcoBubble WW90,2025-03-06,Челябинск,Samsung,Бытовая техника,12,63980.0,63980.0,0.0,223.0,4.5,233.0,3.0,"НПО «Денисова, Вишняков и Кузнецов»",False,False,3,3,1,7.0,52260.0,27.0,51989.0,16.0,65979.0,9.333333333333334,53396.666666666664,13.857142857142858,50517.0,56230.0,270.0
Стиральная машина Samsung EcoBubble WW90,2025-03-07,Москва,Samsung,Бытовая техника,64,55752.25,61867.0,10.5,338.5,4.55,417.5,3.75,ИП «Тарасова Шубина»,False,False,4,3,1,12.0,63980.0,9.0,43950.0,17.0,45800.0,27.666666666666668,57330.75,20.571428571428573,51938.75,45865.0,229.0
Стиральная машина Samsung EcoBubble WW90,2025-03-07,Санкт-Петербург,Samsung,Бытовая техника,12,65680.0,65680.0,0.0,131.0,4.5,648.0,2.0,Петрова Групп,False,False,4,3,1,64.0,55752.25,7.0,52260.0,13.0,37465.0,29.333333333333332,61804.083333333336,20.428571428571427,55969.46428571428,47890.0,228.0
Стиральная машина Samsung EcoBubble WW90,2025-03-08,Новосибирск,Samsung,Бытовая техника,25,67130.0,67130.0,0.0,287.0,4.9,463.0,5.0,НПО «Кудряшов Баранов»,True,True,5,3,1,12.0,65680.0,12.0,63980.0,12.0,58175.0,33.666666666666664,62854.083333333336,22.285714285714285,57248.75,39459.0,224.0
Стиральная машина Samsung EcoBubble WW90,2025-03-08,Санкт-Петербург,Samsung,Бытовая техника,81,39185.0,53685.0,27.0,35.0,4.4,521.0,3.0,ОАО «Тихонова»,True,True,5,3,1,25.0,67130.0,64.0,55752.25,27.0,51989.0,39.333333333333336,57331.666666666664,30.0,55419.607142857145,60380.0,156.0
Стиральная машина Samsung EcoBubble WW90,2025-03-08,Челябинск,Samsung,Бытовая техника,31,65185.0,65185.0,0.0,348.0,4.9,574.0,7.0,Гугл (Google),True,True,5,3,1,81.0,39185.0,12.0,65680.0,9.0,43950.0,45.666666666666664,57166.666666666664,33.142857142857146,58453.17857142857,42500.0,143.0
Стиральная машина Samsung EcoBubble WW90,2025-03-09,Москва,Samsung,Бытовая техника,44,51920.0,68320.0,24.0,115.0,4.5,504.0,3.0,"АО «Буров, Аксенов и Воробьев»",True,False,6,3,1,31.0,65185.0,25.0,67130.0,7.0,52260.0,52.0,52096.666666666664,38.42857142857143,58404.607142857145,36145.0,114.0
Стиральная машина Samsung EcoBubble WW90,2025-03-09,Самара,Samsung,Бытовая техника,13,56230.0,56230.0,0.0,138.0,4.4,644.0,3.0,ООО «Мясникова Соколов»,True,False,6,3,1,44.0,51920.0,81.0,39185.0,12.0,63980.0,29.333333333333332,57778.333333333336,38.57142857142857,57297.46428571428,64909.0,108.0
Стиральная машина Samsung EcoBubble WW90,2025-03-09,Санкт-Петербург,Samsung,Бытовая техника,23,45865.0,53339.0,14.0,217.0,4.8,648.0,7.0,Горбунов Инк,True,False,6,3,1,13.0,56230.0,31.0,65185.0,64.0,55752.25,26.666666666666668,51338.333333333336,32.714285714285715,55885.0,43560.0,96.0
Стиральная машина Samsung EcoBubble WW90,2025-03-10,Казань,Samsung,Бытовая техника,11,47890.0,62205.0,23.0,438.0,4.4,516.0,7.0,ИП «Владимирова Авдеева»,False,False,0,3,1,23.0,45865.0,44.0,51920.0,12.0,65680.0,15.666666666666666,49995.0,32.57142857142857,53343.57142857143,52450.0,101.0
Стиральная машина Samsung EcoBubble WW90,2025-03-10,Москва,Samsung,Бытовая техника,21,39459.0,63649.0,38.0,465.0,4.5,356.0,7.0,ТЦ Кунцево Лимитед,False,False,0,3,1,11.0,47890.0,13.0,56230.0,25.0,67130.0,18.333333333333332,44404.666666666664,32.0,49390.57142857143,40509.0,88.0
Стиральная машина Samsung EcoBubble WW90,2025-03-10,Нижний Новгород,Samsung,Бытовая техника,13,60380.0,60380.0,0.0,443.0,4.7,421.0,2.0,"РАО «Аксенов, Ширяев и Белозеров»",False,False,0,3,1,21.0,39459.0,23.0,45865.0,81.0,39185.0,15.0,49243.0,22.285714285714285,52418.42857142857,67555.0,99.0
Стиральная машина Samsung EcoBubble WW90,2025-03-10,Новосибирск,Samsung,Бытовая техника,18,42500.0,51840.0,18.0,410.0,4.3,661.0,3.0,Emex,False,False,0,3,1,13.0,60380.0,11.0,47890.0,31.0,65185.0,17.333333333333332,47446.333333333336,20.428571428571427,49177.71428571428,60899.0,87.0
Стиральная машина Samsung EcoBubble WW90,2025-03-10,Самара,Samsung,Бытовая техника,15,36145.0,68200.0,47.0,297.0,4.4,320.0,2.0,ООО «Абрамова Корнилова»,False,False,0,3,1,18.0,42500.0,21.0,39459.0,44.0,51920.0,15.333333333333334,46341.666666666664,16.285714285714285,46924.142857142855,53715.0,85.0
Стиральная машина Samsung EcoBubble WW90,2025-03-11,Самара,Samsung,Бытовая техника,7,64909.0,64909.0,0.0,253.0,4.7,365.0,3.0,ИП «Устинова»,False,False,1,3,1,15.0,36145.0,13.0,60380.0,13.0,56230.0,13.333333333333334,47851.333333333336,15.428571428571429,48164.0,56200.0,84.0
Стиральная машина Samsung EcoBubble WW90,2025-03-12,Казань,Samsung,Бытовая техника,11,43560.0,54465.0,20.0,426.0,4.7,593.0,5.0,ЗАО «Сазонова»,False,False,2,3,1,7.0,64909.0,18.0,42500.0,23.0,45865.0,11.0,48204.666666666664,13.714285714285714,47834.71428571428,63440.0,94.0
Стиральная машина Samsung EcoBubble WW90,2025-03-12,Нижний Новгород,Samsung,Бытовая техника,16,52450.0,52450.0,0.0,243.0,4.8,297.0,5.0,ООО «Бобров-Колесникова»,False,False,2,3,1,11.0,43560.0,15.0,36145.0,11.0,47890.0,11.333333333333334,53639.666666666664,14.428571428571429,48486.142857142855,27160.0,104.0
Стиральная машина Samsung EcoBubble WW90,2025-03-12,Самара,Samsung,Бытовая техника,8,40509.0,63300.0,36.0,377.0,4.3,253.0,1.0,РАО «Гусева Денисов»,False,False,2,3,1,16.0,52450.0,7.0,64909.0,21.0,39459.0,11.666666666666666,45506.333333333336,12.571428571428571,48636.142857142855,68355.0,115.0
Стиральная машина Samsung EcoBubble WW90,2025-03-12,Санкт-Петербург,Samsung,Бытовая техника,24,67555.0,67555.0,0.0,35.0,4.5,376.0,5.0,Ферронордик машины (Ferronordic),False,False,2,3,1,8.0,40509.0,11.0,43560.0,13.0,60380.0,16.0,53504.666666666664,14.142857142857142,49661.142857142855,62647.0,117.0
Стиральная машина Samsung EcoBubble WW90,2025-03-12,Уфа,Samsung,Бытовая техника,6,60899.0,60899.0,0.0,14.0,4.8,470.0,5.0,АО «Мельников»,False,False,2,3,1,24.0,67555.0,16.0,52450.0,18.0,42500.0,12.666666666666666,56321.0,12.428571428571429,52289.57142857143,48160.0,138.0
Стиральная машина Samsung EcoBubble WW90,2025-03-12,Челябинск,Samsung,Бытовая техника,13,53715.0,53715.0,0.0,289.0,4.7,474.0,7.0,ООО «Шестакова Кабанов»,False,False,2,3,1,6.0,60899.0,8.0,40509.0,15.0,36145.0,14.333333333333334,60723.0,12.142857142857142,54799.57142857143,62320.0,146.0
Стиральная машина Samsung EcoBubble WW90,2025-03-13,Екатеринбург,Samsung,Бытовая техника,6,56200.0,56200.0,0.0,452.0,4.8,377.0,3.0,АО «Чернов»,False,False,3,3,1,13.0,53715.0,24.0,67555.0,7.0,64909.0,8.333333333333334,56938.0,12.0,53555.42857142857,54380.0,149.0
Стиральная машина Samsung EcoBubble WW90,2025-03-13,Москва,Samsung,Бытовая техника,21,63440.0,63440.0,0.0,134.0,4.7,421.0,2.0,"ИП «Комиссаров, Яковлева и Павлов»",False,False,3,3,1,6.0,56200.0,6.0,60899.0,11.0,43560.0,13.333333333333334,57785.0,13.428571428571429,56395.42857142857,58615.0,157.0
Стиральная машина Samsung EcoBubble WW90,2025-03-13,Санкт-Петербург,Samsung,Бытовая техника,26,27160.0,54340.0,50.0,366.0,4.7,678.0,1.0,Степанова Групп,False,False,3,3,1,21.0,63440.0,13.0,53715.0,16.0,52450.0,17.666666666666668,48933.333333333336,14.857142857142858,52782.57142857143,54455.0,142.0
Стиральная машина Samsung EcoBubble WW90,2025-03-14,Екатеринбург,Samsung,Бытовая техника,19,68355.0,68355.0,0.0,279.0,4.4,326.0,2.0,"ОАО «Данилов, Мартынова и Князев»",False,False,4,3,1,26.0,27160.0,6.0,56200.0,8.0,40509.0,22.0,52985.0,16.428571428571427,56760.57142857143,64409.0,138.0
Стиральная машина Samsung EcoBubble WW90,2025-03-15,Екатеринбург,Samsung,Бытовая техника,26,62647.0,62647.0,0.0,214.5,4.75,496.5,5.0,ООО «Петрова»,True,False,5,3,1,19.0,68355.0,21.0,63440.0,24.0,67555.0,23.666666666666668,52720.666666666664,16.714285714285715,56059.42857142857,58729.0,121.0
Стиральная машина Samsung EcoBubble WW90,2025-03-15,Новосибирск,Samsung,Бытовая техника,27,48160.0,63385.0,24.0,94.0,4.8,486.0,3.0,ООО «Максимов Михайлова»,True,False,5,3,1,26.0,62647.0,26.0,27160.0,6.0,60899.0,24.0,59720.666666666664,19.714285714285715,54239.57142857143,54175.0,119.0
Стиральная машина Samsung EcoBubble WW90,2025-03-15,Санкт-Петербург,Samsung,Бытовая техника,21,62320.0,62320.0,0.0,336.0,4.9,295.0,2.0,Селезнев Инкорпорэйтед,True,False,5,3,1,27.0,48160.0,19.0,68355.0,13.0,53715.0,24.666666666666668,57709.0,20.857142857142858,55468.857142857145,61685.0,127.0
Стиральная машина Samsung EcoBubble WW90,2025-03-15,Уфа,Samsung,Бытовая техника,9,54380.0,54380.0,0.0,23.0,4.9,312.0,2.0,ОАО «Пономарева-Алексеева»,True,False,5,3,1,21.0,62320.0,26.0,62647.0,6.0,56200.0,19.0,54953.333333333336,21.285714285714285,55208.857142857145,27149.0,126.0
Стиральная машина Samsung EcoBubble WW90,2025-03-16,Новосибирск,Samsung,Бытовая техника,29,58615.0,64419.0,9.0,129.0,4.7,648.0,3.0,РАО «Гусев»,True,False,6,3,1,9.0,54380.0,27.0,48160.0,21.0,63440.0,19.666666666666668,58438.333333333336,22.428571428571427,54519.57142857143,55829.0,117.0
Стиральная машина Samsung EcoBubble WW90,2025-03-17,Новосибирск,Samsung,Бытовая техника,11,54455.0,54455.0,0.0,226.0,4.7,263.0,3.0,ЗАО «Некрасов»,False,False,0,3,1,29.0,58615.0,21.0,62320.0,26.0,27160.0,16.333333333333332,55816.666666666664,20.285714285714285,58418.857142857145,52745.0,117.0
Стиральная машина Samsung EcoBubble WW90,2025-03-18,Санкт-Петербург,Samsung,Бытовая техника,15,64409.0,64409.0,0.0,502.0,4.9,285.0,1.0,Мосводоканал,False,False,1,3,1,11.0,54455.0,9.0,54380.0,19.0,68355.0,18.333333333333332,59159.666666666664,19.714285714285715,57855.142857142855,46074.5,138.0
Стиральная машина Samsung EcoBubble WW90,2025-03-19,Казань,Samsung,Бытовая техника,9,58729.0,58729.0,0.0,222.0,4.6,524.0,2.0,ОАО «Попов-Воронов»,False,False,2,3,1,15.0,64409.0,29.0,58615.0,26.0,62647.0,11.666666666666666,59197.666666666664,17.285714285714285,57295.42857142857,63469.0,159.0
Умные часы Apple Watch Series 9,2025-03-01,Нижний Новгород,Apple,Электроника,13,40409.0,40409.0,0.0,488.0,4.8,470.0,2.0,ИП «Дроздова»,True,False,5,3,1,,,,,,,,,,,40670.0,221.0
Умные часы Apple Watch Series 9,2025-03-01,Самара,Apple,Электроника,24,37235.0,37235.0,0.0,78.0,5.0,664.0,5.0,"РАО «Уваров, Гришин и Бобров»",True,False,5,3,1,13.0,40409.0,,,,,,,,,38275.0,223.0
Умные часы Apple Watch Series 9,2025-03-02,Москва,Apple,Электроника,78,34134.5,36712.0,7.0,283.5,4.75,600.0,3.0,Боэс Констракшн (Boes Construction),True,False,6,3,1,24.0,37235.0,,,,,38.333333333333336,37259.5,,,41410.0,152.0
Умные часы Apple Watch Series 9,2025-03-02,Ростов-на-Дону,Apple,Электроника,15,23230.0,40059.0,42.0,177.0,5.0,400.0,7.0,"РАО «Большаков, Денисова и Беляева»",True,False,6,3,1,78.0,34134.5,13.0,40409.0,,,39.0,31533.166666666668,,,40607.5,167.0
Умные часы Apple Watch Series 9,2025-03-03,Санкт-Петербург,Apple,Электроника,24,45950.0,45950.0,0.0,337.0,4.5,677.0,3.0,Тарасова Инк,False,False,0,3,1,15.0,23230.0,24.0,37235.0,,,39.0,34438.166666666664,,,45169.0,162.0
Умные часы Apple Watch Series 9,2025-03-03,Уфа,Apple,Электроника,9,31570.0,42670.0,26.0,217.0,4.7,260.0,3.0,НПО «Куликова Потапова»,False,False,0,3,1,24.0,45950.0,78.0,34134.5,,,16.0,33583.333333333336,,,35445.0,186.0
Умные часы Apple Watch Series 9,2025-03-04,Москва,Apple,Электроника,61,39674.5,39674.5,0.0,122.0,4.8,431.5,3.0,Романова и партнеры,False,False,1,3,1,9.0,31570.0,15.0,23230.0,,,31.333333333333332,39064.833333333336,32.0,36029.0,38159.5,308.0
Умные часы Apple Watch Series 9,2025-03-04,Уфа,Apple,Электроника,10,40670.0,40670.0,0.0,123.0,4.7,538.0,3.0,ЗАО «Рыбакова Чернова»,False,False,1,3,1,61.0,39674.5,24.0,45950.0,13.0,40409.0,26.666666666666668,37304.833333333336,31.571428571428573,36066.28571428572,45380.0,327.0
Умные часы Apple Watch Series 9,2025-03-05,Москва,Apple,Электроника,26,38275.0,43505.0,12.0,69.0,4.7,466.0,3.0,Цветкова Инкорпорэйтед,False,False,2,3,1,10.0,40670.0,9.0,31570.0,24.0,37235.0,32.333333333333336,39539.833333333336,31.857142857142858,36214.857142857145,45680.0,347.0
Умные часы Apple Watch Series 9,2025-03-05,Самара,Apple,Электроника,7,41410.0,41410.0,0.0,167.0,5.0,480.0,2.0,ООО «Блохина Тарасов»,False,False,2,3,1,26.0,38275.0,61.0,39674.5,78.0,34134.5,14.333333333333334,40118.333333333336,21.714285714285715,37254.21428571428,36315.0,375.0
Умные часы Apple Watch Series 9,2025-03-05,Санкт-Петербург,Apple,Электроника,30,40607.5,40607.5,0.0,280.0,4.75,566.0,1.5,ООО «Титов Фролов»,False,False,2,3,1,7.0,41410.0,10.0,40670.0,15.0,23230.0,21.0,40097.5,23.857142857142858,39736.71428571428,35709.0,356.0
Умные часы Apple Watch Series 9,2025-03-06,Санкт-Петербург,Apple,Электроника,19,45169.0,45169.0,0.0,458.0,4.8,409.0,7.0,ЗАО «Назарова»,False,False,3,3,1,30.0,40607.5,26.0,38275.0,24.0,45950.0,18.666666666666668,42395.5,23.142857142857142,39625.142857142855,18010.0,353.0
Умные часы Apple Watch Series 9,2025-03-07,Москва,Apple,Электроника,33,35445.0,35445.0,0.0,254.5,4.75,552.5,2.0,ОАО «Стрелкова-Носкова»,False,False,4,3,1,19.0,45169.0,7.0,41410.0,9.0,31570.0,27.333333333333332,40407.166666666664,26.571428571428573,40178.71428571428,43975.0,342.0
Умные часы Apple Watch Series 9,2025-03-08,Москва,Apple,Электроника,183,38159.5,38159.5,0.0,119.5,4.8,478.5,4.0,"ООО «Нестерова, Константинов и Аксенова»",True,True,5,3,1,33.0,35445.0,30.0,40607.5,61.0,39674.5,78.33333333333333,39591.166666666664,44.0,39962.28571428572,43290.0,170.0
Умные часы Apple Watch Series 9,2025-03-08,Ростов-на-Дону,Apple,Электроника,29,45380.0,45380.0,0.0,369.0,4.8,508.0,7.0,ИП «Чернова Журавлев»,True,True,5,3,1,183.0,38159.5,19.0,45169.0,10.0,40670.0,81.66666666666667,39661.5,46.714285714285715,40635.142857142855,42340.0,151.0
Умные часы Apple Watch Series 9,2025-03-08,Самара,Apple,Электроника,46,45680.0,45680.0,0.0,289.0,4.7,712.0,2.0,ООО «Горшкова Васильева»,True,True,5,3,1,29.0,45380.0,33.0,35445.0,26.0,38275.0,86.0,43073.166666666664,49.57142857142857,41693.0,37665.0,159.0
Умные часы Apple Watch Series 9,2025-03-08,Уфа,Apple,Электроника,35,36315.0,36315.0,0.0,346.0,4.8,488.0,2.0,"ЗАО «Цветкова, Маслова и Корнилов»",True,True,5,3,1,46.0,45680.0,183.0,38159.5,7.0,41410.0,36.666666666666664,42458.333333333336,53.57142857142857,40965.142857142855,36525.0,139.0
Умные часы Apple Watch Series 9,2025-03-09,Нижний Новгород,Apple,Электроника,11,35709.0,35709.0,0.0,296.0,4.6,619.0,3.0,ООО «Шубин»,True,False,6,3,1,35.0,36315.0,29.0,45380.0,30.0,40607.5,30.666666666666668,39234.666666666664,50.857142857142854,40265.357142857145,39202.0,170.0
Умные часы Apple Watch Series 9,2025-03-09,Уфа,Apple,Электроника,16,18010.0,34659.0,48.0,483.0,4.7,630.0,5.0,"РАО «Зиновьева, Баранов и Горшкова»",True,False,6,3,1,11.0,35709.0,46.0,45680.0,19.0,45169.0,20.666666666666668,30011.333333333332,50.42857142857143,36385.5,42275.0,165.0
Умные часы Apple Watch Series 9,2025-03-10,Москва,Apple,Электроника,22,43975.0,43975.0,0.0,75.0,5.0,624.0,7.0,РАО «Ефремов-Федосеева»,False,False,0,3,1,16.0,18010.0,35.0,36315.0,33.0,35445.0,16.333333333333332,32564.666666666668,48.857142857142854,37604.07142857143,43315.0,152.0
Умные часы Apple Watch Series 9,2025-03-10,Самара,Apple,Электроника,11,43290.0,43290.0,0.0,142.0,4.7,527.0,2.0,АО «Дьячков-Селезнева»,False,False,0,3,1,22.0,43975.0,11.0,35709.0,183.0,38159.5,16.333333333333332,35091.666666666664,24.285714285714285,38337.0,38990.0,180.0
Умные часы Apple Watch Series 9,2025-03-10,Санкт-Петербург,Apple,Электроника,10,42340.0,42340.0,0.0,232.0,5.0,544.0,2.0,"ЗАО «Игнатова, Савина и Логинова»",False,False,0,3,1,11.0,43290.0,16.0,18010.0,29.0,45380.0,14.333333333333334,43201.666666666664,21.571428571428573,37902.71428571428,41810.0,204.0
Умные часы Apple Watch Series 9,2025-03-11,Москва,Apple,Электроника,54,37665.0,37665.0,0.0,335.5,4.75,569.0,3.5,РАО «Васильев-Большаков»,False,False,1,3,1,10.0,42340.0,22.0,43975.0,46.0,45680.0,25.0,41098.333333333336,22.714285714285715,36757.71428571428,43305.0,157.0
Умные часы Apple Watch Series 9,2025-03-12,Екатеринбург,Apple,Электроника,15,36525.0,36525.0,0.0,202.0,4.9,498.0,7.0,НПО «Александров»,False,False,2,3,1,54.0,37665.0,11.0,43290.0,35.0,36315.0,26.333333333333332,38843.333333333336,19.857142857142858,36787.71428571428,39439.0,148.0
Умные часы Apple Watch Series 9,2025-03-12,Москва,Apple,Электроника,42,39202.0,39202.0,0.0,287.0,4.6,642.0,2.5,ООО «Лукина-Сазонова»,False,False,2,3,1,15.0,36525.0,10.0,42340.0,11.0,35709.0,37.0,37797.333333333336,24.285714285714285,37286.71428571428,38959.0,113.0
Умные часы Apple Watch Series 9,2025-03-12,Нижний Новгород,Apple,Электроника,11,42275.0,42275.0,0.0,172.0,4.7,539.0,5.0,Сысоев Инкорпорэйтед,False,False,2,3,1,42.0,39202.0,54.0,37665.0,16.0,18010.0,22.666666666666668,39334.0,23.571428571428573,40753.142857142855,36079.0,111.0
Умные часы Apple Watch Series 9,2025-03-12,Ростов-на-Дону,Apple,Электроника,9,43315.0,43315.0,0.0,113.0,4.8,250.0,3.0,Веселова и партнеры,False,False,2,3,1,11.0,42275.0,15.0,36525.0,22.0,43975.0,20.666666666666668,41597.333333333336,21.714285714285715,40658.857142857145,38140.0,141.0
Умные часы Apple Watch Series 9,2025-03-12,Санкт-Петербург,Apple,Электроника,39,38990.0,38990.0,0.0,245.0,4.85,486.5,4.0,ООО «Тимофеева-Большаков»,False,False,2,3,1,9.0,43315.0,42.0,39202.0,11.0,43290.0,19.666666666666668,41526.666666666664,25.714285714285715,40044.57142857143,44680.0,116.0
Умные часы Apple Watch Series 9,2025-03-13,Москва,Apple,Электроника,34,41810.0,41810.0,0.0,474.0,4.5,298.0,5.0,ЗАО «Сергеев»,False,False,3,3,1,39.0,38990.0,11.0,42275.0,10.0,42340.0,27.333333333333332,41371.666666666664,29.142857142857142,39968.857142857145,34075.0,110.0
Умные часы Apple Watch Series 9,2025-03-14,Нижний Новгород,Apple,Электроника,7,43305.0,43305.0,0.0,207.0,5.0,654.0,3.0,КДВ Групп,False,False,4,3,1,34.0,41810.0,9.0,43315.0,54.0,37665.0,26.666666666666668,41368.333333333336,22.428571428571427,40774.57142857143,34735.0,113.0
Умные часы Apple Watch Series 9,2025-03-14,Ростов-на-Дону,Apple,Электроника,6,39439.0,39439.0,0.0,404.0,4.6,483.0,2.0,Мазда Мотор Рус (Mazda),False,False,4,3,1,7.0,43305.0,39.0,38990.0,15.0,36525.0,15.666666666666666,41518.0,21.142857142857142,41190.857142857145,43975.0,117.0
Умные часы Apple Watch Series 9,2025-03-14,Самара,Apple,Электроника,7,38959.0,38959.0,0.0,381.0,4.5,420.0,2.0,ОАО «Овчинникова-Кузнецов»,False,False,4,3,1,6.0,39439.0,34.0,41810.0,42.0,39202.0,6.666666666666667,40567.666666666664,16.142857142857142,41156.142857142855,39769.0,118.0
Умные часы Apple Watch Series 9,2025-03-15,Ростов-на-Дону,Apple,Электроника,9,36079.0,36079.0,0.0,29.0,4.8,310.0,2.0,Тетерина и партнеры,True,False,5,3,1,7.0,38959.0,7.0,43305.0,11.0,42275.0,7.333333333333333,38159.0,15.857142857142858,40271.0,43750.0,120.0
Умные часы Apple Watch Series 9,2025-03-16,Санкт-Петербург,Apple,Электроника,39,38140.0,38140.0,0.0,101.0,5.0,262.0,5.0,ИП «Исаева-Некрасова»,True,False,6,3,1,9.0,36079.0,6.0,39439.0,9.0,43315.0,18.333333333333332,37726.0,20.142857142857142,39531.71428571428,40929.0,110.0
Умные часы Apple Watch Series 9,2025-03-16,Уфа,Apple,Электроника,14,44680.0,44680.0,0.0,53.0,4.8,575.0,1.0,ЗАО «Ковалев-Кондратьев»,True,False,6,3,1,39.0,38140.0,7.0,38959.0,39.0,38990.0,20.666666666666668,39633.0,16.571428571428573,40344.57142857143,22689.0,105.0
Умные часы Apple Watch Series 9,2025-03-17,Москва,Apple,Электроника,28,34075.0,34075.0,0.0,53.0,4.5,302.0,3.0,Казакова Инкорпорэйтед,False,False,0,3,1,14.0,44680.0,9.0,36079.0,34.0,41810.0,27.0,38965.0,15.714285714285714,39239.57142857143,45475.0,91.0
Умные часы Apple Watch Series 9,2025-03-17,Нижний Новгород,Apple,Электроника,10,34735.0,34735.0,0.0,437.0,4.7,278.0,5.0,Мострансавто,False,False,0,3,1,28.0,34075.0,39.0,38140.0,7.0,43305.0,17.333333333333332,37830.0,16.142857142857142,38015.28571428572,36239.0,88.0
Умные часы Apple Watch Series 9,2025-03-17,Самара,Apple,Электроника,10,43975.0,43975.0,0.0,166.0,5.0,475.0,2.0,Смирнов Лтд,False,False,0,3,1,10.0,34735.0,14.0,44680.0,6.0,39439.0,16.0,37595.0,16.714285714285715,38663.28571428572,35339.0,89.0
Умные часы Apple Watch Series 9,2025-03-17,Уфа,Apple,Электроника,8,39769.0,39769.0,0.0,116.0,4.8,578.0,2.0,РАО «Герасимов»,False,False,0,3,1,10.0,43975.0,28.0,34075.0,7.0,38959.0,9.333333333333334,39493.0,16.857142857142858,38779.0,34675.0,108.0
Умные часы Apple Watch Series 9,2025-03-18,Екатеринбург,Apple,Электроника,11,43750.0,43750.0,0.0,442.0,4.7,492.0,1.0,Данилов Групп,False,False,1,3,1,8.0,39769.0,10.0,34735.0,9.0,36079.0,9.666666666666666,42498.0,17.142857142857142,39874.857142857145,43619.0,110.0
Умные часы Apple Watch Series 9,2025-03-18,Москва,Apple,Электроника,29,40929.0,40929.0,0.0,192.0,4.9,313.0,5.0,Титова Инкорпорэйтед,False,False,1,3,1,11.0,43750.0,10.0,43975.0,39.0,38140.0,16.0,41482.666666666664,15.714285714285714,40273.28571428572,43169.0,97.0
Умные часы Apple Watch Series 9,2025-03-18,Новосибирск,Apple,Электроника,9,22689.0,42810.0,47.0,427.0,4.8,327.0,2.0,ИП «Суворов Кудряшова»,False,False,1,3,1,29.0,40929.0,8.0,39769.0,14.0,44680.0,16.333333333333332,35789.333333333336,15.0,37131.71428571428,36210.0,105.0
Умные часы Apple Watch Series 9,2025-03-18,Самара,Apple,Электроника,14,45475.0,45475.0,0.0,510.0,4.6,314.0,5.0,"ОАО «Коновалов, Ефремова и Михайлов»",False,False,1,3,1,9.0,22689.0,11.0,43750.0,28.0,34075.0,17.333333333333332,36364.333333333336,13.0,38760.28571428572,35439.0,125.0
Умные часы Apple Watch Series 9,2025-03-18,Челябинск,Apple,Электроника,7,36239.0,36239.0,0.0,430.0,5.0,408.0,3.0,ООО «Муравьев-Мясникова»,False,False,1,3,1,14.0,45475.0,29.0,40929.0,10.0,34735.0,10.0,34801.0,12.571428571428571,38975.142857142855,38187.0,142.0
Умные часы Apple Watch Series 9,2025-03-19,Санкт-Петербург,Apple,Электроника,11,35339.0,35339.0,0.0,427.0,4.9,570.0,7.0,"АО «Бобров, Сафонова и Блинов»",False,False,2,3,1,7.0,36239.0,9.0,22689.0,10.0,43975.0,10.666666666666666,39017.666666666664,12.714285714285714,37741.42857142857,45520.0,141.0
Умные часы Samsung Galaxy Watch 6,2025-03-01,Екатеринбург,Samsung,Электроника,16,26839.0,26839.0,0.0,149.0,4.6,281.0,2.0,"ЗАО «Гришин, Аксенова и Ковалева»",True,False,5,3,1,,,,,,,,,,,28370.0,123.0
Умные часы Samsung Galaxy Watch 6,2025-03-01,Нижний Новгород,Samsung,Электроника,12,18399.0,28749.0,36.0,471.0,4.7,342.0,2.0,DDS,True,False,5,3,1,16.0,26839.0,,,,,,,,,30390.0,124.0
Умные часы Samsung Galaxy Watch 6,2025-03-01,Челябинск,Samsung,Электроника,20,30210.0,30210.0,0.0,483.0,4.7,604.0,3.0,Якушева Лимитед,True,False,5,3,1,12.0,18399.0,,,,,16.0,25149.333333333332,,,19290.0,113.0
Умные часы Samsung Galaxy Watch 6,2025-03-02,Казань,Samsung,Электроника,18,28269.0,28269.0,0.0,215.0,4.5,692.0,1.0,"ЗАО «Журавлев, Копылова и Сергеев»",True,False,6,3,1,20.0,30210.0,16.0,26839.0,,,16.666666666666668,25626.0,,,33130.0,107.0
Умные часы Samsung Galaxy Watch 6,2025-03-02,Новосибирск,Samsung,Электроника,14,22055.0,29030.0,24.0,497.0,4.7,304.0,3.0,ЗАО «Федотов»,True,False,6,3,1,18.0,28269.0,12.0,18399.0,,,17.333333333333332,26844.666666666668,,,34260.0,126.0
Умные часы Samsung Galaxy Watch 6,2025-03-02,Санкт-Петербург,Samsung,Электроника,39,25880.0,25880.0,0.0,189.0,4.7,655.0,7.0,ООО «Поляков»,True,False,6,3,1,14.0,22055.0,20.0,30210.0,,,23.666666666666668,25401.333333333332,,,26189.0,101.0
Умные часы Samsung Galaxy Watch 6,2025-03-03,Самара,Samsung,Электроника,12,30185.0,30185.0,0.0,69.0,4.6,634.0,5.0,Белова Инк,False,False,0,3,1,39.0,25880.0,18.0,28269.0,,,21.666666666666668,26040.0,18.714285714285715,25976.714285714286,27190.0,96.0
Умные часы Samsung Galaxy Watch 6,2025-03-03,Челябинск,Samsung,Электроника,8,28370.0,28370.0,0.0,506.0,4.8,696.0,3.0,Росбанк (Societe General),False,False,0,3,1,12.0,30185.0,14.0,22055.0,16.0,26839.0,19.666666666666668,28145.0,17.571428571428573,26195.428571428572,30000.0,97.0
Умные часы Samsung Galaxy Watch 6,2025-03-04,Санкт-Петербург,Samsung,Электроника,13,30390.0,30390.0,0.0,464.0,4.7,606.0,7.0,ЗАО «Тимофеева»,False,False,1,3,1,8.0,28370.0,39.0,25880.0,12.0,18399.0,11.0,29648.333333333332,17.714285714285715,27908.428571428572,33640.0,98.0
Умные часы Samsung Galaxy Watch 6,2025-03-04,Челябинск,Samsung,Электроника,9,19290.0,29240.0,34.0,263.0,4.7,625.0,2.0,"АО «Мельникова, Белова и Чернов»",False,False,1,3,1,13.0,30390.0,12.0,30185.0,20.0,30210.0,10.0,26016.666666666668,16.142857142857142,26348.428571428572,29760.0,98.0
Умные часы Samsung Galaxy Watch 6,2025-03-05,Екатеринбург,Samsung,Электроника,12,33130.0,33130.0,0.0,218.0,4.5,630.0,3.0,Афанасьева Инк,False,False,2,3,1,9.0,19290.0,8.0,28370.0,18.0,28269.0,11.333333333333334,27603.333333333332,15.285714285714286,27042.85714285714,31240.0,93.0
Умные часы Samsung Galaxy Watch 6,2025-03-05,Москва,Samsung,Электроника,33,34260.0,34260.0,0.0,281.0,4.7,437.0,2.0,"НПО «Тимофеева, Ефремова и Суворов»",False,False,2,3,1,12.0,33130.0,13.0,30390.0,14.0,22055.0,18.0,28893.333333333332,18.0,28786.428571428572,30069.0,66.0
Умные часы Samsung Galaxy Watch 6,2025-03-05,Новосибирск,Samsung,Электроника,14,26189.0,26189.0,0.0,417.0,4.9,371.0,3.0,ОАО «Чернова»,False,False,2,3,1,33.0,34260.0,9.0,19290.0,39.0,25880.0,19.666666666666668,31193.0,14.428571428571429,28830.571428571428,26864.5,179.0
Умные часы Samsung Galaxy Watch 6,2025-03-05,Уфа,Samsung,Электроника,7,27190.0,27190.0,0.0,172.0,4.7,588.0,5.0,Государственная транспортная лизинговая компания,False,False,2,3,1,14.0,26189.0,12.0,33130.0,12.0,30185.0,18.0,29213.0,13.714285714285714,28402.714285714286,31329.0,205.0
Умные часы Samsung Galaxy Watch 6,2025-03-06,Новосибирск,Samsung,Электроника,9,30000.0,30000.0,0.0,450.0,4.9,617.0,1.0,НПО «Нестеров»,False,False,3,3,1,7.0,27190.0,33.0,34260.0,8.0,28370.0,10.0,27793.0,13.857142857142858,28635.571428571428,33600.0,210.0
Умные часы Samsung Galaxy Watch 6,2025-03-06,Челябинск,Samsung,Электроника,14,33640.0,33640.0,0.0,444.0,4.4,452.0,3.0,"РАО «Котова, Зайцев и Владимирова»",False,False,3,3,1,9.0,30000.0,14.0,26189.0,13.0,30390.0,10.0,30276.666666666668,14.0,29099.85714285714,26152.0,235.0
Умные часы Samsung Galaxy Watch 6,2025-03-07,Екатеринбург,Samsung,Электроника,9,29760.0,29760.0,0.0,307.0,4.5,394.0,1.0,Райффайзенбанк (Raiffeisen),False,False,4,3,1,14.0,33640.0,7.0,27190.0,9.0,19290.0,10.666666666666666,31133.333333333332,14.0,30595.571428571428,32980.0,239.0
Умные часы Samsung Galaxy Watch 6,2025-03-07,Казань,Samsung,Электроника,7,31240.0,31240.0,0.0,262.0,4.7,441.0,3.0,ИП «Устинов-Абрамов»,False,False,4,3,1,9.0,29760.0,9.0,30000.0,12.0,33130.0,10.0,31546.666666666668,13.285714285714286,30325.571428571428,26985.0,245.0
Умные часы Samsung Galaxy Watch 6,2025-03-07,Челябинск,Samsung,Электроника,6,30069.0,30069.0,0.0,133.0,4.8,496.0,2.0,АО «Новиков»,False,False,4,3,1,7.0,31240.0,14.0,33640.0,33.0,34260.0,7.333333333333333,30356.333333333332,9.428571428571429,29726.85714285714,27330.0,254.0
Умные часы Samsung Galaxy Watch 6,2025-03-08,Москва,Samsung,Электроника,127,26864.5,30197.5,11.0,150.5,4.65,471.5,6.0,РАО «Константинова Дементьева»,True,True,5,3,1,6.0,30069.0,9.0,29760.0,14.0,26189.0,46.666666666666664,29391.166666666668,25.571428571428573,29823.35714285714,30855.0,141.0
Умные часы Samsung Galaxy Watch 6,2025-03-08,Нижний Новгород,Samsung,Электроника,33,31329.0,31329.0,0.0,303.0,5.0,320.0,5.0,НПО «Белозеров Баранова»,True,True,5,3,1,127.0,26864.5,7.0,31240.0,7.0,27190.0,55.333333333333336,29420.833333333332,29.285714285714285,30414.64285714286,28769.0,120.0
Умные часы Samsung Galaxy Watch 6,2025-03-09,Самара,Samsung,Электроника,14,33600.0,33600.0,0.0,401.0,4.4,450.0,2.0,Зарубежнефть,True,False,6,3,1,33.0,31329.0,6.0,30069.0,9.0,30000.0,58.0,30597.833333333332,30.0,30928.928571428572,33030.0,115.0
Умные часы Samsung Galaxy Watch 6,2025-03-09,Санкт-Петербург,Samsung,Электроника,39,26152.0,26152.0,0.0,208.5,4.85,393.5,3.0,Северсталь,True,False,6,3,1,14.0,33600.0,127.0,26864.5,14.0,33640.0,28.666666666666668,30360.333333333332,33.57142857142857,29859.214285714286,31030.0,82.0
Умные часы Samsung Galaxy Watch 6,2025-03-09,Челябинск,Samsung,Электроника,13,32980.0,32980.0,0.0,71.0,4.4,593.0,5.0,ПСК,True,False,6,3,1,39.0,26152.0,33.0,31329.0,9.0,29760.0,22.0,30910.666666666668,34.142857142857146,30319.214285714286,32897.0,90.0
Умные часы Samsung Galaxy Watch 6,2025-03-10,Казань,Samsung,Электроника,13,26985.0,26985.0,0.0,85.0,4.5,519.0,3.0,АО «Меркушев Харитонов»,False,False,0,3,1,13.0,32980.0,14.0,33600.0,7.0,31240.0,21.666666666666668,28705.666666666668,35.0,29711.35714285714,29350.0,82.0
Умные часы Samsung Galaxy Watch 6,2025-03-10,Новосибирск,Samsung,Электроника,15,27330.0,27330.0,0.0,224.0,4.5,647.0,7.0,ООО «Дроздов»,False,False,0,3,1,13.0,26985.0,39.0,26152.0,6.0,30069.0,13.666666666666666,29098.333333333332,36.285714285714285,29320.071428571428,28915.0,74.0
Умные часы Samsung Galaxy Watch 6,2025-03-10,Самара,Samsung,Электроника,14,30855.0,30855.0,0.0,229.0,4.9,427.0,2.0,"ООО «Степанова, Щербакова и Игнатова»",False,False,0,3,1,15.0,27330.0,13.0,32980.0,127.0,26864.5,14.0,28390.0,20.142857142857142,29890.14285714286,30639.0,72.0
Умные часы Samsung Galaxy Watch 6,2025-03-11,Казань,Samsung,Электроника,12,28769.0,28769.0,0.0,143.0,4.5,591.0,2.0,ИП «Константинов»,False,False,1,3,1,14.0,30855.0,13.0,26985.0,33.0,31329.0,13.666666666666666,28984.666666666668,17.142857142857142,29524.428571428572,31615.0,71.0
Умные часы Samsung Galaxy Watch 6,2025-03-11,Новосибирск,Samsung,Электроника,9,33030.0,33030.0,0.0,175.0,4.6,312.0,3.0,ООО «Самсонов»,False,False,1,3,1,12.0,28769.0,15.0,27330.0,14.0,33600.0,11.666666666666666,30884.666666666668,16.428571428571427,29443.0,33990.0,72.0
Умные часы Samsung Galaxy Watch 6,2025-03-12,Казань,Samsung,Электроника,6,31030.0,31030.0,0.0,204.0,5.0,304.0,7.0,Мельников Инкорпорэйтед,False,False,2,3,1,9.0,33030.0,14.0,30855.0,39.0,26152.0,9.0,30943.0,11.714285714285714,30139.85714285714,29820.0,81.0
Умные часы Samsung Galaxy Watch 6,2025-03-12,Самара,Samsung,Электроника,21,32897.0,32897.0,0.0,294.0,4.65,279.0,2.0,ООО «Гущина»,False,False,2,3,1,6.0,31030.0,12.0,28769.0,13.0,32980.0,12.0,32319.0,12.857142857142858,30128.0,30220.0,72.0
Умные часы Samsung Galaxy Watch 6,2025-03-12,Уфа,Samsung,Электроника,5,29350.0,29350.0,0.0,328.0,4.7,516.0,2.0,ЗАО «Щербакова Филатова»,False,False,2,3,1,21.0,32897.0,9.0,33030.0,13.0,26985.0,10.666666666666666,31092.333333333332,11.714285714285714,30465.85714285714,26765.0,80.0
Умные часы Samsung Galaxy Watch 6,2025-03-12,Челябинск,Samsung,Электроника,7,28915.0,28915.0,0.0,361.0,4.7,670.0,3.0,РАО «Иванова-Лобанов»,False,False,2,3,1,5.0,29350.0,6.0,31030.0,15.0,27330.0,11.0,30387.333333333332,10.571428571428571,30692.285714285714,30805.0,138.0
Умные часы Samsung Galaxy Watch 6,2025-03-13,Санкт-Петербург,Samsung,Электроника,12,30639.0,30639.0,0.0,22.0,4.4,673.0,3.0,ЗАО «Шилова Королев»,False,False,3,3,1,7.0,28915.0,21.0,32897.0,14.0,30855.0,8.0,29634.666666666668,10.285714285714286,30661.428571428572,28547.5,160.0
Умные часы Samsung Galaxy Watch 6,2025-03-13,Уфа,Samsung,Электроника,11,31615.0,31615.0,0.0,320.0,4.6,530.5,5.0,СК Согласие,False,False,3,3,1,12.0,30639.0,5.0,29350.0,12.0,28769.0,10.0,30389.666666666668,10.142857142857142,31068.0,31590.0,162.0
Умные часы Samsung Galaxy Watch 6,2025-03-14,Казань,Samsung,Электроника,10,33990.0,33990.0,0.0,428.0,5.0,356.0,2.0,РАО «Селиверстов-Игнатьева»,False,False,4,3,1,11.0,31615.0,7.0,28915.0,9.0,33030.0,11.0,32081.333333333332,10.285714285714286,31205.14285714286,22657.0,175.0
Умные часы Samsung Galaxy Watch 6,2025-03-14,Москва,Samsung,Электроника,15,29820.0,29820.0,0.0,77.0,4.9,657.0,5.0,ООО «Ефимова Никитина»,False,False,4,3,1,10.0,33990.0,12.0,30639.0,6.0,31030.0,12.0,31808.333333333332,11.571428571428571,31032.285714285714,29959.0,184.0
Умные часы Samsung Galaxy Watch 6,2025-03-14,Уфа,Samsung,Электроника,12,30220.0,30220.0,0.0,315.0,4.9,267.0,2.0,ООО «Фролова»,False,False,4,3,1,15.0,29820.0,11.0,31615.0,21.0,32897.0,12.333333333333334,31343.333333333332,10.285714285714286,30649.85714285714,29444.5,202.0
Умные часы Samsung Galaxy Watch 6,2025-03-15,Екатеринбург,Samsung,Электроника,13,26765.0,26765.0,0.0,371.0,4.6,348.0,5.0,"ИП «Гусев, Крылова и Лапина»",True,False,5,3,1,12.0,30220.0,10.0,33990.0,5.0,29350.0,13.333333333333334,28935.0,11.428571428571429,30280.571428571428,30110.0,203.0
Умные часы Samsung Galaxy Watch 6,2025-03-15,Санкт-Петербург,Samsung,Электроника,65,30805.0,30805.0,0.0,386.0,4.699999999999999,505.5,3.5,ЗАО «Быков»,True,False,5,3,1,13.0,26765.0,15.0,29820.0,7.0,28915.0,30.0,29263.333333333332,19.714285714285715,30550.571428571428,31975.0,152.0
Умные часы Samsung Galaxy Watch 6,2025-03-16,Казань,Samsung,Электроника,34,28547.5,28547.5,0.0,326.0,4.699999999999999,543.0,3.0,Фирма Агрокомплекс им. Ткачева,True,False,6,3,1,65.0,30805.0,12.0,30220.0,12.0,30639.0,37.333333333333336,28705.833333333332,22.857142857142858,30251.785714285714,28860.0,130.0
Умные часы Samsung Galaxy Watch 6,2025-03-16,Нижний Новгород,Samsung,Электроника,13,31590.0,31590.0,0.0,493.0,4.9,656.0,5.0,ООО «Стрелкова Галкина»,True,False,6,3,1,34.0,28547.5,13.0,26765.0,11.0,31615.0,37.333333333333336,30314.166666666668,23.142857142857142,30248.214285714286,33850.0,128.0
Умные часы Samsung Galaxy Watch 6,2025-03-17,Самара,Samsung,Электроника,23,22657.0,26050.0,13.0,232.0,4.65,659.5,2.5,ООО «Яковлев Потапова»,False,False,0,3,1,13.0,31590.0,65.0,30805.0,10.0,33990.0,23.333333333333332,27598.166666666668,25.0,28629.214285714286,30860.0,119.0
Умные часы Samsung Galaxy Watch 6,2025-03-18,Москва,Samsung,Электроника,24,29959.0,29959.0,0.0,298.0,4.6,581.0,7.0,Лазарева Лимитед,False,False,1,3,1,23.0,22657.0,34.0,28547.5,15.0,29820.0,20.0,28068.666666666668,26.285714285714285,28649.071428571428,32665.0,112.0
Умные часы Samsung Galaxy Watch 6,2025-03-18,Санкт-Петербург,Samsung,Электроника,30,29444.5,29444.5,0.0,407.5,4.85,379.0,4.0,СК Росгосстрах,False,False,1,3,1,24.0,29959.0,13.0,31590.0,12.0,30220.0,25.666666666666668,27353.5,28.857142857142858,28538.285714285714,27860.0,93.0
Умные часы Samsung Galaxy Watch 6,2025-03-18,Челябинск,Samsung,Электроника,14,30110.0,33090.0,9.0,325.0,4.5,261.0,1.0,РАО «Кононов Гурьев»,False,False,1,3,1,30.0,29444.5,23.0,22657.0,13.0,26765.0,22.666666666666668,29837.833333333332,29.0,29016.14285714286,27100.0,94.0
Умные часы Samsung Galaxy Watch 6,2025-03-19,Новосибирск,Samsung,Электроника,14,31975.0,31975.0,0.0,345.0,4.5,434.0,5.0,Ситникова Групп,False,False,2,3,1,14.0,30110.0,24.0,29959.0,65.0,30805.0,19.333333333333332,30509.833333333332,21.714285714285715,29183.285714285714,26980.0,85.0
Умные часы Samsung Galaxy Watch 6,2025-03-19,Ростов-на-Дону,Samsung,Электроника,12,28860.0,28860.0,0.0,225.0,4.5,519.0,3.0,Хохлова Инкорпорэйтед,False,False,2,3,1,14.0,31975.0,30.0,29444.5,34.0,28547.5,13.333333333333334,30315.0,18.571428571428573,29227.928571428572,31825.0,113.0
Умные часы Samsung Galaxy Watch 6,2025-03-19,Самара,Samsung,Электроника,11,33850.0,33850.0,0.0,100.0,4.5,462.0,2.0,Ман Трак Энд Бас Рус (Volkswagen),False,False,2,3,1,12.0,28860.0,14.0,30110.0,13.0,31590.0,12.333333333333334,31561.666666666668,18.285714285714285,29550.785714285714,25589.0,110.0
Умные часы Samsung Galaxy Watch 6,2025-03-19,Санкт-Петербург,Samsung,Электроника,14,30860.0,30860.0,0.0,463.0,4.9,677.0,5.0,НПО «Абрамова-Хохлова»,False,False,2,3,1,11.0,33850.0,14.0,31975.0,23.0,22657.0,12.333333333333334,31190.0,17.0,30722.64285714286,24325.0,120.0
Учебник Python для начинающих,2025-03-01,Новосибирск,ДМК Пресс,Книги,46,1297.5,1297.5,0.0,277.5,4.4,620.0,2.5,ОАО «Морозова»,True,False,5,3,1,,,,,,,,,,,1369.0,165.0
Учебник Python для начинающих,2025-03-01,Самара,ДМК Пресс,Книги,19,1400.0,1400.0,0.0,261.0,4.9,533.0,2.0,Соллерс,True,False,5,3,1,46.0,1297.5,,,,,,,,,1199.0,165.0
Учебник Python для начинающих,2025-03-01,Санкт-Петербург,ДМК Пресс,Книги,47,1282.0,1282.0,0.0,304.5,4.800000000000001,381.0,3.0,"ОАО «Моисеев, Федотов и Калинин»",True,False,5,3,1,19.0,1400.0,,,,,37.333333333333336,1326.5,,,1260.0,131.0
Учебник Python для начинающих,2025-03-02,Екатеринбург,ДМК Пресс,Книги,29,700.0,1285.0,45.0,508.0,4.8,545.0,3.0,Данилов Инкорпорэйтед,True,False,6,3,1,47.0,1282.0,46.0,1297.5,,,31.666666666666668,1127.3333333333333,,,1120.0,114.0
Учебник Python для начинающих,2025-03-02,Новосибирск,ДМК Пресс,Книги,21,1170.0,1280.0,8.0,220.0,4.8,349.0,7.0,ИП «Корнилов Белов»,True,False,6,3,1,29.0,700.0,19.0,1400.0,,,32.333333333333336,1050.6666666666667,,,1469.0,99.0
Учебник Python для начинающих,2025-03-02,Санкт-Петербург,ДМК Пресс,Книги,20,1430.0,1430.0,0.0,90.0,4.8,233.0,2.0,РАО «Ситникова»,True,False,6,3,1,21.0,1170.0,47.0,1282.0,,,23.333333333333332,1100.0,,,1370.0,91.0
Учебник Python для начинающих,2025-03-02,Челябинск,ДМК Пресс,Книги,13,1480.0,1480.0,0.0,179.0,4.5,583.0,2.0,Русская медная компания,True,False,6,3,1,20.0,1430.0,29.0,700.0,,,18.0,1360.0,27.857142857142858,1251.357142857143,779.0,85.0
Учебник Python для начинающих,2025-03-03,Казань,ДМК Пресс,Книги,16,1369.0,1369.0,0.0,43.0,4.4,506.0,3.0,ЗАО «Карпов Андреев»,False,False,0,3,1,13.0,1480.0,21.0,1170.0,46.0,1297.5,16.333333333333332,1426.3333333333333,23.571428571428573,1261.5714285714287,1215.0,83.0
Учебник Python для начинающих,2025-03-03,Новосибирск,ДМК Пресс,Книги,19,1199.0,1199.0,0.0,464.0,4.5,514.0,2.0,ОАО «Беляев Шилова»,False,False,0,3,1,16.0,1369.0,20.0,1430.0,19.0,1400.0,16.0,1349.3333333333333,23.571428571428573,1232.857142857143,1420.0,78.0
Учебник Python для начинающих,2025-03-04,Екатеринбург,ДМК Пресс,Книги,13,1260.0,1260.0,0.0,280.0,4.8,251.0,2.0,АО «Потапов-Сидоров»,False,False,1,3,1,19.0,1199.0,13.0,1480.0,47.0,1282.0,16.0,1276.0,18.714285714285715,1229.7142857142858,1255.0,77.0
Учебник Python для начинающих,2025-03-04,Казань,ДМК Пресс,Книги,12,1120.0,1120.0,0.0,498.0,4.5,611.0,7.0,ОАО «Суворова-Рыбаков»,False,False,1,3,1,13.0,1260.0,16.0,1369.0,29.0,700.0,14.666666666666666,1193.0,16.285714285714285,1289.7142857142858,1259.0,80.0
Учебник Python для начинающих,2025-03-04,Нижний Новгород,ДМК Пресс,Книги,6,1469.0,1469.0,0.0,335.0,4.3,409.0,2.0,Ашинский металлургический завод,False,False,1,3,1,12.0,1120.0,19.0,1199.0,21.0,1170.0,10.333333333333334,1283.0,14.142857142857142,1332.4285714285713,966.6666666666666,114.0
Учебник Python для начинающих,2025-03-04,Ростов-на-Дону,ДМК Пресс,Книги,12,1370.0,1370.0,0.0,160.0,4.6,536.0,2.0,ПСК,False,False,1,3,1,6.0,1469.0,13.0,1260.0,20.0,1430.0,10.0,1319.6666666666667,13.0,1323.857142857143,1335.0,120.0
Учебник Python для начинающих,2025-03-04,Самара,ДМК Пресс,Книги,7,779.0,1369.0,43.0,435.0,4.8,280.0,3.0,Ефремова Лтд,False,False,1,3,1,12.0,1370.0,12.0,1120.0,13.0,1480.0,8.333333333333334,1206.0,12.142857142857142,1223.7142857142858,1420.0,122.0
Учебник Python для начинающих,2025-03-05,Екатеринбург,ДМК Пресс,Книги,14,1215.0,1215.0,0.0,341.0,4.6,557.0,3.0,ОАО «Носов-Артемьева»,False,False,2,3,1,7.0,779.0,6.0,1469.0,16.0,1369.0,11.0,1121.3333333333333,11.857142857142858,1201.7142857142858,1270.0,130.0
Учебник Python для начинающих,2025-03-05,Санкт-Петербург,ДМК Пресс,Книги,14,1420.0,1420.0,0.0,319.0,4.7,281.0,5.0,НПО «Лапин Калашникова»,False,False,2,3,1,14.0,1215.0,12.0,1370.0,19.0,1199.0,11.666666666666666,1138.0,11.142857142857142,1233.2857142857142,1500.0,123.0
Учебник Python для начинающих,2025-03-05,Челябинск,ДМК Пресс,Книги,12,1255.0,1255.0,0.0,62.0,4.4,273.0,7.0,АО «Журавлева»,False,False,2,3,1,14.0,1420.0,7.0,779.0,13.0,1260.0,13.333333333333334,1296.6666666666667,11.0,1232.5714285714287,1160.0,118.0
Учебник Python для начинающих,2025-03-06,Екатеринбург,ДМК Пресс,Книги,15,1259.0,1259.0,0.0,77.0,4.9,508.0,3.0,Приосколье,False,False,3,3,1,12.0,1255.0,14.0,1215.0,12.0,1120.0,13.666666666666666,1311.3333333333333,11.428571428571429,1252.4285714285713,1150.0,142.0
Учебник Python для начинающих,2025-03-06,Новосибирск,ДМК Пресс,Книги,40,966.6666666666666,1199.6666666666667,18.666666666666668,275.3333333333333,4.5,360.6666666666667,2.3333333333333335,Европа,False,False,3,3,1,15.0,1259.0,14.0,1420.0,6.0,1469.0,22.333333333333332,1160.2222222222222,16.285714285714285,1180.6666666666665,1500.0,162.0
Учебник Python для начинающих,2025-03-07,Екатеринбург,ДМК Пресс,Книги,18,1335.0,1335.0,0.0,258.0,4.6,232.0,3.0,Сергеев Инк,False,False,4,3,1,40.0,966.6666666666666,12.0,1255.0,12.0,1370.0,24.333333333333332,1186.888888888889,17.142857142857142,1175.6666666666665,1469.0,165.0
Учебник Python для начинающих,2025-03-07,Ростов-на-Дону,ДМК Пресс,Книги,9,1420.0,1420.0,0.0,303.0,4.4,286.0,2.0,Сазонов Инк,False,False,4,3,1,18.0,1335.0,15.0,1259.0,7.0,779.0,22.333333333333332,1240.5555555555554,17.428571428571427,1267.2380952380952,1480.0,199.0
Учебник Python для начинающих,2025-03-07,Санкт-Петербург,ДМК Пресс,Книги,22,1270.0,1270.0,0.0,387.0,4.5,630.0,5.0,Евдокимова и партнеры,False,False,4,3,1,9.0,1420.0,40.0,966.6666666666666,14.0,1215.0,16.333333333333332,1341.6666666666667,18.571428571428573,1275.095238095238,1200.0,202.0
Учебник Python для начинающих,2025-03-07,Уфа,ДМК Пресс,Книги,7,1500.0,1500.0,0.0,487.0,4.6,264.0,2.0,НПО «Лебедев-Кузьмин»,False,False,4,3,1,22.0,1270.0,18.0,1335.0,14.0,1420.0,12.666666666666666,1396.6666666666667,17.571428571428573,1286.5238095238094,1279.0,206.0
Учебник Python для начинающих,2025-03-07,Челябинск,ДМК Пресс,Книги,7,1160.0,1160.0,0.0,276.0,4.3,624.0,3.0,ОАО «Зимина»,False,False,4,3,1,7.0,1500.0,9.0,1420.0,12.0,1255.0,12.0,1310.0,16.857142857142858,1272.952380952381,1405.0,211.0
Учебник Python для начинающих,2025-03-08,Екатеринбург,ДМК Пресс,Книги,39,1150.0,1150.0,0.0,256.0,4.4,421.0,2.0,Давыдова Инкорпорэйтед,True,True,5,3,1,7.0,1160.0,22.0,1270.0,15.0,1259.0,17.666666666666668,1270.0,20.285714285714285,1257.3809523809523,1290.0,184.0
Учебник Python для начинающих,2025-03-08,Санкт-Петербург,ДМК Пресс,Книги,60,1500.0,1500.0,0.0,77.0,4.8,386.0,2.0,ООО «Нестерова-Колобов»,True,True,5,3,1,39.0,1150.0,7.0,1500.0,40.0,966.6666666666666,35.333333333333336,1270.0,23.142857142857142,1333.5714285714287,1430.0,132.0
Учебник Python для начинающих,2025-03-09,Казань,ДМК Пресс,Книги,21,1469.0,1469.0,0.0,24.0,4.7,613.0,5.0,АО «Некрасов»,True,False,6,3,1,60.0,1500.0,7.0,1160.0,18.0,1335.0,40.0,1373.0,23.571428571428573,1352.7142857142858,1180.0,116.0
Учебник Python для начинающих,2025-03-09,Москва,ДМК Пресс,Книги,43,1480.0,1480.0,0.0,395.0,4.8,256.0,3.0,Архипова и партнеры,True,False,6,3,1,21.0,1469.0,39.0,1150.0,9.0,1420.0,41.333333333333336,1483.0,28.428571428571427,1361.2857142857142,1260.0,144.0
Учебник Python для начинающих,2025-03-09,Новосибирск,ДМК Пресс,Книги,25,1200.0,1200.0,0.0,336.0,4.8,506.0,2.0,ФГ Будущее,True,False,6,3,1,43.0,1480.0,60.0,1500.0,22.0,1270.0,29.666666666666668,1383.0,28.857142857142858,1351.2857142857142,589.0,129.0
Учебник Python для начинающих,2025-03-09,Самара,ДМК Пресс,Книги,11,1279.0,1279.0,0.0,377.0,4.8,307.0,2.0,НПО «Овчинникова-Вишняков»,True,False,6,3,1,25.0,1200.0,21.0,1469.0,7.0,1500.0,26.333333333333332,1319.6666666666667,29.428571428571427,1319.7142857142858,1390.0,127.0
Учебник Python для начинающих,2025-03-10,Ростов-на-Дону,ДМК Пресс,Книги,12,1405.0,1405.0,0.0,401.0,4.6,507.0,7.0,РАО «Кононов»,False,False,0,3,1,11.0,1279.0,43.0,1480.0,7.0,1160.0,16.0,1294.6666666666667,30.142857142857142,1354.7142857142858,679.0,131.0
Учебник Python для начинающих,2025-03-11,Казань,ДМК Пресс,Книги,12,1290.0,1290.0,0.0,165.0,4.6,236.0,1.0,НПО «Сафонова»,False,False,1,3,1,12.0,1405.0,25.0,1200.0,39.0,1150.0,11.666666666666666,1324.6666666666667,26.285714285714285,1374.7142857142858,1455.0,126.0
Учебник Python для начинающих,2025-03-11,Новосибирск,ДМК Пресс,Книги,8,1430.0,1430.0,0.0,148.0,4.8,489.0,2.0,РАО «Чернова Гордеев»,False,False,1,3,1,12.0,1290.0,11.0,1279.0,60.0,1500.0,10.666666666666666,1375.0,18.857142857142858,1364.7142857142858,1230.0,130.0
Учебник Python для начинающих,2025-03-11,Уфа,ДМК Пресс,Книги,5,1180.0,1180.0,0.0,450.0,4.4,419.0,2.0,Яндекс,False,False,1,3,1,8.0,1430.0,12.0,1405.0,21.0,1469.0,8.333333333333334,1300.0,16.571428571428573,1323.4285714285713,1249.5,170.0
Учебник Python для начинающих,2025-03-12,Москва,ДМК Пресс,Книги,71,1260.0,1260.0,0.0,500.0,4.6,603.3333333333334,2.3333333333333335,"ЗАО «Зыкова, Воробьев и Козлов»",False,False,2,3,1,5.0,1180.0,12.0,1290.0,43.0,1480.0,28.0,1290.0,20.571428571428573,1292.0,1450.0,109.0
Учебник Python для начинающих,2025-03-13,Казань,ДМК Пресс,Книги,10,589.0,1129.0,48.0,336.0,4.9,586.0,2.0,Familia,False,False,3,3,1,71.0,1260.0,8.0,1430.0,25.0,1200.0,28.666666666666668,1009.6666666666666,18.428571428571427,1204.7142857142858,1189.0,119.0
Учебник Python для начинающих,2025-03-13,Нижний Новгород,ДМК Пресс,Книги,9,1390.0,1390.0,0.0,249.0,4.9,562.0,5.0,ООО «Беляева-Михеев»,False,False,3,3,1,10.0,589.0,5.0,1180.0,11.0,1279.0,30.0,1079.6666666666667,18.142857142857142,1220.5714285714287,1265.0,176.0
Учебник Python для начинающих,2025-03-13,Новосибирск,ДМК Пресс,Книги,16,679.0,1215.0,44.0,415.0,4.9,537.0,5.0,АО «Емельянов-Копылова»,False,False,3,3,1,9.0,1390.0,71.0,1260.0,12.0,1405.0,11.666666666666666,886.0,18.714285714285715,1116.857142857143,1325.0,178.0
Учебник Python для начинающих,2025-03-13,Самара,ДМК Пресс,Книги,7,1455.0,1455.0,0.0,58.0,4.4,513.0,7.0,НПО «Игнатьева»,False,False,3,3,1,16.0,679.0,10.0,589.0,12.0,1290.0,10.666666666666666,1174.6666666666667,18.0,1140.4285714285713,1449.0,181.0
Учебник Python для начинающих,2025-03-13,Челябинск,ДМК Пресс,Книги,12,1230.0,1230.0,0.0,431.0,4.6,469.0,3.0,Мон Дэлис (Mondelez),False,False,3,3,1,7.0,1455.0,9.0,1390.0,8.0,1430.0,11.666666666666666,1121.3333333333333,18.571428571428573,1111.857142857143,1155.0,176.0
Учебник Python для начинающих,2025-03-14,Москва,ДМК Пресс,Книги,45,1249.5,1249.5,0.0,246.5,4.699999999999999,363.0,4.0,Ковалева и партнеры,False,False,4,3,1,12.0,1230.0,16.0,679.0,5.0,1180.0,21.333333333333332,1311.5,24.285714285714285,1121.7857142857142,1450.0,141.0
Учебник Python для начинающих,2025-03-14,Новосибирск,ДМК Пресс,Книги,10,1450.0,1450.0,0.0,320.0,4.8,560.0,3.0,АО «Данилова»,False,False,4,3,1,45.0,1249.5,7.0,1455.0,71.0,1260.0,22.333333333333332,1309.8333333333333,15.571428571428571,1148.9285714285713,1440.0,147.0
Учебник Python для начинающих,2025-03-14,Санкт-Петербург,ДМК Пресс,Книги,20,1189.0,1189.0,0.0,389.0,4.8,603.0,5.0,Агентство по страхованию вкладов (АСВ),False,False,4,3,1,10.0,1450.0,12.0,1230.0,10.0,589.0,25.0,1296.1666666666667,17.0,1234.642857142857,1289.0,136.0
Учебник Python для начинающих,2025-03-15,Москва,ДМК Пресс,Книги,66,1265.0,1265.0,0.0,346.5,4.699999999999999,592.0,4.0,РАО «Зайцев-Воронов»,True,False,5,3,1,20.0,1189.0,45.0,1249.5,9.0,1390.0,32.0,1301.3333333333333,25.142857142857142,1216.7857142857142,1355.0,80.0
Учебник Python для начинающих,2025-03-15,Нижний Новгород,ДМК Пресс,Книги,18,1325.0,1325.0,0.0,365.0,4.8,254.0,3.0,"ООО «Чернов, Филатова и Коновалов»",True,False,5,3,1,66.0,1265.0,10.0,1450.0,16.0,679.0,34.666666666666664,1259.6666666666667,25.428571428571427,1309.0714285714287,1327.0,85.0
Учебник Python для начинающих,2025-03-15,Ростов-на-Дону,ДМК Пресс,Книги,10,1449.0,1449.0,0.0,408.0,4.7,270.0,3.0,Нокиан Шина (Nokian),True,False,5,3,1,18.0,1325.0,20.0,1189.0,7.0,1455.0,31.333333333333332,1346.3333333333333,25.857142857142858,1308.2142857142858,1480.0,85.0
Учебник Python для начинающих,2025-03-15,Уфа,ДМК Пресс,Книги,7,1155.0,1155.0,0.0,310.0,4.5,633.0,2.0,ООО «Богданова Исаева»,True,False,5,3,1,10.0,1449.0,66.0,1265.0,12.0,1230.0,11.666666666666666,1309.6666666666667,25.142857142857142,1297.5,1265.0,97.0
Учебник Python для начинающих,2025-03-15,Челябинск,ДМК Пресс,Книги,10,1450.0,1450.0,0.0,278.0,4.7,398.0,2.0,АО «Филиппова-Артемьева»,True,False,5,3,1,7.0,1155.0,18.0,1325.0,45.0,1249.5,9.0,1351.3333333333333,20.142857142857142,1326.142857142857,1450.0,95.0
Учебник Python для начинающих,2025-03-16,Екатеринбург,ДМК Пресс,Книги,16,1440.0,1440.0,0.0,262.0,4.3,392.0,3.0,Белуга Групп,True,False,6,3,1,10.0,1450.0,10.0,1449.0,10.0,1450.0,11.0,1348.3333333333333,21.0,1324.7142857142858,1380.0,99.0
Учебник Python для начинающих,2025-03-16,Казань,ДМК Пресс,Книги,9,1289.0,1289.0,0.0,83.0,4.4,251.0,1.0,ИП «Смирнов»,True,False,6,3,1,16.0,1440.0,7.0,1155.0,20.0,1189.0,11.666666666666666,1393.0,19.428571428571427,1339.0,1105.0,97.0
Учебник Python для начинающих,2025-03-17,Екатеринбург,ДМК Пресс,Книги,10,1355.0,1355.0,0.0,94.0,4.3,576.0,3.0,АО «Маслова-Миронова»,False,False,0,3,1,9.0,1289.0,10.0,1450.0,66.0,1265.0,11.666666666666666,1361.3333333333333,11.428571428571429,1351.857142857143,915.0,95.0
Учебник Python для начинающих,2025-03-17,Самара,ДМК Пресс,Книги,23,1327.0,1327.0,0.0,368.5,4.6,345.0,4.5,"ИП «Васильева, Калашников и Богданов»",False,False,0,3,1,10.0,1355.0,16.0,1440.0,18.0,1325.0,14.0,1323.6666666666667,12.142857142857142,1352.142857142857,1240.0,91.0
Учебник Python для начинающих,2025-03-17,Уфа,ДМК Пресс,Книги,10,1480.0,1480.0,0.0,190.0,4.6,500.0,3.0,АО «Павлова Савельева»,False,False,0,3,1,23.0,1327.0,9.0,1289.0,10.0,1449.0,14.333333333333334,1387.3333333333333,12.142857142857142,1356.5714285714287,1450.0,100.0
Учебник Python для начинающих,2025-03-18,Казань,ДМК Пресс,Книги,19,1265.0,1265.0,0.0,242.5,4.85,446.0,3.5,АНГК,False,False,1,3,1,10.0,1480.0,10.0,1355.0,7.0,1155.0,17.333333333333332,1357.3333333333333,13.857142857142858,1372.2857142857142,1205.0,91.0
Учебник Python для начинающих,2025-03-18,Ростов-на-Дону,ДМК Пресс,Книги,8,1450.0,1450.0,0.0,233.0,4.7,320.0,3.0,ИП «Зимина-Савельева»,False,False,1,3,1,19.0,1265.0,23.0,1327.0,10.0,1450.0,12.333333333333334,1398.3333333333333,13.571428571428571,1372.2857142857142,860.0,99.0
Учебник Python для начинающих,2025-03-18,Санкт-Петербург,ДМК Пресс,Книги,20,1380.0,1380.0,0.0,112.0,4.5,494.0,5.0,АО «Лобанов»,False,False,1,3,1,8.0,1450.0,10.0,1480.0,16.0,1440.0,15.666666666666666,1365.0,14.142857142857142,1363.7142857142858,1320.0,103.0
Учебник Python для начинающих,2025-03-18,Уфа,ДМК Пресс,Книги,7,1105.0,1499.0,26.0,49.0,4.3,481.0,5.0,РАО «Корнилов Сергеев»,False,False,1,3,1,20.0,1380.0,19.0,1265.0,9.0,1289.0,11.666666666666666,1311.6666666666667,13.857142857142858,1337.4285714285713,1235.0,105.0
Учебник Python для начинающих,2025-03-18,Челябинск,ДМК Пресс,Книги,8,915.0,1389.0,34.0,276.0,4.8,388.0,2.0,"АО «Васильев, Коновалова и Гуляева»",False,False,1,3,1,7.0,1105.0,8.0,1450.0,10.0,1355.0,11.666666666666666,1133.3333333333333,13.571428571428571,1274.5714285714287,1115.0,103.0
Учебник Python для начинающих,2025-03-19,Москва,ДМК Пресс,Книги,19,1240.0,1240.0,0.0,260.0,4.7,418.0,2.0,Полиметалл,False,False,2,3,1,8.0,915.0,20.0,1380.0,23.0,1327.0,11.333333333333334,1086.6666666666667,13.0,1262.142857142857,1230.0,90.0
Учебник Python для начинающих,2025-03-19,Санкт-Петербург,ДМК Пресс,Книги,19,1450.0,1450.0,0.0,515.0,4.7,380.0,3.0,АО «Лукин-Фролов»,False,False,2,3,1,19.0,1240.0,7.0,1105.0,10.0,1480.0,15.333333333333334,1201.6666666666667,14.285714285714286,1257.857142857143,1479.0,89.0
Учебник Python для начинающих,2025-03-19,Уфа,ДМК Пресс,Книги,10,1205.0,1205.0,0.0,350.0,4.5,389.0,3.0,Самойлов Групп,False,False,2,3,1,19.0,1450.0,8.0,915.0,19.0,1265.0,16.0,1298.3333333333333,13.0,1249.2857142857142,1380.0,93.0
Учебник Высшая математика В. Шипачев,2025-03-01,Москва,Юрайт,Книги,123,1164.5,1164.5,0.0,234.5,4.4,544.0,4.5,ИП «Рыбаков Бобылева»,True,False,5,3,1,,,,,,,,,,,1163.3333333333333,132.0
Учебник Высшая математика В. Шипачев,2025-03-01,Новосибирск,Юрайт,Книги,17,900.0,1180.0,24.0,144.0,4.1,525.0,3.0,ЗАО «Агафонов-Миронов»,True,False,5,3,1,123.0,1164.5,,,,,,,,,1019.5,135.0
Учебник Высшая математика В. Шипачев,2025-03-01,Санкт-Петербург,Юрайт,Книги,22,589.0,1090.0,46.0,237.0,4.2,358.0,5.0,Блинов Инкорпорэйтед,True,False,5,3,1,17.0,900.0,,,,,54.0,884.5,,,910.0,120.0
Учебник Высшая математика В. Шипачев,2025-03-01,Уфа,Юрайт,Книги,15,1355.0,1355.0,0.0,108.0,4.1,354.0,3.0,"ОАО «Бобылева, Муравьева и Максимова»",True,False,5,3,1,22.0,589.0,123.0,1164.5,,,18.0,948.0,,,1225.0,119.0
Учебник Высшая математика В. Шипачев,2025-03-02,Казань,Юрайт,Книги,22,1030.0,1030.0,0.0,515.0,4.2,569.0,2.0,ЗАО «Доронина-Хохлов»,True,False,6,3,1,15.0,1355.0,17.0,900.0,,,19.666666666666668,991.3333333333334,,,1119.0,119.0
Учебник Высшая математика В. Шипачев,2025-03-02,Новосибирск,Юрайт,Книги,19,920.0,1100.0,16.0,367.0,4.5,652.0,3.0,"РАО «Пахомов, Ширяев и Орлова»",True,False,6,3,1,22.0,1030.0,22.0,589.0,,,18.666666666666668,1101.6666666666667,,,1080.0,108.0
Учебник Высшая математика В. Шипачев,2025-03-03,Москва,Юрайт,Книги,14,1235.0,1235.0,0.0,456.0,4.4,415.0,7.0,"ООО «Мартынов, Гаврилова и Максимов»",False,False,0,3,1,19.0,920.0,15.0,1355.0,,,18.333333333333332,1061.6666666666667,33.142857142857146,1027.642857142857,1039.0,111.0
Учебник Высшая математика В. Шипачев,2025-03-03,Ростов-на-Дону,Юрайт,Книги,23,1163.3333333333333,1226.3333333333333,6.0,271.3333333333333,4.433333333333334,380.6666666666667,3.0,ИП «Стрелкова Захарова»,False,False,0,3,1,14.0,1235.0,22.0,1030.0,123.0,1164.5,18.666666666666668,1106.111111111111,18.857142857142858,1027.4761904761904,1345.0,129.0
Учебник Высшая математика В. Шипачев,2025-03-03,Уфа,Юрайт,Книги,20,1019.5,1249.5,17.5,339.5,4.35,591.0,3.0,ОАО «Казакова-Козлов»,False,False,0,3,1,23.0,1163.3333333333333,19.0,920.0,17.0,900.0,19.0,1139.2777777777776,19.285714285714285,1044.547619047619,815.0,116.0
Учебник Высшая математика В. Шипачев,2025-03-04,Екатеринбург,Юрайт,Книги,7,910.0,1069.0,14.0,160.0,4.3,242.0,5.0,ЗАО «Соловьева»,False,False,1,3,1,20.0,1019.5,14.0,1235.0,22.0,589.0,16.666666666666668,1030.9444444444443,17.142857142857142,1090.404761904762,1019.0,127.0
Учебник Высшая математика В. Шипачев,2025-03-04,Самара,Юрайт,Книги,14,1225.0,1225.0,0.0,102.0,4.2,410.0,7.0,ООО «Калинин-Борисова»,False,False,1,3,1,7.0,910.0,23.0,1163.3333333333333,15.0,1355.0,13.666666666666666,1051.5,17.0,1071.8333333333333,1280.0,196.0
Учебник Высшая математика В. Шипачев,2025-03-04,Санкт-Петербург,Юрайт,Книги,22,1119.0,1119.0,0.0,36.0,4.5,434.0,3.0,ИП «Брагина»,False,False,1,3,1,14.0,1225.0,20.0,1019.5,22.0,1030.0,14.333333333333334,1084.6666666666667,17.0,1084.547619047619,1175.0,230.0
Учебник Высшая математика В. Шипачев,2025-03-04,Уфа,Юрайт,Книги,8,1080.0,1080.0,0.0,258.0,4.5,297.0,7.0,ОАО «Трофимова-Панова»,False,False,1,3,1,22.0,1119.0,7.0,910.0,19.0,920.0,14.666666666666666,1141.3333333333333,15.428571428571429,1107.404761904762,1369.0,248.0
Учебник Высшая математика В. Шипачев,2025-03-05,Екатеринбург,Юрайт,Книги,17,1039.0,1039.0,0.0,403.0,4.4,457.0,1.0,РКЦ Прогресс,False,False,2,3,1,8.0,1080.0,14.0,1225.0,14.0,1235.0,15.666666666666666,1079.3333333333333,15.857142857142858,1079.404761904762,1280.0,254.0
Учебник Высшая математика В. Шипачев,2025-03-05,Москва,Юрайт,Книги,41,1345.0,1345.0,0.0,338.5,4.35,378.5,4.0,"ОАО «Лапин, Николаев и Степанова»",False,False,2,3,1,17.0,1039.0,22.0,1119.0,23.0,1163.3333333333333,22.0,1154.6666666666667,18.428571428571427,1105.357142857143,1335.0,247.0
Учебник Высшая математика В. Шипачев,2025-03-06,Ростов-на-Дону,Юрайт,Книги,7,815.0,1220.0,33.0,465.0,4.3,232.0,5.0,АО «Павлов»,False,False,3,3,1,41.0,1345.0,8.0,1080.0,20.0,1019.5,21.666666666666668,1066.3333333333333,16.571428571428573,1076.142857142857,1069.0,252.0
Учебник Высшая математика В. Шипачев,2025-03-07,Новосибирск,Юрайт,Книги,18,1019.0,1019.0,0.0,372.0,4.2,641.0,2.0,"ИП «Борисов, Дьячков и Гурьев»",False,False,4,3,1,7.0,815.0,17.0,1039.0,7.0,910.0,22.0,1059.6666666666667,18.142857142857142,1091.7142857142858,1079.0,241.0
Учебник Высшая математика В. Шипачев,2025-03-08,Москва,Юрайт,Книги,83,1280.0,1280.0,0.0,248.0,4.2,494.0,7.0,ОАО «Гришин Кудряшова»,True,True,5,3,1,18.0,1019.0,41.0,1345.0,14.0,1225.0,36.0,1038.0,28.0,1099.5714285714287,1010.0,167.0
Учебник Высшая математика В. Шипачев,2025-03-08,Ростов-на-Дону,Юрайт,Книги,56,1175.0,1175.0,0.0,71.5,4.449999999999999,357.0,2.5,«Томскнефть» ВНК,True,True,5,3,1,83.0,1280.0,7.0,815.0,22.0,1119.0,52.333333333333336,1158.0,32.857142857142854,1107.5714285714287,925.0,118.0
Учебник Высшая математика В. Шипачев,2025-03-09,Екатеринбург,Юрайт,Книги,26,1369.0,1369.0,0.0,347.0,4.3,466.0,3.0,Шестаков Инк,True,False,6,3,1,56.0,1175.0,18.0,1019.0,8.0,1080.0,55.0,1274.6666666666667,35.42857142857143,1148.857142857143,1255.0,115.0
Учебник Высшая математика В. Шипачев,2025-03-09,Казань,Юрайт,Книги,23,1280.0,1280.0,0.0,422.0,4.7,381.0,3.0,ОАО «Лобанов-Полякова»,True,False,6,3,1,26.0,1369.0,83.0,1280.0,17.0,1039.0,35.0,1274.6666666666667,36.285714285714285,1183.2857142857142,1110.0,104.0
Учебник Высшая математика В. Шипачев,2025-03-09,Москва,Юрайт,Книги,34,1335.0,1335.0,0.0,204.0,4.5,574.0,3.0,АО «Анисимова Фролов»,True,False,6,3,1,23.0,1280.0,56.0,1175.0,41.0,1345.0,27.666666666666668,1328.0,35.285714285714285,1181.857142857143,1205.0,114.0
Учебник Высшая математика В. Шипачев,2025-03-10,Екатеринбург,Юрайт,Книги,12,1069.0,1069.0,0.0,241.0,4.6,370.0,2.0,ООО «Горшкова»,False,False,0,3,1,34.0,1335.0,26.0,1369.0,7.0,815.0,23.0,1228.0,36.0,1218.142857142857,1294.5,132.0
Учебник Высшая математика В. Шипачев,2025-03-10,Ростов-на-Дону,Юрайт,Книги,7,1079.0,1175.0,8.0,318.0,4.2,372.0,3.0,Сетевая компания,False,False,0,3,1,12.0,1069.0,23.0,1280.0,18.0,1019.0,17.666666666666668,1161.0,34.42857142857143,1226.7142857142858,1160.0,159.0
Учебник Высшая математика В. Шипачев,2025-03-11,Екатеринбург,Юрайт,Книги,9,1010.0,1010.0,0.0,113.0,4.5,341.0,3.0,ООО «Дорофеев Суханов»,False,False,1,3,1,7.0,1079.0,34.0,1335.0,83.0,1280.0,9.333333333333334,1052.6666666666667,23.857142857142858,1188.142857142857,970.0,158.0
Учебник Высшая математика В. Шипачев,2025-03-11,Казань,Юрайт,Книги,7,925.0,1335.0,30.0,208.0,4.6,478.0,7.0,ОАО «Красильников»,False,False,1,3,1,9.0,1010.0,12.0,1069.0,56.0,1175.0,7.666666666666667,1004.6666666666666,16.857142857142858,1152.4285714285713,1100.0,165.0
Учебник Высшая математика В. Шипачев,2025-03-11,Санкт-Петербург,Юрайт,Книги,23,1255.0,1255.0,0.0,200.0,4.4,635.0,2.0,Захарова и партнеры,False,False,1,3,1,7.0,925.0,7.0,1079.0,26.0,1369.0,13.0,1063.3333333333333,16.428571428571427,1136.142857142857,1225.0,153.0
Учебник Высшая математика В. Шипачев,2025-03-11,Челябинск,Юрайт,Книги,12,1110.0,1110.0,0.0,161.0,4.5,437.0,3.0,ООО «Горбунов Наумов»,False,False,1,3,1,23.0,1255.0,9.0,1010.0,23.0,1280.0,14.0,1096.6666666666667,14.857142857142858,1111.857142857143,689.5,182.0
Учебник Высшая математика В. Шипачев,2025-03-12,Москва,Юрайт,Книги,44,1205.0,1205.0,0.0,209.0,4.300000000000001,333.5,4.5,ОАО «Тетерин Марков»,False,False,2,3,1,12.0,1110.0,7.0,925.0,34.0,1335.0,26.333333333333332,1190.0,16.285714285714285,1093.2857142857142,1315.0,154.0
Учебник Высшая математика В. Шипачев,2025-03-12,Новосибирск,Юрайт,Книги,30,1294.5,1294.5,0.0,389.5,4.5,463.0,6.0,ОАО «Авдеев»,False,False,2,3,1,44.0,1205.0,23.0,1255.0,12.0,1069.0,28.666666666666668,1203.1666666666667,18.857142857142858,1125.5,1340.0,146.0
Учебник Высшая математика В. Шипачев,2025-03-13,Екатеринбург,Юрайт,Книги,34,1160.0,1160.0,0.0,503.0,4.35,359.0,4.0,ООО «Максимова Исаева»,False,False,3,3,1,30.0,1294.5,12.0,1110.0,7.0,1079.0,36.0,1219.8333333333333,22.714285714285715,1137.0714285714287,589.0,137.0
Учебник Высшая математика В. Шипачев,2025-03-13,Ростов-на-Дону,Юрайт,Книги,8,970.0,1089.0,11.0,296.0,4.4,598.0,2.0,РАО «Фомина»,False,False,3,3,1,34.0,1160.0,44.0,1205.0,9.0,1010.0,24.0,1141.5,22.571428571428573,1131.357142857143,1060.0,138.0
Учебник Высшая математика В. Шипачев,2025-03-13,Челябинск,Юрайт,Книги,14,1100.0,1100.0,0.0,331.0,4.4,623.0,3.0,Русакова Инкорпорэйтед,False,False,3,3,1,8.0,970.0,30.0,1294.5,7.0,925.0,18.666666666666668,1076.6666666666667,23.571428571428573,1156.357142857143,1020.0,130.0
Учебник Высшая математика В. Шипачев,2025-03-14,Москва,Юрайт,Книги,11,1225.0,1225.0,0.0,129.0,4.6,251.0,5.0,АО «Авдеева-Игнатов»,False,False,4,3,1,14.0,1100.0,34.0,1160.0,23.0,1255.0,11.0,1098.3333333333333,21.857142857142858,1152.0714285714287,1269.0,135.0
Учебник Высшая математика В. Шипачев,2025-03-15,Екатеринбург,Юрайт,Книги,41,689.5,1180.0,41.0,281.5,4.65,582.5,2.5,ЗАО «Некрасова»,True,False,5,3,1,11.0,1225.0,8.0,970.0,12.0,1110.0,22.0,1004.8333333333334,26.0,1092.0,1070.0,101.0
Учебник Высшая математика В. Шипачев,2025-03-15,Новосибирск,Юрайт,Книги,16,1315.0,1315.0,0.0,103.0,4.6,619.0,2.0,ЗАО «Гуляев-Харитонова»,True,False,5,3,1,41.0,689.5,14.0,1100.0,44.0,1205.0,22.666666666666668,1076.5,22.0,1107.7142857142858,968.3333333333334,143.0
Учебник Высшая математика В. Шипачев,2025-03-16,Екатеринбург,Юрайт,Книги,22,1340.0,1340.0,0.0,256.0,4.2,503.0,7.0,"ИП «Сорокин, Тарасов и Сысоева»",True,False,6,3,1,16.0,1315.0,11.0,1225.0,30.0,1294.5,26.333333333333332,1114.8333333333333,20.857142857142858,1114.2142857142858,1320.0,127.0
Учебник Высшая математика В. Шипачев,2025-03-17,Санкт-Петербург,Юрайт,Книги,25,589.0,1090.0,46.0,339.0,4.4,642.0,7.0,НПО «Гущин»,False,False,0,3,1,22.0,1340.0,41.0,689.5,34.0,1160.0,21.0,1081.3333333333333,19.571428571428573,1032.642857142857,1045.0,119.0
Учебник Высшая математика В. Шипачев,2025-03-18,Ростов-на-Дону,Юрайт,Книги,9,1060.0,1060.0,0.0,160.0,4.3,539.0,3.0,ОАО «Фадеева-Тихонова»,False,False,1,3,1,25.0,589.0,16.0,1315.0,8.0,970.0,18.666666666666668,996.3333333333334,19.714285714285715,1045.5,1104.5,167.0
Учебник Высшая математика В. Шипачев,2025-03-18,Самара,Юрайт,Книги,6,1020.0,1020.0,0.0,456.0,4.5,490.0,7.0,Нефтетранссервис,False,False,1,3,1,9.0,1060.0,22.0,1340.0,14.0,1100.0,13.333333333333334,889.6666666666666,18.571428571428573,1034.0714285714287,1120.0,172.0
Учебник Высшая математика В. Шипачев,2025-03-19,Москва,Юрайт,Книги,16,1269.0,1269.0,0.0,47.0,4.7,542.0,5.0,"НПО «Коновалов, Романов и Потапов»",False,False,2,3,1,6.0,1020.0,25.0,589.0,11.0,1225.0,10.333333333333334,1116.3333333333333,19.285714285714285,1040.357142857143,1169.0,168.0
Учебник Высшая математика В. Шипачев,2025-03-19,Нижний Новгород,Юрайт,Книги,7,1070.0,1070.0,0.0,96.0,4.5,574.0,2.0,ЗАО «Третьякова Русаков»,False,False,2,3,1,16.0,1269.0,9.0,1060.0,41.0,689.5,9.666666666666666,1119.6666666666667,14.428571428571429,1094.7142857142858,1165.0,176.0
Учебник Высшая математика В. Шипачев,2025-03-19,Санкт-Петербург,Юрайт,Книги,58,968.3333333333334,1183.0,18.333333333333332,52.0,4.3999999999999995,412.6666666666667,3.6666666666666665,"НПО «Архипова, Тетерин и Лебедева»",False,False,2,3,1,7.0,1070.0,6.0,1020.0,16.0,1315.0,27.0,1102.4444444444446,20.428571428571427,1045.1904761904764,1080.0,127.0
Учебник Высшая математика В. Шипачев,2025-03-19,Уфа,Юрайт,Книги,6,1320.0,1320.0,0.0,214.0,4.3,341.0,3.0,"АО «Блинов, Крюкова и Петров»",False,False,2,3,1,58.0,968.3333333333334,16.0,1269.0,22.0,1340.0,23.666666666666668,1119.4444444444446,18.142857142857142,1042.3333333333335,710.0,128.0
Учебник Экономика Н. Грегори Мэнкью,2025-03-01,Новосибирск,Питер,Книги,25,1350.0,1350.0,0.0,165.0,4.7,503.0,3.0,Шашков Инк,True,False,5,3,1,,,,,,,,,,,1555.0,105.0
Учебник Экономика Н. Грегори Мэнкью,2025-03-01,Уфа,Питер,Книги,14,1610.0,1610.0,0.0,259.0,4.449999999999999,260.0,2.0,"ООО «Пестов, Моисеев и Баранов»",True,False,5,3,1,25.0,1350.0,,,,,,,,,1599.0,102.0
Учебник Экономика Н. Грегори Мэнкью,2025-03-02,Санкт-Петербург,Питер,Книги,32,1420.0,1420.0,0.0,413.0,4.8,381.0,5.0,Урало-Сибирская металлургическая компания,True,False,6,3,1,14.0,1610.0,,,,,23.666666666666668,1460.0,,,1555.0,78.0
Учебник Экономика Н. Грегори Мэнкью,2025-03-03,Казань,Питер,Книги,12,1380.0,1380.0,0.0,506.0,4.3,673.0,3.0,Форд Соллерс Холдинг,False,False,0,3,1,32.0,1420.0,25.0,1350.0,,,19.333333333333332,1470.0,,,1237.5,96.0
Учебник Экономика Н. Грегори Мэнкью,2025-03-03,Нижний Новгород,Питер,Книги,11,1575.0,1575.0,0.0,432.0,4.6,613.0,3.0,НПО «Гуляева Авдеева»,False,False,0,3,1,12.0,1380.0,14.0,1610.0,,,18.333333333333332,1458.3333333333333,,,1440.0,95.0
Учебник Экономика Н. Грегори Мэнкью,2025-03-03,Челябинск,Питер,Книги,8,1259.0,1259.0,0.0,358.0,4.2,288.0,7.0,ОАО «Игнатьева-Анисимов»,False,False,0,3,1,11.0,1575.0,32.0,1420.0,,,10.333333333333334,1404.6666666666667,,,1390.0,101.0
Учебник Экономика Н. Грегори Мэнкью,2025-03-04,Екатеринбург,Питер,Книги,10,1559.0,1559.0,0.0,297.0,4.8,362.0,3.0,Сибирский антрацит,False,False,1,3,1,8.0,1259.0,12.0,1380.0,,,9.666666666666666,1464.3333333333333,16.0,1450.4285714285713,905.0,104.0
Учебник Экономика Н. Грегори Мэнкью,2025-03-04,Санкт-Петербург,Питер,Книги,18,1555.0,1555.0,0.0,328.0,4.4,638.0,2.0,НПО «Артемьев»,False,False,1,3,1,10.0,1559.0,11.0,1575.0,25.0,1350.0,12.0,1457.6666666666667,15.0,1479.7142857142858,1655.0,98.0
Учебник Экономика Н. Грегори Мэнкью,2025-03-04,Уфа,Питер,Книги,11,1599.0,1599.0,0.0,111.0,4.6,241.0,2.0,АО «Маслов-Баранов»,False,False,1,3,1,18.0,1555.0,8.0,1259.0,14.0,1610.0,13.0,1571.0,14.571428571428571,1478.142857142857,1490.0,105.0
Учебник Экономика Н. Грегори Мэнкью,2025-03-05,Ростов-на-Дону,Питер,Книги,8,1555.0,1555.0,0.0,507.0,4.4,589.0,3.0,"ИП «Васильева, Крюкова и Муравьева»",False,False,2,3,1,11.0,1599.0,10.0,1559.0,32.0,1420.0,12.333333333333334,1569.6666666666667,11.142857142857142,1497.4285714285713,1009.0,108.0
Учебник Экономика Н. Грегори Мэнкью,2025-03-06,Екатеринбург,Питер,Книги,30,1237.5,1487.5,14.5,310.0,4.45,262.0,3.0,Таркетт Рус (Tarkett),False,False,3,3,1,8.0,1555.0,18.0,1555.0,12.0,1380.0,16.333333333333332,1463.8333333333333,13.714285714285714,1477.0714285714287,1269.0,131.0
Учебник Экономика Н. Грегори Мэнкью,2025-03-06,Новосибирск,Питер,Книги,10,1440.0,1440.0,0.0,163.0,4.7,547.0,2.0,"РАО «Жукова, Емельянова и Назаров»",False,False,3,3,1,30.0,1237.5,11.0,1599.0,11.0,1575.0,16.0,1410.8333333333333,13.571428571428571,1457.7857142857142,1590.0,159.0
Учебник Экономика Н. Грегори Мэнкью,2025-03-06,Самара,Питер,Книги,14,1390.0,1560.0,10.0,113.0,4.7,615.0,5.0,Макдоналдc (McDonald`s),False,False,3,3,1,10.0,1440.0,8.0,1555.0,8.0,1259.0,18.0,1355.8333333333333,14.428571428571429,1476.5,1290.0,158.0
Учебник Экономика Н. Грегори Мэнкью,2025-03-07,Екатеринбург,Питер,Книги,13,905.0,1599.0,43.0,47.0,4.5,380.0,7.0,Рено Россия (Renault),False,False,4,3,1,14.0,1390.0,30.0,1237.5,10.0,1559.0,12.333333333333334,1245.0,14.857142857142858,1383.0714285714287,1689.0,155.0
Учебник Экономика Н. Грегори Мэнкью,2025-03-07,Новосибирск,Питер,Книги,12,1655.0,1655.0,0.0,81.0,4.5,485.0,1.0,ДОМ.РФ,False,False,4,3,1,13.0,905.0,10.0,1440.0,18.0,1555.0,13.0,1316.6666666666667,14.0,1397.357142857143,860.0,172.0
Учебник Экономика Н. Грегори Мэнкью,2025-03-07,Санкт-Петербург,Питер,Книги,18,1490.0,1490.0,0.0,103.0,4.2,241.0,3.0,"НПО «Панова, Калашников и Ильин»",False,False,4,3,1,12.0,1655.0,14.0,1390.0,11.0,1599.0,14.333333333333334,1350.0,15.0,1381.7857142857142,1400.0,167.0
Учебник Экономика Н. Грегори Мэнкью,2025-03-07,Челябинск,Питер,Книги,11,1009.0,1609.0,37.0,317.0,4.6,660.0,3.0,НПО «Бобров Агафонова»,False,False,4,3,1,18.0,1490.0,13.0,905.0,8.0,1555.0,13.666666666666666,1384.6666666666667,15.428571428571429,1303.7857142857142,1514.5,194.0
Учебник Экономика Н. Грегори Мэнкью,2025-03-08,Новосибирск,Питер,Книги,53,1269.0,1269.0,0.0,39.0,4.4,659.0,3.0,"НПО «Осипова, Авдеева и Селиверстов»",True,True,5,3,1,11.0,1009.0,12.0,1655.0,30.0,1237.5,27.333333333333332,1256.0,18.714285714285715,1308.2857142857142,1375.0,148.0
Учебник Экономика Н. Грегори Мэнкью,2025-03-08,Челябинск,Питер,Книги,38,1590.0,1590.0,0.0,96.0,4.3,477.0,3.0,"ОАО «Потапов, Шарова и Гордеева»",True,True,5,3,1,53.0,1269.0,18.0,1490.0,10.0,1440.0,34.0,1289.3333333333333,22.714285714285715,1329.7142857142858,1299.0,121.0
Учебник Экономика Н. Грегори Мэнкью,2025-03-09,Казань,Питер,Книги,13,1290.0,1290.0,0.0,406.0,4.2,428.0,2.0,ЗАО «Пономарев Шарапов»,True,False,6,3,1,38.0,1590.0,11.0,1009.0,14.0,1390.0,34.666666666666664,1383.0,22.571428571428573,1315.4285714285713,1550.0,117.0
Учебник Экономика Н. Грегори Мэнкью,2025-03-09,Новосибирск,Питер,Книги,10,1689.0,1689.0,0.0,467.0,4.4,336.0,5.0,ОАО «Федорова-Воронцова»,True,False,6,3,1,13.0,1290.0,53.0,1269.0,13.0,905.0,20.333333333333332,1523.0,22.142857142857142,1427.4285714285713,1276.3333333333333,130.0
Учебник Экономика Н. Грегори Мэнкью,2025-03-09,Санкт-Петербург,Питер,Книги,29,860.0,1560.0,45.0,114.0,4.7,402.0,5.0,Брагина Лтд,True,False,6,3,1,10.0,1689.0,38.0,1590.0,12.0,1655.0,17.333333333333332,1279.6666666666667,24.571428571428573,1313.857142857143,1395.0,111.0
Учебник Экономика Н. Грегори Мэнкью,2025-03-10,Екатеринбург,Питер,Книги,13,1400.0,1400.0,0.0,104.0,4.2,246.0,3.0,НПО «Меркушева»,False,False,0,3,1,29.0,860.0,13.0,1290.0,18.0,1490.0,17.333333333333332,1316.3333333333333,23.857142857142858,1301.0,1269.0,130.0
Учебник Экономика Н. Грегори Мэнкью,2025-03-10,Москва,Питер,Книги,38,1514.5,1514.5,0.0,468.5,4.5,589.0,6.0,АО «Зиновьев»,False,False,0,3,1,13.0,1400.0,10.0,1689.0,11.0,1009.0,26.666666666666668,1258.1666666666667,27.714285714285715,1373.2142857142858,1645.0,102.0
Учебник Экономика Н. Грегори Мэнкью,2025-03-10,Новосибирск,Питер,Книги,7,1375.0,1375.0,0.0,213.0,4.8,392.0,7.0,ОАО «Воронцов-Никитин»,False,False,0,3,1,38.0,1514.5,29.0,860.0,53.0,1269.0,19.333333333333332,1429.8333333333333,21.142857142857142,1388.357142857143,1420.0,108.0
Учебник Экономика Н. Грегори Мэнкью,2025-03-10,Ростов-на-Дону,Питер,Книги,11,1299.0,1299.0,0.0,470.0,4.4,534.0,3.0,НПО «Хохлов»,False,False,0,3,1,7.0,1375.0,13.0,1400.0,38.0,1590.0,18.666666666666668,1396.1666666666667,17.285714285714285,1346.7857142857142,1410.0,102.0
Учебник Экономика Н. Грегори Мэнкью,2025-03-10,Самара,Питер,Книги,9,1550.0,1550.0,0.0,82.0,4.4,493.0,3.0,"ООО «Егорова, Комиссаров и Веселова»",False,False,0,3,1,11.0,1299.0,38.0,1514.5,13.0,1290.0,9.0,1408.0,16.714285714285715,1383.9285714285713,1289.0,105.0
Учебник Экономика Н. Грегори Мэнкью,2025-03-10,Уфа,Питер,Книги,23,1276.3333333333333,1536.0,16.333333333333332,242.0,4.3,385.6666666666667,3.6666666666666665,"ЗАО «Большакова, Якушева и Воронов»",False,False,0,3,1,9.0,1550.0,7.0,1375.0,10.0,1689.0,14.333333333333334,1375.111111111111,18.571428571428573,1324.9761904761906,1730.0,95.0
Учебник Экономика Н. Грегори Мэнкью,2025-03-11,Казань,Питер,Книги,10,1395.0,1395.0,0.0,193.0,4.7,670.0,3.0,"ОАО «Воронцов, Молчанова и Анисимова»",False,False,1,3,1,23.0,1276.3333333333333,11.0,1299.0,29.0,860.0,14.0,1407.111111111111,15.857142857142858,1401.404761904762,1700.0,101.0
Учебник Экономика Н. Грегори Мэнкью,2025-03-11,Москва,Питер,Книги,32,1269.0,1690.0,25.0,410.0,4.3,375.0,1.0,ЗАО «Дорофеев»,False,False,1,3,1,10.0,1395.0,9.0,1550.0,13.0,1400.0,21.666666666666668,1313.4444444444443,18.571428571428573,1382.6904761904764,1597.5,100.0
Учебник Экономика Н. Грегори Мэнкью,2025-03-11,Нижний Новгород,Питер,Книги,10,1645.0,1645.0,0.0,181.0,4.3,314.0,5.0,ИП «Ефимова»,False,False,1,3,1,32.0,1269.0,23.0,1276.3333333333333,38.0,1514.5,17.333333333333332,1436.3333333333333,14.571428571428571,1401.3333333333335,1525.0,104.0
Учебник Экономика Н. Грегори Мэнкью,2025-03-12,Нижний Новгород,Питер,Книги,13,1420.0,1420.0,0.0,296.0,4.7,624.0,7.0,Сэтл групп,False,False,2,3,1,10.0,1645.0,10.0,1395.0,7.0,1375.0,18.333333333333332,1444.6666666666667,15.428571428571429,1407.7619047619048,1585.0,96.0
Учебник Экономика Н. Грегори Мэнкью,2025-03-12,Самара,Питер,Книги,5,1410.0,1410.0,0.0,400.0,4.6,577.0,3.0,РАО «Калинин-Максимов»,False,False,2,3,1,13.0,1420.0,32.0,1269.0,11.0,1299.0,9.333333333333334,1491.6666666666667,14.571428571428571,1423.6190476190477,1520.0,119.0
Учебник Экономика Н. Грегори Мэнкью,2025-03-12,Санкт-Петербург,Питер,Книги,12,1289.0,1289.0,0.0,263.0,4.6,450.0,3.0,Инвестнефтетрейд,False,False,2,3,1,5.0,1410.0,10.0,1645.0,9.0,1550.0,10.0,1373.0,15.0,1386.3333333333335,1329.0,145.0
Учебник Экономика Н. Грегори Мэнкью,2025-03-13,Челябинск,Питер,Книги,13,1730.0,1730.0,0.0,267.0,4.7,281.0,7.0,РАО «Николаев Сысоев»,False,False,3,3,1,12.0,1289.0,13.0,1420.0,23.0,1276.3333333333333,10.0,1476.3333333333333,13.571428571428571,1451.142857142857,1382.5,161.0
Учебник Экономика Н. Грегори Мэнкью,2025-03-14,Москва,Питер,Книги,16,1700.0,1700.0,0.0,255.0,4.4,628.0,3.0,Мобильные телесистемы,False,False,4,3,1,13.0,1730.0,5.0,1410.0,10.0,1395.0,13.666666666666666,1573.0,14.428571428571429,1494.7142857142858,1715.0,169.0
Учебник Экономика Н. Грегори Мэнкью,2025-03-14,Нижний Новгород,Питер,Книги,31,1597.5,1597.5,0.0,235.0,4.6,403.5,2.0,Углетранс,False,False,4,3,1,16.0,1700.0,12.0,1289.0,32.0,1269.0,20.0,1675.8333333333333,14.285714285714286,1541.642857142857,1570.0,154.0
Учебник Экономика Н. Грегори Мэнкью,2025-03-14,Самара,Питер,Книги,14,1525.0,1525.0,0.0,79.0,4.2,299.0,3.0,АО «Носков Антонов»,False,False,4,3,1,31.0,1597.5,13.0,1730.0,10.0,1645.0,20.333333333333332,1607.5,14.857142857142858,1524.5,1630.0,155.0
Учебник Экономика Н. Грегори Мэнкью,2025-03-14,Челябинск,Питер,Книги,5,1585.0,1585.0,0.0,34.0,4.6,340.0,7.0,АО «Блохина-Рогов»,False,False,4,3,1,14.0,1525.0,16.0,1700.0,13.0,1420.0,16.666666666666668,1569.1666666666667,13.714285714285714,1548.0714285714287,1300.0,160.0
Учебник Экономика Н. Грегори Мэнкью,2025-03-15,Екатеринбург,Питер,Книги,28,1520.0,1520.0,0.0,56.0,4.5,376.0,1.0,НПО «Самойлова Михайлова»,True,False,5,3,1,5.0,1585.0,31.0,1597.5,5.0,1410.0,15.666666666666666,1543.3333333333333,17.0,1563.7857142857142,1415.0,145.0
Учебник Экономика Н. Грегори Мэнкью,2025-03-15,Москва,Питер,Книги,38,1329.0,1425.0,7.0,177.0,4.8,254.0,3.0,"ИП «Самсонова, Зиновьев и Кириллова»",True,False,5,3,1,28.0,1520.0,14.0,1525.0,12.0,1289.0,23.666666666666668,1478.0,20.714285714285715,1569.5,850.0,122.0
Учебник Экономика Н. Грегори Мэнкью,2025-03-15,Уфа,Питер,Книги,29,1382.5,1382.5,0.0,177.5,4.550000000000001,423.0,2.0,ЗАО «Щукин-Тарасова»,True,False,5,3,1,38.0,1329.0,5.0,1585.0,13.0,1730.0,31.666666666666668,1410.5,23.0,1519.857142857143,1620.0,104.0
Учебник Экономика Н. Грегори Мэнкью,2025-03-16,Екатеринбург,Питер,Книги,24,1715.0,1715.0,0.0,438.0,4.3,465.0,3.0,"ЗАО «Денисова, Степанова и Фролов»",True,False,6,3,1,29.0,1382.5,28.0,1520.0,16.0,1700.0,30.333333333333332,1475.5,24.142857142857142,1522.0,1302.0,99.0
Учебник Экономика Н. Грегори Мэнкью,2025-03-17,Казань,Питер,Книги,16,1570.0,1570.0,0.0,419.0,4.7,273.0,5.0,ООО «Борисова»,False,False,0,3,1,24.0,1715.0,38.0,1329.0,31.0,1597.5,23.0,1555.8333333333333,22.0,1518.0714285714287,1410.0,91.0
Учебник Экономика Н. Грегори Мэнкью,2025-03-17,Москва,Питер,Книги,15,1630.0,1630.0,0.0,394.0,4.6,590.0,3.0,АО «Никонов»,False,False,0,3,1,16.0,1570.0,29.0,1382.5,14.0,1525.0,18.333333333333332,1638.3333333333333,22.142857142857142,1533.0714285714287,1461.6666666666667,105.0
Учебник Экономика Н. Грегори Мэнкью,2025-03-17,Самара,Питер,Книги,10,1300.0,1300.0,0.0,426.0,4.5,456.0,2.0,НПО «Третьяков»,False,False,0,3,1,15.0,1630.0,24.0,1715.0,5.0,1585.0,13.666666666666666,1500.0,22.857142857142858,1492.357142857143,780.0,118.0
Учебник Экономика Н. Грегори Мэнкью,2025-03-17,Санкт-Петербург,Питер,Книги,13,1415.0,1415.0,0.0,435.0,4.6,598.0,3.0,ИП «Исакова-Федотов»,False,False,0,3,1,10.0,1300.0,16.0,1570.0,28.0,1520.0,12.666666666666666,1448.3333333333333,20.714285714285715,1477.357142857143,1490.0,111.0
Учебник Экономика Н. Грегори Мэнкью,2025-03-18,Новосибирск,Питер,Книги,15,850.0,1540.0,44.0,256.0,4.8,620.0,5.0,ООО «Молчанов Логинова»,False,False,1,3,1,13.0,1415.0,15.0,1630.0,38.0,1329.0,12.666666666666666,1188.3333333333333,17.428571428571427,1408.9285714285713,1560.0,106.0
Учебник Экономика Н. Грегори Мэнкью,2025-03-19,Новосибирск,Питер,Книги,11,1620.0,1620.0,0.0,402.0,4.5,376.0,2.0,ООО «Сазонова Мясников»,False,False,2,3,1,15.0,850.0,10.0,1300.0,29.0,1382.5,13.0,1295.0,14.857142857142858,1442.857142857143,1159.0,120.0
Учебник Экономика Н. Грегори Мэнкью,2025-03-19,Ростов-на-Дону,Питер,Книги,19,1302.0,1494.5,11.0,278.0,4.35,318.0,4.5,АО «Родионов Волкова»,False,False,2,3,1,11.0,1620.0,13.0,1415.0,24.0,1715.0,15.0,1257.3333333333333,14.142857142857142,1383.857142857143,1420.0,115.0
Учебник Экономика Н. Грегори Мэнкью,2025-03-19,Самара,Питер,Книги,8,1410.0,1410.0,0.0,94.0,4.5,551.0,5.0,РАО «Кабанов Алексеева»,False,False,2,3,1,19.0,1302.0,15.0,850.0,16.0,1570.0,12.666666666666666,1444.0,13.0,1361.0,940.0,117.0
Учебник Экономика Н. Грегори Мэнкью,2025-03-19,Челябинск,Питер,Книги,29,1461.6666666666667,1461.6666666666667,0.0,344.0,4.5,302.3333333333333,2.3333333333333335,НПО «Богданов-Шарова»,False,False,2,3,1,8.0,1410.0,11.0,1620.0,15.0,1630.0,18.666666666666668,1391.2222222222224,15.0,1336.9523809523812,885.0,107.0
Футболка Befree оверсайз,2025-03-01,Москва,Befree,Одежда,44,1139.0,1139.0,0.0,470.0,4.3,379.0,3.0,"ООО «Моисеева, Самойлова и Белякова»",True,False,5,3,1,,,,,,,,,,,1139.0,69.0
Футболка Befree оверсайз,2025-03-01,Нижний Новгород,Befree,Одежда,12,555.0,809.0,31.0,184.0,4.2,444.0,5.0,ИП «Осипов»,True,False,5,3,1,44.0,1139.0,,,,,,,,,1107.0,88.0
Футболка Befree оверсайз,2025-03-01,Уфа,Befree,Одежда,15,779.0,1150.0,32.0,489.0,3.9,372.0,5.0,Ростсельмаш,True,False,5,3,1,12.0,555.0,,,,,23.666666666666668,824.3333333333334,,,985.0,83.0
Футболка Befree оверсайз,2025-03-02,Новосибирск,Befree,Одежда,9,890.0,890.0,0.0,210.0,4.1,203.0,2.0,ЗАО «Кошелева Наумов»,True,False,6,3,1,15.0,779.0,44.0,1139.0,,,12.0,741.3333333333334,,,780.0,100.0
Футболка Befree оверсайз,2025-03-02,Уфа,Befree,Одежда,14,570.0,930.0,38.0,514.0,3.9,259.0,1.0,РАО «Игнатьева»,True,False,6,3,1,9.0,890.0,12.0,555.0,,,12.666666666666666,746.3333333333334,,,1080.0,93.0
Футболка Befree оверсайз,2025-03-03,Казань,Befree,Одежда,6,680.0,999.0,32.0,25.0,3.9,534.0,2.0,ОАО «Романова-Орехова»,False,False,0,3,1,14.0,570.0,15.0,779.0,,,9.666666666666666,713.3333333333334,,,665.0,93.0
Футболка Befree оверсайз,2025-03-03,Уфа,Befree,Одежда,4,950.0,950.0,0.0,455.0,3.8,220.0,3.0,ЗАО «Рыбаков»,False,False,0,3,1,6.0,680.0,9.0,890.0,,,8.0,733.3333333333334,14.857142857142858,794.7142857142857,710.0,100.0
Футболка Befree оверсайз,2025-03-04,Екатеринбург,Befree,Одежда,9,1139.0,1139.0,0.0,150.0,3.9,267.0,5.0,"РАО «Блинов, Ефимова и Евсеева»",False,False,1,3,1,4.0,950.0,14.0,570.0,44.0,1139.0,6.333333333333333,923.0,9.857142857142858,794.7142857142857,602.5,111.0
Футболка Befree оверсайз,2025-03-04,Москва,Befree,Одежда,31,1107.0,1107.0,0.0,313.5,3.8499999999999996,393.0,2.0,ОАО «Кузнецов»,False,False,1,3,1,9.0,1139.0,6.0,680.0,12.0,555.0,14.666666666666666,1065.3333333333333,12.571428571428571,873.5714285714286,940.0,87.0
Футболка Befree оверсайз,2025-03-04,Ростов-на-Дону,Befree,Одежда,10,985.0,985.0,0.0,475.0,4.0,297.0,2.0,НПО «Сидорова-Захаров»,False,False,1,3,1,31.0,1107.0,4.0,950.0,15.0,779.0,16.666666666666668,1077.0,11.857142857142858,903.0,559.0,83.0
Футболка Befree оверсайз,2025-03-05,Казань,Befree,Одежда,26,780.0,970.0,18.666666666666668,143.33333333333334,4.0,378.0,4.666666666666667,ООО «Дьячков Яковлева»,False,False,2,3,1,10.0,985.0,9.0,1139.0,9.0,890.0,22.333333333333332,957.3333333333334,14.285714285714286,887.2857142857143,835.0,63.0
Футболка Befree оверсайз,2025-03-05,Нижний Новгород,Befree,Одежда,7,1080.0,1080.0,0.0,337.0,4.1,310.0,1.0,"ЗАО «Фомичева, Артемьева и Новиков»",False,False,2,3,1,26.0,780.0,31.0,1107.0,14.0,570.0,14.333333333333334,948.3333333333334,13.285714285714286,960.1428571428571,490.0,63.0
Футболка Befree оверсайз,2025-03-05,Новосибирск,Befree,Одежда,6,665.0,1049.0,36.0,150.0,4.0,414.0,3.0,ООО «Кононова»,False,False,2,3,1,7.0,1080.0,10.0,985.0,6.0,680.0,13.0,841.6666666666666,13.285714285714286,958.0,865.0,63.0
Футболка Befree оверсайз,2025-03-05,Санкт-Петербург,Befree,Одежда,11,710.0,1039.0,32.0,232.0,3.7,319.0,7.0,ООО «Суханов»,False,False,2,3,1,6.0,665.0,26.0,780.0,4.0,950.0,8.0,818.3333333333334,14.285714285714286,923.7142857142857,934.5,66.0
Футболка Befree оверсайз,2025-03-05,Челябинск,Befree,Одежда,20,602.5,950.0,36.5,208.5,4.05,405.0,2.5,Восток-Запад,False,False,2,3,1,11.0,710.0,7.0,1080.0,9.0,1139.0,12.333333333333334,659.1666666666666,15.857142857142858,847.0714285714286,859.0,51.0
Футболка Befree оверсайз,2025-03-06,Казань,Befree,Одежда,7,940.0,940.0,0.0,323.0,4.1,233.0,2.0,ООО «Беляева-Рыбаков»,False,False,3,3,1,20.0,602.5,6.0,665.0,31.0,1107.0,12.666666666666666,750.8333333333334,12.428571428571429,823.2142857142857,555.0,74.0
Футболка Befree оверсайз,2025-03-06,Челябинск,Befree,Одежда,6,559.0,910.0,38.0,130.0,3.7,287.0,2.0,ЗАО «Овчинникова Одинцов»,False,False,3,3,1,7.0,940.0,11.0,710.0,10.0,985.0,11.0,700.5,11.857142857142858,762.3571428571429,1170.0,99.0
Футболка Befree оверсайз,2025-03-07,Казань,Befree,Одежда,6,835.0,980.0,14.0,386.0,3.8,397.0,1.0,"ЗАО «Турова, Турова и Мухина»",False,False,4,3,1,6.0,559.0,20.0,602.5,26.0,780.0,6.333333333333333,778.0,9.0,770.2142857142857,995.0,115.0
Футболка Befree оверсайз,2025-03-07,Новосибирск,Befree,Одежда,7,490.0,990.0,50.0,227.0,4.2,574.0,2.0,"ИП «Носов, Молчанов и Зыков»",False,False,4,3,1,6.0,835.0,7.0,940.0,7.0,1080.0,6.333333333333333,628.0,9.0,685.9285714285714,795.0,147.0
Футболка Befree оверсайз,2025-03-07,Самара,Befree,Одежда,6,865.0,1100.0,21.0,450.0,4.3,426.0,2.0,Артемьев Лимитед,False,False,4,3,1,7.0,490.0,6.0,559.0,6.0,665.0,6.333333333333333,730.0,9.0,714.5,970.0,163.0
Футболка Befree оверсайз,2025-03-07,Уфа,Befree,Одежда,14,934.5,987.0,4.5,302.0,3.8499999999999996,437.0,2.5,"НПО «Потапов, Родионова и Горшкова»",False,False,4,3,1,6.0,865.0,6.0,835.0,11.0,710.0,9.0,763.1666666666666,9.428571428571429,746.5714285714286,839.0,158.0
Футболка Befree оверсайз,2025-03-07,Челябинск,Befree,Одежда,5,859.0,859.0,0.0,408.0,4.2,217.0,5.0,Зайцев Групп,False,False,4,3,1,14.0,934.5,7.0,490.0,20.0,602.5,8.333333333333334,886.1666666666666,7.285714285714286,783.2142857142857,1100.0,176.0
Футболка Befree оверсайз,2025-03-08,Екатеринбург,Befree,Одежда,30,555.0,969.0,42.0,377.0,4.2,336.0,1.0,ЗАО «Мухина Щербаков»,True,True,5,3,1,5.0,859.0,6.0,865.0,7.0,940.0,16.333333333333332,782.8333333333334,10.571428571428571,728.2142857142857,1010.0,158.0
Футболка Befree оверсайз,2025-03-08,Казань,Befree,Одежда,31,1170.0,1170.0,0.0,245.0,4.2,321.0,3.0,Михайлова Лтд,True,True,5,3,1,30.0,555.0,14.0,934.5,6.0,559.0,22.0,861.3333333333334,14.142857142857142,815.5,1009.0,139.0
Футболка Befree оверсайз,2025-03-08,Ростов-на-Дону,Befree,Одежда,22,995.0,995.0,0.0,289.0,3.9,403.0,7.0,АО «Дьячкова Баранов»,True,True,5,3,1,31.0,1170.0,5.0,859.0,6.0,835.0,27.666666666666668,906.6666666666666,16.428571428571427,838.3571428571429,1119.0,128.0
Футболка Befree оверсайз,2025-03-08,Самара,Befree,Одежда,39,795.0,995.0,20.0,142.0,4.0,368.0,2.0,Группа М.Видео-Эльдорадо,True,True,5,3,1,22.0,995.0,30.0,555.0,7.0,490.0,30.666666666666668,986.6666666666666,21.0,881.9285714285714,855.0,97.0
Футболка Befree оверсайз,2025-03-09,Екатеринбург,Befree,Одежда,22,970.0,970.0,0.0,197.0,3.7,332.0,2.0,ТМК Чермет,True,False,6,3,1,39.0,795.0,31.0,1170.0,6.0,865.0,27.666666666666668,920.0,23.285714285714285,896.9285714285714,420.0,85.0
Футболка Befree оверсайз,2025-03-09,Нижний Новгород,Befree,Одежда,9,839.0,839.0,0.0,192.0,3.9,501.0,3.0,ООО «Коновалов Николаева»,True,False,6,3,1,22.0,970.0,22.0,995.0,14.0,934.5,23.333333333333332,868.0,22.571428571428573,883.2857142857143,1110.0,81.0
Футболка Befree оверсайз,2025-03-09,Санкт-Петербург,Befree,Одежда,23,1100.0,1100.0,0.0,440.0,4.0,375.0,2.0,Продимекс-Холдинг,True,False,6,3,1,9.0,839.0,39.0,795.0,5.0,859.0,18.0,969.6666666666666,25.142857142857142,917.7142857142857,1150.0,72.0
Футболка Befree оверсайз,2025-03-09,Уфа,Befree,Одежда,12,1010.0,1010.0,0.0,333.0,4.0,285.0,2.0,Углетранс,True,False,6,3,1,23.0,1100.0,22.0,970.0,30.0,555.0,14.666666666666666,983.0,22.571428571428573,982.7142857142857,1189.0,89.0
Футболка Befree оверсайз,2025-03-10,Нижний Новгород,Befree,Одежда,12,1009.0,1009.0,0.0,290.0,3.8,248.0,2.0,ОАО «Семенова Логинова»,False,False,0,3,1,12.0,1010.0,9.0,839.0,31.0,1170.0,15.666666666666666,1039.6666666666667,19.857142857142858,959.7142857142857,1160.0,85.0
Футболка Befree оверсайз,2025-03-10,Санкт-Петербург,Befree,Одежда,11,1119.0,1119.0,0.0,211.0,3.8,584.0,2.0,"РАО «Медведева, Большакова и Никитин»",False,False,0,3,1,12.0,1009.0,23.0,1100.0,22.0,995.0,11.666666666666666,1046.0,18.285714285714285,977.4285714285714,835.0,100.0
Футболка Befree оверсайз,2025-03-11,Екатеринбург,Befree,Одежда,8,855.0,855.0,0.0,281.0,3.9,373.0,3.0,"НПО «Дроздов, Савин и Федосеева»",False,False,1,3,1,11.0,1119.0,12.0,1010.0,39.0,795.0,10.333333333333334,994.3333333333334,13.857142857142858,986.0,500.0,99.0
Футболка Befree оверсайз,2025-03-11,Москва,Befree,Одежда,10,420.0,815.0,48.0,256.0,4.0,435.0,3.0,АСЦ-Холдинг,False,False,1,3,1,8.0,855.0,12.0,1009.0,22.0,970.0,9.666666666666666,798.0,12.142857142857142,907.4285714285714,1070.0,107.0
Футболка Befree оверсайз,2025-03-11,Нижний Новгород,Befree,Одежда,5,1110.0,1110.0,0.0,44.0,3.9,412.0,1.0,РАО «Ларионов-Горшков»,False,False,1,3,1,10.0,420.0,11.0,1119.0,9.0,839.0,7.666666666666667,795.0,11.571428571428571,946.1428571428571,480.0,112.0
Футболка Befree оверсайз,2025-03-11,Санкт-Петербург,Befree,Одежда,14,1150.0,1150.0,0.0,452.0,4.0,401.0,2.0,Зыкова Групп,False,False,1,3,1,5.0,1110.0,8.0,855.0,23.0,1100.0,9.666666666666666,893.3333333333334,10.285714285714286,953.2857142857143,1109.0,115.0
Футболка Befree оверсайз,2025-03-12,Москва,Befree,Одежда,29,1189.0,1189.0,0.0,513.0,4.3,307.0,5.0,ООО «Гордеева»,False,False,2,3,1,14.0,1150.0,10.0,420.0,12.0,1010.0,16.0,1149.6666666666667,12.714285714285714,978.8571428571429,970.0,102.0
Футболка Befree оверсайз,2025-03-13,Казань,Befree,Одежда,8,1160.0,1160.0,0.0,71.0,3.8,298.0,5.0,ЗАО «Антонова Наумов»,False,False,3,3,1,29.0,1189.0,5.0,1110.0,12.0,1009.0,17.0,1166.3333333333333,12.142857142857142,1000.4285714285714,1074.0,121.0
Футболка Befree оверсайз,2025-03-13,Москва,Befree,Одежда,26,835.0,960.0,14.0,276.0,3.95,540.0,2.5,ЗАО «Архипова»,False,False,3,3,1,8.0,1160.0,14.0,1150.0,11.0,1119.0,21.0,1061.3333333333333,14.285714285714286,959.8571428571429,855.0,105.0
Футболка Befree оверсайз,2025-03-13,Ростов-на-Дону,Befree,Одежда,7,500.0,989.0,49.0,258.0,4.0,539.0,2.0,Андреева Групп,False,False,3,3,1,26.0,835.0,29.0,1189.0,8.0,855.0,13.666666666666666,831.6666666666666,14.142857142857142,909.1428571428571,900.0,117.0
Футболка Befree оверсайз,2025-03-13,Санкт-Петербург,Befree,Одежда,18,1070.0,1070.0,0.0,85.0,3.9,583.0,2.0,Модум-транс,False,False,3,3,1,7.0,500.0,8.0,1160.0,10.0,420.0,17.0,801.6666666666666,15.285714285714286,1002.0,835.0,110.0
Футболка Befree оверсайз,2025-03-13,Челябинск,Befree,Одежда,10,480.0,859.0,44.0,402.0,4.1,577.0,5.0,Каменск-Уральский металлургический завод,False,False,3,3,1,18.0,1070.0,26.0,835.0,5.0,1110.0,11.666666666666666,683.3333333333334,16.0,912.0,1145.0,138.0
Футболка Befree оверсайз,2025-03-14,Екатеринбург,Befree,Одежда,17,1109.0,1109.0,0.0,486.0,4.0,271.0,2.0,"РАО «Дмитриев, Кузьмина и Тарасова»",False,False,4,3,1,10.0,480.0,7.0,500.0,14.0,1150.0,15.0,886.3333333333334,16.428571428571427,906.1428571428571,595.0,131.0
Футболка Befree оверсайз,2025-03-14,Москва,Befree,Одежда,16,970.0,1085.0,10.0,382.0,4.3,571.0,3.0,БСС,False,False,4,3,1,17.0,1109.0,18.0,1070.0,29.0,1189.0,14.333333333333334,853.0,14.571428571428571,874.8571428571429,969.0,129.0
Футболка Befree оверсайз,2025-03-14,Новосибирск,Befree,Одежда,27,1074.0,1137.0,5.5,226.5,3.75,435.0,5.0,Горшкова Групп,False,False,4,3,1,16.0,970.0,10.0,480.0,8.0,1160.0,20.0,1051.0,17.285714285714285,862.5714285714286,939.0,122.0
Футболка Befree оверсайз,2025-03-14,Челябинск,Befree,Одежда,10,855.0,855.0,0.0,491.0,4.2,358.0,3.0,ООО «Вишнякова Устинов»,False,False,4,3,1,27.0,1074.0,17.0,1109.0,26.0,835.0,17.666666666666668,966.3333333333334,15.0,865.4285714285714,1089.0,121.0
Футболка Befree оверсайз,2025-03-15,Новосибирск,Befree,Одежда,19,900.0,989.0,8.0,306.0,3.9,467.0,1.0,"НПО «Крюкова, Ефимов и Коновалова»",True,False,5,3,1,10.0,855.0,16.0,970.0,7.0,500.0,18.666666666666668,943.0,16.714285714285715,922.5714285714286,804.5,129.0
Футболка Befree оверсайз,2025-03-16,Екатеринбург,Befree,Одежда,11,835.0,1180.0,29.0,147.0,3.9,564.0,7.0,Интернешнл Пейпер (International Paper),True,False,6,3,1,19.0,900.0,27.0,1074.0,18.0,1070.0,13.333333333333334,863.3333333333334,15.714285714285714,889.0,1010.0,146.0
Футболка Befree оверсайз,2025-03-16,Москва,Befree,Одежда,38,1145.0,1145.0,0.0,200.0,4.3,546.0,5.0,ЗАО «Маслова-Моисеева»,True,False,6,3,1,11.0,835.0,10.0,855.0,10.0,480.0,22.666666666666668,960.0,19.714285714285715,984.0,1120.0,118.0
Футболка Befree оверсайз,2025-03-16,Новосибирск,Befree,Одежда,10,595.0,1090.0,45.0,505.0,4.0,514.0,7.0,ООО «Лапина»,True,False,6,3,1,38.0,1145.0,19.0,900.0,17.0,1109.0,19.666666666666668,858.3333333333334,18.714285714285715,910.5714285714286,849.0,126.0
Футболка Befree оверсайз,2025-03-17,Казань,Befree,Одежда,14,969.0,969.0,0.0,506.0,4.2,384.0,1.0,ИП «Гущин-Крюков»,False,False,0,3,1,10.0,595.0,11.0,835.0,16.0,970.0,20.666666666666668,903.0,18.428571428571427,910.4285714285714,880.0,118.0
Футболка Befree оверсайз,2025-03-17,Москва,Befree,Одежда,20,939.0,1130.0,17.0,511.0,4.2,512.0,3.0,ЗАО «Афанасьев Владимиров»,False,False,0,3,1,14.0,969.0,38.0,1145.0,27.0,1074.0,14.666666666666666,834.3333333333334,17.428571428571427,891.1428571428571,979.5,114.0
Футболка Befree оверсайз,2025-03-17,Ростов-на-Дону,Befree,Одежда,9,1089.0,1089.0,0.0,174.0,4.3,564.0,1.0,Остин,False,False,0,3,1,20.0,939.0,10.0,595.0,10.0,855.0,14.333333333333334,999.0,17.285714285714285,924.5714285714286,1159.0,110.0
Футболка Befree оверсайз,2025-03-17,Санкт-Петербург,Befree,Одежда,27,804.5,1014.5,23.5,253.0,3.8,334.5,4.0,Исаков и партнеры,False,False,0,3,1,9.0,1089.0,14.0,969.0,19.0,900.0,18.666666666666668,944.1666666666666,18.428571428571427,910.9285714285714,960.0,91.0
Футболка Befree оверсайз,2025-03-18,Москва,Befree,Одежда,28,1010.0,1010.0,0.0,509.0,4.1,505.0,7.0,РАО «Сергеев-Панова»,False,False,1,3,1,27.0,804.5,20.0,939.0,11.0,835.0,21.333333333333332,967.8333333333334,20.857142857142858,935.9285714285714,1030.0,72.0
Футболка Befree оверсайз,2025-03-19,Казань,Befree,Одежда,10,1120.0,1120.0,0.0,469.0,3.9,308.0,1.0,Ершова Лимитед,False,False,2,3,1,28.0,1010.0,9.0,1089.0,38.0,1145.0,21.666666666666668,978.1666666666666,16.857142857142858,932.3571428571429,795.0,77.0
Футболка Befree оверсайз,2025-03-19,Москва,Befree,Одежда,18,849.0,945.0,10.0,319.0,4.0,203.0,7.0,ОАО «Медведева»,False,False,2,3,1,10.0,1120.0,27.0,804.5,10.0,595.0,18.666666666666668,993.0,18.0,968.6428571428571,525.0,69.0
Футболка Befree оверсайз,2025-03-19,Новосибирск,Befree,Одежда,6,880.0,880.0,0.0,429.0,4.0,468.0,3.0,ИП «Селезнева-Третьякова»,False,False,2,3,1,18.0,849.0,28.0,1010.0,14.0,969.0,11.333333333333334,949.6666666666666,16.857142857142858,955.9285714285714,1115.0,72.0
Футболка Befree оверсайз,2025-03-19,Уфа,Befree,Одежда,16,979.5,979.5,0.0,169.5,3.75,416.0,3.5,РАО «Воронова Гущин»,False,False,2,3,1,6.0,880.0,10.0,1120.0,20.0,939.0,13.333333333333334,902.8333333333334,16.285714285714285,961.7142857142857,950.0,72.0
Футболка H&M premium,2025-03-01,Новосибирск,H&M,Одежда,9,1270.0,1545.0,17.0,403.0,4.2,475.0,5.0,Цветкова Инкорпорэйтед,True,False,5,3,1,,,,,,,,,,,1330.0,118.0
Футболка H&M premium,2025-03-01,Уфа,H&M,Одежда,27,1380.0,1584.5,13.0,283.0,4.300000000000001,442.0,2.5,НИПИ НГ Петон,True,False,5,3,1,9.0,1270.0,,,,,,,,,1229.0,98.0
Футболка H&M premium,2025-03-01,Челябинск,H&M,Одежда,10,1260.0,1260.0,0.0,70.0,4.3,280.0,7.0,Кузнецова Инк,True,False,5,3,1,27.0,1380.0,,,,,15.333333333333334,1303.3333333333333,,,1047.5,110.0
Футболка H&M premium,2025-03-02,Екатеринбург,H&M,Одежда,22,1080.0,1609.0,33.0,377.0,4.3,340.0,7.0,Агафонова и партнеры,True,False,6,3,1,10.0,1260.0,9.0,1270.0,,,19.666666666666668,1240.0,,,1149.0,102.0
Футболка H&M premium,2025-03-02,Челябинск,H&M,Одежда,12,1369.0,1369.0,0.0,339.0,4.4,526.0,1.0,РАО «Игнатова-Голубева»,True,False,6,3,1,22.0,1080.0,27.0,1380.0,,,14.666666666666666,1236.3333333333333,,,1165.0,101.0
Футболка H&M premium,2025-03-03,Москва,H&M,Одежда,28,1785.0,1785.0,0.0,72.0,3.9,433.0,3.0,"ООО «Давыдов, Шилов и Горбачев»",False,False,0,3,1,12.0,1369.0,10.0,1260.0,,,20.666666666666668,1411.3333333333333,,,1389.0,82.0
Футболка H&M premium,2025-03-03,Ростов-на-Дону,H&M,Одежда,11,1720.0,1720.0,0.0,479.0,4.1,569.0,2.0,ИП «Данилова-Ширяева»,False,False,0,3,1,28.0,1785.0,22.0,1080.0,,,17.0,1624.6666666666667,17.0,1409.142857142857,1040.0,77.0
Футболка H&M premium,2025-03-03,Самара,H&M,Одежда,8,1330.0,1660.0,20.0,298.0,4.2,376.0,2.0,Группа агропредприятий Ресурс,False,False,0,3,1,11.0,1720.0,12.0,1369.0,9.0,1270.0,15.666666666666666,1611.6666666666667,16.857142857142858,1417.7142857142858,1599.0,82.0
Футболка H&M premium,2025-03-03,Уфа,H&M,Одежда,7,1229.0,1229.0,0.0,210.0,4.5,213.0,5.0,Савельев Групп,False,False,0,3,1,8.0,1330.0,28.0,1785.0,27.0,1380.0,8.666666666666666,1426.3333333333333,14.0,1396.142857142857,1329.0,93.0
Футболка H&M premium,2025-03-05,Екатеринбург,H&M,Одежда,22,1047.5,1332.0,23.5,241.0,4.300000000000001,255.5,2.5,"РАО «Корнилов, Матвеев и Попова»",False,False,2,3,1,7.0,1229.0,11.0,1720.0,10.0,1260.0,12.333333333333334,1202.1666666666667,15.714285714285714,1365.7857142857142,1560.0,86.0
Футболка H&M premium,2025-03-05,Москва,H&M,Одежда,14,1149.0,1420.0,19.0,162.0,4.3,554.0,7.0,ЗАО «Баранов Коновалова»,False,False,2,3,1,22.0,1047.5,8.0,1330.0,22.0,1080.0,14.333333333333334,1141.8333333333333,14.571428571428571,1375.642857142857,1385.0,85.0
Футболка H&M premium,2025-03-05,Нижний Новгород,H&M,Одежда,11,1165.0,1459.0,20.0,41.0,4.2,237.0,5.0,Терентьев Групп,False,False,2,3,1,14.0,1149.0,7.0,1229.0,12.0,1369.0,15.666666666666666,1120.5,14.428571428571429,1346.5,1365.0,91.0
Футболка H&M premium,2025-03-05,Новосибирск,H&M,Одежда,9,1389.0,1389.0,0.0,416.0,3.9,264.0,2.0,РАО «Богданова»,False,False,2,3,1,11.0,1165.0,22.0,1047.5,28.0,1785.0,11.333333333333334,1234.3333333333333,11.714285714285714,1289.9285714285713,1310.0,94.0
Футболка H&M premium,2025-03-05,Самара,H&M,Одежда,6,1040.0,1249.0,17.0,493.0,4.5,523.0,7.0,ИП «Стрелкова Шубина»,False,False,2,3,1,9.0,1389.0,14.0,1149.0,11.0,1720.0,8.666666666666666,1198.0,11.0,1192.7857142857142,1660.0,117.0
Футболка H&M premium,2025-03-05,Санкт-Петербург,H&M,Одежда,13,1599.0,1599.0,0.0,347.0,4.0,247.0,2.0,"ИП «Зуев, Дорофеев и Доронин»",False,False,2,3,1,6.0,1040.0,11.0,1165.0,8.0,1330.0,9.333333333333334,1342.6666666666667,11.714285714285714,1231.2142857142858,1300.0,123.0
Футболка H&M premium,2025-03-06,Екатеринбург,H&M,Одежда,18,1329.0,1525.0,13.0,50.0,4.1,512.0,7.0,Такеда Фармасьютикалс (Takeda Pharmaceutical),False,False,3,3,1,13.0,1599.0,9.0,1389.0,7.0,1229.0,12.333333333333334,1322.6666666666667,13.285714285714286,1245.5,860.0,131.0
Футболка H&M premium,2025-03-06,Новосибирск,H&M,Одежда,15,1560.0,1560.0,0.0,420.0,4.0,366.0,2.0,Астеллас Фарма,False,False,3,3,1,18.0,1329.0,6.0,1040.0,22.0,1047.5,15.333333333333334,1496.0,12.285714285714286,1318.7142857142858,1420.0,176.0
Футболка H&M premium,2025-03-07,Москва,H&M,Одежда,13,1385.0,1385.0,0.0,455.0,4.2,337.0,3.0,ИП «Кабанов Давыдов»,False,False,4,3,1,15.0,1560.0,13.0,1599.0,14.0,1149.0,15.333333333333334,1424.6666666666667,12.142857142857142,1352.4285714285713,1195.0,199.0
Футболка H&M premium,2025-03-07,Новосибирск,H&M,Одежда,17,1365.0,1689.0,19.0,118.0,4.4,341.0,7.0,Банковский холдинг Альфа-банка,False,False,4,3,1,13.0,1385.0,18.0,1329.0,11.0,1165.0,15.0,1436.6666666666667,13.0,1381.0,1679.0,195.0
Футболка H&M premium,2025-03-07,Санкт-Петербург,H&M,Одежда,12,1310.0,1765.0,26.0,31.0,4.1,582.0,3.0,Дементьев Инкорпорэйтед,False,False,4,3,1,17.0,1365.0,15.0,1560.0,9.0,1389.0,14.0,1353.3333333333333,13.428571428571429,1369.7142857142858,835.0,190.0
Футболка H&M premium,2025-03-08,Екатеринбург,H&M,Одежда,29,1660.0,1660.0,0.0,394.0,4.0,486.0,3.0,"ИП «Нестеров, Одинцов и Аксенова»",True,True,5,3,1,12.0,1310.0,13.0,1385.0,6.0,1040.0,19.333333333333332,1445.0,16.714285714285715,1458.2857142857142,1055.0,166.0
Футболка H&M premium,2025-03-08,Нижний Новгород,H&M,Одежда,19,1300.0,1300.0,0.0,133.0,4.1,241.0,1.0,РАО «Мамонтов Андреев»,True,True,5,3,1,29.0,1660.0,17.0,1365.0,13.0,1599.0,20.0,1423.3333333333333,17.571428571428573,1415.5714285714287,1449.0,163.0
Футболка H&M premium,2025-03-08,Санкт-Петербург,H&M,Одежда,26,860.0,1580.0,45.0,260.0,4.0,306.0,2.0,Меркушева Групп,True,True,5,3,1,19.0,1300.0,12.0,1310.0,18.0,1329.0,24.666666666666668,1273.3333333333333,18.714285714285715,1348.5714285714287,1265.0,146.0
Футболка H&M premium,2025-03-09,Москва,H&M,Одежда,60,1420.0,1489.5,4.0,285.5,4.2,596.5,3.5,ООО «Устинов-Суханов»,True,False,6,3,1,26.0,860.0,29.0,1660.0,15.0,1560.0,35.0,1193.3333333333333,25.142857142857142,1328.5714285714287,1570.0,96.0
Футболка H&M premium,2025-03-09,Санкт-Петербург,H&M,Одежда,36,1195.0,1430.0,16.0,258.0,4.3,291.0,5.0,НПО «Панова Тихонов»,True,False,6,3,1,60.0,1420.0,19.0,1300.0,13.0,1385.0,40.666666666666664,1158.3333333333333,28.428571428571427,1301.4285714285713,955.0,67.0
Футболка H&M premium,2025-03-10,Новосибирск,H&M,Одежда,13,1679.0,1679.0,0.0,401.0,4.3,405.0,3.0,А Групп,False,False,0,3,1,36.0,1195.0,26.0,860.0,17.0,1365.0,36.333333333333336,1431.3333333333333,27.857142857142858,1346.2857142857142,1485.0,60.0
Футболка H&M premium,2025-03-11,Нижний Новгород,H&M,Одежда,7,835.0,1299.0,35.0,466.0,4.1,235.0,1.0,Котов Лтд,False,False,1,3,1,13.0,1679.0,60.0,1420.0,12.0,1310.0,18.666666666666668,1236.3333333333333,27.142857142857142,1278.4285714285713,775.0,61.0
Футболка H&M premium,2025-03-11,Самара,H&M,Одежда,5,1055.0,1509.0,30.0,169.0,4.3,401.0,5.0,"АО «Прохоров, Пестов и Федотов»",False,False,1,3,1,7.0,835.0,36.0,1195.0,29.0,1660.0,8.333333333333334,1189.6666666666667,23.714285714285715,1192.0,1629.0,73.0
Футболка H&M premium,2025-03-11,Санкт-Петербург,H&M,Одежда,16,1449.0,1449.0,0.0,272.0,4.1,329.0,3.0,ЗАО «Исаев-Дьячков»,False,False,1,3,1,5.0,1055.0,13.0,1679.0,19.0,1300.0,9.333333333333334,1113.0,23.285714285714285,1213.2857142857142,1067.0,96.0
Футболка H&M premium,2025-03-11,Челябинск,H&M,Одежда,9,1265.0,1265.0,0.0,340.0,3.9,440.0,2.0,Вишняков Лимитед,False,False,1,3,1,16.0,1449.0,7.0,835.0,26.0,860.0,10.0,1256.3333333333333,20.857142857142858,1271.142857142857,1580.0,117.0
Футболка H&M premium,2025-03-12,Новосибирск,H&M,Одежда,10,1570.0,1570.0,0.0,135.0,4.0,242.0,3.0,ООО «Русакова»,False,False,2,3,1,9.0,1265.0,5.0,1055.0,60.0,1420.0,11.666666666666666,1428.0,13.714285714285714,1292.5714285714287,1350.0,124.0
Футболка H&M premium,2025-03-12,Ростов-на-Дону,H&M,Одежда,7,955.0,1250.0,23.0,301.0,4.2,523.0,3.0,РАО «Гришина-Кудряшов»,False,False,2,3,1,10.0,1570.0,16.0,1449.0,36.0,1195.0,8.666666666666666,1263.3333333333333,9.571428571428571,1258.2857142857142,1065.0,131.0
Футболка H&M premium,2025-03-13,Казань,H&M,Одежда,6,1485.0,1485.0,0.0,209.0,4.1,282.0,3.0,ИП «Денисов Быков»,False,False,3,3,1,7.0,955.0,9.0,1265.0,13.0,1679.0,7.666666666666667,1336.6666666666667,8.571428571428571,1230.5714285714287,1510.0,170.0
Футболка H&M premium,2025-03-13,Нижний Новгород,H&M,Одежда,8,775.0,1320.0,41.0,372.0,4.1,555.0,3.0,ЗАО «Лыткин»,False,False,3,3,1,6.0,1485.0,10.0,1570.0,7.0,835.0,7.0,1071.6666666666667,8.714285714285714,1222.0,1339.0,184.0
Футболка H&M premium,2025-03-13,Новосибирск,H&M,Одежда,17,1629.0,1629.0,0.0,299.0,4.3,260.0,3.0,Ершова Групп,False,False,3,3,1,8.0,775.0,7.0,955.0,5.0,1055.0,10.333333333333334,1296.3333333333333,10.428571428571429,1304.0,1240.0,183.0
Футболка H&M premium,2025-03-13,Санкт-Петербург,H&M,Одежда,39,1067.0,1449.5,27.0,329.0,4.300000000000001,343.5,3.5,НЛМК,False,False,3,3,1,17.0,1629.0,6.0,1485.0,16.0,1449.0,21.333333333333332,1157.0,13.714285714285714,1249.4285714285713,1380.0,173.0
Футболка H&M premium,2025-03-14,Москва,H&M,Одежда,30,1580.0,1580.0,0.0,71.0,4.5,565.0,5.0,"ИП «Муравьева, Ситников и Гусева»",False,False,4,3,1,39.0,1067.0,8.0,775.0,9.0,1265.0,28.666666666666668,1425.3333333333333,16.714285714285715,1294.4285714285713,1470.0,173.0
Футболка H&M premium,2025-03-14,Новосибирск,H&M,Одежда,17,1350.0,1350.0,0.0,498.0,4.2,579.0,5.0,НПО «Афанасьев-Абрамова»,False,False,4,3,1,30.0,1580.0,17.0,1629.0,10.0,1570.0,28.666666666666668,1332.3333333333333,17.714285714285715,1263.0,1329.0,179.0
Футболка H&M premium,2025-03-14,Санкт-Петербург,H&M,Одежда,14,1065.0,1255.0,15.0,436.0,4.4,497.0,1.0,Шестаков Инк,False,False,4,3,1,17.0,1350.0,39.0,1067.0,7.0,955.0,20.333333333333332,1331.6666666666667,18.714285714285715,1278.7142857142858,1549.0,174.0
Футболка H&M premium,2025-03-15,Москва,H&M,Одежда,45,1510.0,1510.0,0.0,108.0,4.2,385.0,2.0,Полиметалл,True,False,5,3,1,14.0,1065.0,30.0,1580.0,6.0,1485.0,25.333333333333332,1308.3333333333333,24.285714285714285,1282.2857142857142,1559.0,139.0
Футболка H&M premium,2025-03-15,Нижний Новгород,H&M,Одежда,22,1339.0,1339.0,0.0,266.0,4.2,235.0,5.0,РАО «Молчанова Галкина»,True,False,5,3,1,45.0,1510.0,17.0,1350.0,8.0,775.0,27.0,1304.6666666666667,26.285714285714285,1362.857142857143,1469.0,130.0
Футболка H&M premium,2025-03-15,Новосибирск,H&M,Одежда,16,1240.0,1240.0,0.0,184.0,4.0,517.0,3.0,ООО «Иванов-Ширяев»,True,False,5,3,1,22.0,1339.0,14.0,1065.0,17.0,1629.0,27.666666666666668,1363.0,26.142857142857142,1307.2857142857142,1500.0,125.0
Футболка H&M premium,2025-03-15,Санкт-Петербург,H&M,Одежда,29,1380.0,1380.0,0.0,130.0,4.0,534.0,7.0,ЗАО «Терентьев Михеева»,True,False,5,3,1,16.0,1240.0,45.0,1510.0,39.0,1067.0,22.333333333333332,1319.6666666666667,24.714285714285715,1352.0,1470.0,123.0
Футболка H&M premium,2025-03-15,Челябинск,H&M,Одежда,30,1470.0,1470.0,0.0,156.5,4.4,599.5,4.0,Ресурс,True,False,5,3,1,29.0,1380.0,22.0,1339.0,30.0,1580.0,25.0,1363.3333333333333,24.714285714285715,1336.2857142857142,1520.0,104.0
Футболка H&M premium,2025-03-16,Екатеринбург,H&M,Одежда,23,1329.0,1329.0,0.0,272.0,4.0,280.0,2.0,"РАО «Романова, Пахомов и Стрелкова»",True,False,6,3,1,30.0,1470.0,16.0,1240.0,17.0,1350.0,27.333333333333332,1393.0,25.571428571428573,1333.2857142857142,1519.0,93.0
Футболка H&M premium,2025-03-16,Челябинск,H&M,Одежда,9,1549.0,1549.0,0.0,389.0,4.1,572.0,3.0,Герасимова Лимитед,True,False,6,3,1,23.0,1329.0,29.0,1380.0,14.0,1065.0,20.666666666666668,1449.3333333333333,24.857142857142858,1402.4285714285713,1431.3333333333333,107.0
Футболка H&M premium,2025-03-17,Ростов-на-Дону,H&M,Одежда,10,1559.0,1559.0,0.0,314.0,4.1,547.0,7.0,"АО «Князева, Сазонова и Носова»",False,False,0,3,1,9.0,1549.0,30.0,1470.0,45.0,1510.0,14.0,1479.0,19.857142857142858,1409.4285714285713,1220.0,102.0
Футболка H&M premium,2025-03-17,Самара,H&M,Одежда,13,1469.0,1469.0,0.0,107.0,4.4,324.0,2.0,ОАО «Дмитриев Гущин»,False,False,0,3,1,10.0,1559.0,23.0,1329.0,22.0,1339.0,10.666666666666666,1525.6666666666667,18.571428571428573,1428.0,1600.0,107.0
Футболка H&M premium,2025-03-18,Нижний Новгород,H&M,Одежда,11,1500.0,1500.0,0.0,294.0,4.3,536.0,2.0,Сахалин Энерджи,False,False,1,3,1,13.0,1469.0,9.0,1549.0,16.0,1240.0,11.333333333333334,1509.3333333333333,17.857142857142858,1465.142857142857,1481.3333333333333,142.0
Футболка H&M premium,2025-03-18,Новосибирск,H&M,Одежда,27,1470.0,1470.0,0.0,437.5,4.2,424.5,4.0,Мон Дэлис (Mondelez),False,False,1,3,1,11.0,1500.0,10.0,1559.0,29.0,1380.0,17.0,1479.6666666666667,17.571428571428573,1478.0,1790.0,122.0
Футболка H&M premium,2025-03-18,Ростов-на-Дону,H&M,Одежда,11,1520.0,1520.0,0.0,345.0,4.3,338.0,2.0,ЗАО «Ситников Захарова»,False,False,1,3,1,27.0,1470.0,13.0,1469.0,30.0,1470.0,16.333333333333332,1496.6666666666667,14.857142857142858,1485.142857142857,1740.0,123.0
Футболка H&M premium,2025-03-18,Уфа,H&M,Одежда,12,1519.0,1519.0,0.0,335.0,4.4,421.0,2.0,НПО «Орлов»,False,False,1,3,1,11.0,1520.0,11.0,1500.0,23.0,1329.0,16.666666666666668,1503.0,13.285714285714286,1512.2857142857142,1410.0,122.0
Футболка H&M premium,2025-03-18,Челябинск,H&M,Одежда,23,1431.3333333333333,1431.3333333333333,0.0,174.0,4.2,424.3333333333333,2.6666666666666665,АО «Михайлова»,False,False,1,3,1,12.0,1519.0,27.0,1470.0,9.0,1549.0,15.333333333333334,1490.111111111111,15.285714285714286,1495.4761904761906,1420.0,107.0
Футболка H&M premium,2025-03-19,Нижний Новгород,H&M,Одежда,5,1220.0,1220.0,0.0,220.0,4.3,270.0,5.0,"ИП «Морозова, Алексеева и Ефремов»",False,False,2,3,1,23.0,1431.3333333333333,11.0,1520.0,10.0,1559.0,13.333333333333334,1390.111111111111,14.571428571428571,1447.047619047619,1210.0,122.0
Футболка H&M premium,2025-03-19,Новосибирск,H&M,Одежда,18,1600.0,1600.0,0.0,289.0,4.0,367.0,5.0,ОАО «Иванов Шилов»,False,False,2,3,1,5.0,1220.0,12.0,1519.0,13.0,1469.0,15.333333333333334,1417.111111111111,15.285714285714286,1465.7619047619048,1250.0,118.0
Футболка Zara базовая хлопковая,2025-03-01,Москва,Zara,Одежда,79,1660.0,1660.0,0.0,327.0,4.3,448.5,4.5,"ОАО «Соколов, Власов и Мясникова»",True,False,5,3,1,,,,,,,,,,,1389.0,162.0
Футболка Zara базовая хлопковая,2025-03-01,Ростов-на-Дону,Zara,Одежда,7,1925.0,1925.0,0.0,33.0,4.4,467.0,5.0,Группа компаний ПИК,True,False,5,3,1,79.0,1660.0,,,,,,,,,1832.5,192.0
Футболка Zara базовая хлопковая,2025-03-01,Уфа,Zara,Одежда,16,2330.0,2330.0,0.0,485.0,4.5,591.0,7.0,РАО «Мухина-Зимина»,True,False,5,3,1,7.0,1925.0,,,,,34.0,1971.6666666666667,,,2020.0,188.0
Футболка Zara базовая хлопковая,2025-03-02,Москва,Zara,Одежда,78,1587.0,1762.5,9.5,111.0,4.15,301.0,2.0,Ланит,True,False,6,3,1,16.0,2330.0,79.0,1660.0,,,33.666666666666664,1947.3333333333333,,,2219.0,118.0
Футболка Zara базовая хлопковая,2025-03-02,Ростов-на-Дону,Zara,Одежда,15,1330.0,2400.0,44.0,220.0,4.4,301.0,5.0,Соболева и партнеры,True,False,6,3,1,78.0,1587.0,7.0,1925.0,,,36.333333333333336,1749.0,,,1660.0,131.0
Футболка Zara базовая хлопковая,2025-03-03,Москва,Zara,Одежда,19,2040.0,2040.0,0.0,19.0,4.0,453.0,1.0,Media Direction Group,False,False,0,3,1,15.0,1330.0,16.0,2330.0,,,37.333333333333336,1652.3333333333333,,,1515.0,127.0
Футболка Zara базовая хлопковая,2025-03-03,Новосибирск,Zara,Одежда,16,1830.0,1830.0,0.0,362.0,4.3,526.0,5.0,НПО «Устинова-Быков»,False,False,0,3,1,19.0,2040.0,78.0,1587.0,,,16.666666666666668,1733.3333333333333,32.857142857142854,1814.5714285714287,1845.0,155.0
Футболка Zara базовая хлопковая,2025-03-03,Самара,Zara,Одежда,11,1389.0,2140.0,35.0,98.0,4.4,562.0,2.0,ИП «Баранов-Кошелев»,False,False,0,3,1,16.0,1830.0,15.0,1330.0,79.0,1660.0,15.333333333333334,1753.0,23.142857142857142,1775.857142857143,980.0,153.0
Футболка Zara базовая хлопковая,2025-03-03,Санкт-Петербург,Zara,Одежда,37,1832.5,2315.0,22.0,156.0,4.25,585.0,4.0,Анисимов Лтд,False,False,0,3,1,11.0,1389.0,19.0,2040.0,7.0,1925.0,21.333333333333332,1683.8333333333333,27.428571428571427,1762.642857142857,1710.0,131.0
Футболка Zara базовая хлопковая,2025-03-04,Санкт-Петербург,Zara,Одежда,12,2020.0,2020.0,0.0,448.0,4.2,406.0,5.0,Сысоева и партнеры,False,False,1,3,1,37.0,1832.5,16.0,1830.0,16.0,2330.0,20.0,1747.1666666666667,26.857142857142858,1718.357142857143,1570.0,134.0
Футболка Zara базовая хлопковая,2025-03-05,Новосибирск,Zara,Одежда,8,2219.0,2219.0,0.0,164.0,4.4,271.0,2.0,Ситников и партнеры,False,False,2,3,1,12.0,2020.0,11.0,1389.0,78.0,1587.0,19.0,2023.8333333333333,16.857142857142858,1808.642857142857,1635.0,156.0
Футболка Zara базовая хлопковая,2025-03-06,Москва,Zara,Одежда,28,1660.0,1660.0,0.0,362.0,4.5,245.0,3.0,НПО «Самойлов Уварова»,False,False,3,3,1,8.0,2219.0,37.0,1832.5,15.0,1330.0,16.0,1966.3333333333333,18.714285714285715,1855.7857142857142,1250.0,169.0
Футболка Zara базовая хлопковая,2025-03-06,Нижний Новгород,Zara,Одежда,15,1515.0,1890.0,21.0,216.0,4.55,326.0,2.5,Васильева и партнеры,False,False,3,3,1,28.0,1660.0,12.0,2020.0,19.0,2040.0,17.0,1798.0,18.142857142857142,1780.7857142857142,1185.0,170.0
Футболка Zara базовая хлопковая,2025-03-06,Санкт-Петербург,Zara,Одежда,44,1845.0,1845.0,0.0,233.0,4.25,538.0,1.5,НПО «Иванова»,False,False,3,3,1,15.0,1515.0,8.0,2219.0,16.0,1830.0,29.0,1673.3333333333333,22.142857142857142,1782.9285714285713,1279.5,190.0
Футболка Zara базовая хлопковая,2025-03-06,Челябинск,Zara,Одежда,9,980.0,1715.0,42.0,223.0,4.1,415.0,3.0,ПК Борец,False,False,3,3,1,44.0,1845.0,28.0,1660.0,11.0,1389.0,22.666666666666668,1446.6666666666667,21.857142857142858,1724.5,2429.0,200.0
Футболка Zara базовая хлопковая,2025-03-07,Казань,Zara,Одежда,15,1710.0,1710.0,0.0,258.0,4.2,341.0,5.0,"ООО «Горбунов, Селиверстов и Беспалова»",False,False,4,3,1,9.0,980.0,15.0,1515.0,37.0,1832.5,22.666666666666668,1511.6666666666667,18.714285714285715,1707.0,1649.0,197.0
Футболка Zara базовая хлопковая,2025-03-07,Москва,Zara,Одежда,15,1570.0,1570.0,0.0,307.0,4.6,478.0,3.0,ООО «Журавлев»,False,False,4,3,1,15.0,1710.0,44.0,1845.0,12.0,2020.0,13.0,1420.0,19.142857142857142,1642.7142857142858,1510.0,195.0
Футболка Zara базовая хлопковая,2025-03-08,Екатеринбург,Zara,Одежда,30,1635.0,1635.0,0.0,364.0,4.6,241.0,1.0,ИП «Исаева»,True,True,5,3,1,15.0,1570.0,9.0,980.0,8.0,2219.0,20.0,1638.3333333333333,22.285714285714285,1559.2857142857142,2109.0,171.0
Футболка Zara базовая хлопковая,2025-03-08,Челябинск,Zara,Одежда,41,1250.0,1580.0,21.0,63.0,4.2,605.0,5.0,ИП «Богданов Маркова»,True,True,5,3,1,30.0,1635.0,15.0,1710.0,28.0,1660.0,28.666666666666668,1485.0,24.142857142857142,1500.7142857142858,2295.0,144.0
Футболка Zara базовая хлопковая,2025-03-09,Екатеринбург,Zara,Одежда,16,1185.0,1560.0,24.0,431.0,4.1,241.0,5.0,ОАО «Суворова Суворов»,True,False,6,3,1,41.0,1250.0,15.0,1570.0,15.0,1515.0,29.0,1356.6666666666667,24.285714285714285,1453.5714285714287,2160.0,141.0
Футболка Zara базовая хлопковая,2025-03-09,Москва,Zara,Одежда,64,1279.5,1965.0,34.0,194.0,4.2,487.5,2.0,ИП «Комарова»,True,False,6,3,1,16.0,1185.0,30.0,1635.0,44.0,1845.0,40.333333333333336,1238.1666666666667,27.142857142857142,1372.7857142857142,1480.0,90.0
Футболка Zara базовая хлопковая,2025-03-09,Санкт-Петербург,Zara,Одежда,19,2429.0,2429.0,0.0,430.0,4.2,471.0,3.0,АО «Родионов Мухин»,True,False,6,3,1,64.0,1279.5,41.0,1250.0,9.0,980.0,33.0,1631.1666666666667,28.571428571428573,1579.7857142857142,2085.0,92.0
Футболка Zara базовая хлопковая,2025-03-10,Екатеринбург,Zara,Одежда,12,1649.0,1649.0,0.0,177.0,4.1,599.0,3.0,ИП «Селиверстов-Носкова»,False,False,0,3,1,19.0,2429.0,16.0,1185.0,15.0,1710.0,31.666666666666668,1785.8333333333333,28.142857142857142,1571.0714285714287,1780.0,94.0
Футболка Zara базовая хлопковая,2025-03-12,Екатеринбург,Zara,Одежда,13,1510.0,1510.0,0.0,62.0,4.3,437.0,3.0,"ООО «Тимофеева, Савельев и Казаков»",False,False,2,3,1,12.0,1649.0,64.0,1279.5,15.0,1570.0,14.666666666666666,1862.6666666666667,27.857142857142858,1562.5,2020.0,91.0
Футболка Zara базовая хлопковая,2025-03-13,Уфа,Zara,Одежда,6,2109.0,2109.0,0.0,280.0,4.4,367.0,5.0,ОАО «Кононова Савельев»,False,False,3,3,1,13.0,1510.0,19.0,2429.0,30.0,1635.0,10.333333333333334,1756.0,24.428571428571427,1630.2142857142858,1035.0,111.0
Футболка Zara базовая хлопковая,2025-03-14,Екатеринбург,Zara,Одежда,14,2295.0,2295.0,0.0,261.0,4.4,254.0,2.0,Райффайзенбанк (Raiffeisen),False,False,4,3,1,6.0,2109.0,12.0,1649.0,41.0,1250.0,11.0,1971.3333333333333,20.571428571428573,1779.5,1550.0,113.0
Футболка Zara базовая хлопковая,2025-03-14,Нижний Новгород,Zara,Одежда,13,2160.0,2160.0,0.0,258.0,4.3,218.0,1.0,НПО «Киселева Горбачева»,False,False,4,3,1,14.0,2295.0,13.0,1510.0,16.0,1185.0,11.0,2188.0,20.142857142857142,1918.7857142857142,2195.0,107.0
Футболка Zara базовая хлопковая,2025-03-14,Самара,Zara,Одежда,13,1480.0,1575.0,6.0,390.0,4.1,257.0,2.0,"НПО «Якушева, Терентьев и Лихачев»",False,False,4,3,1,13.0,2160.0,6.0,2109.0,64.0,1279.5,13.333333333333334,1978.3333333333333,12.857142857142858,1947.4285714285713,1295.0,100.0
Футболка Zara базовая хлопковая,2025-03-14,Санкт-Петербург,Zara,Одежда,21,2085.0,2270.0,8.0,349.0,4.2,338.0,2.0,Петролеум Трейдинг,False,False,4,3,1,13.0,1480.0,14.0,2295.0,19.0,2429.0,15.666666666666666,1908.3333333333333,13.142857142857142,1898.2857142857142,2295.0,101.0
Футболка Zara базовая хлопковая,2025-03-15,Челябинск,Zara,Одежда,14,1780.0,1780.0,0.0,174.0,4.6,395.0,3.0,ИП «Лазарев Герасимов»,True,False,5,3,1,21.0,2085.0,13.0,2160.0,12.0,1649.0,16.0,1781.6666666666667,13.428571428571429,1917.0,1680.0,98.0
Футболка Zara базовая хлопковая,2025-03-16,Казань,Zara,Одежда,10,2020.0,2020.0,0.0,471.0,4.0,307.0,5.0,"ОАО «Фомин, Голубева и Киселев»",True,False,6,3,1,14.0,1780.0,13.0,1480.0,13.0,1510.0,15.0,1961.6666666666667,13.0,1989.857142857143,1870.0,103.0
Футболка Zara базовая хлопковая,2025-03-16,Москва,Zara,Одежда,26,1035.0,1855.0,44.0,389.0,4.6,375.0,2.0,ИП «Коновалов Самойлова»,True,False,6,3,1,10.0,2020.0,21.0,2085.0,6.0,2109.0,16.666666666666668,1611.6666666666667,15.857142857142858,1836.4285714285713,970.0,96.0
Футболка Zara базовая хлопковая,2025-03-16,Ростов-на-Дону,Zara,Одежда,16,1550.0,1550.0,0.0,442.0,4.4,322.0,3.0,Монетка,True,False,6,3,1,26.0,1035.0,14.0,1780.0,14.0,2295.0,17.333333333333332,1535.0,16.142857142857142,1730.0,1930.0,88.0
Футболка Zara базовая хлопковая,2025-03-17,Самара,Zara,Одежда,7,2195.0,2195.0,0.0,116.0,4.1,441.0,2.0,АО «Крылов Лобанова»,False,False,0,3,1,16.0,1550.0,10.0,2020.0,13.0,2160.0,16.333333333333332,1593.3333333333333,15.285714285714286,1735.0,1919.0,94.0
Футболка Zara базовая хлопковая,2025-03-17,Челябинск,Zara,Одежда,6,1295.0,1600.0,19.0,444.0,4.3,416.0,3.0,"ОАО «Моисеева, Смирнов и Денисова»",False,False,0,3,1,7.0,2195.0,26.0,1035.0,13.0,1480.0,9.666666666666666,1680.0,14.285714285714286,1708.5714285714287,1670.0,99.0
Футболка Zara базовая хлопковая,2025-03-18,Москва,Zara,Одежда,22,2295.0,2295.0,0.0,205.0,4.0,240.0,2.0,АО «Субботин Абрамов»,False,False,1,3,1,6.0,1295.0,16.0,1550.0,21.0,2085.0,11.666666666666666,1928.3333333333333,14.428571428571429,1738.5714285714287,2215.0,110.0
Футболка Zara базовая хлопковая,2025-03-19,Нижний Новгород,Zara,Одежда,11,1680.0,1680.0,0.0,482.0,4.4,388.0,5.0,ООО «Беляев»,False,False,2,3,1,22.0,2295.0,7.0,2195.0,14.0,1780.0,13.0,1756.6666666666667,14.0,1724.2857142857142,2039.0,120.0
Футболка Zara базовая хлопковая,2025-03-19,Новосибирск,Zara,Одежда,15,1870.0,1870.0,0.0,144.0,4.3,414.0,3.0,ЗАО «Крылова Дмитриев»,False,False,2,3,1,11.0,1680.0,6.0,1295.0,10.0,2020.0,16.0,1948.3333333333333,14.714285714285714,1702.857142857143,2430.0,121.0
Футболка Zara базовая хлопковая,2025-03-19,Санкт-Петербург,Zara,Одежда,19,970.0,1795.0,46.0,160.0,4.5,600.0,5.0,"АО «Котов, Зимин и Куликов»",False,False,2,3,1,15.0,1870.0,22.0,2295.0,26.0,1035.0,15.0,1506.6666666666667,13.714285714285714,1693.5714285714287,2240.0,115.0
Футболка Zara базовая хлопковая,2025-03-19,Челябинск,Zara,Одежда,8,1930.0,1930.0,0.0,65.0,4.3,500.0,2.0,ООО «Корнилов-Филатова»,False,False,2,3,1,19.0,970.0,11.0,1680.0,16.0,1550.0,14.0,1590.0,12.571428571428571,1747.857142857143,2415.0,123.0
Холодильник Bosch Serie 6 VitaFresh Plus,2025-03-01,Нижний Новгород,Bosch,Бытовая техника,15,84645.0,84645.0,0.0,301.0,4.8,240.0,1.0,ЗАО «Голубева Потапова»,True,False,5,3,1,,,,,,,,,,,117890.0,142.0
Холодильник Bosch Serie 6 VitaFresh Plus,2025-03-01,Ростов-на-Дону,Bosch,Бытовая техника,16,114520.0,114520.0,0.0,61.0,4.4,245.0,2.0,ООО «Шестаков-Савельев»,True,False,5,3,1,15.0,84645.0,,,,,,,,,93630.0,135.0
Холодильник Bosch Serie 6 VitaFresh Plus,2025-03-02,Казань,Bosch,Бытовая техника,9,85655.0,85655.0,0.0,432.0,4.8,329.0,3.0,НПО «Фадеев-Егоров»,True,False,6,3,1,16.0,114520.0,,,,,13.333333333333334,94940.0,,,102530.0,131.0
Холодильник Bosch Serie 6 VitaFresh Plus,2025-03-02,Нижний Новгород,Bosch,Бытовая техника,13,95020.0,95020.0,0.0,420.0,4.8,484.0,7.0,Сибтрейд,True,False,6,3,1,9.0,85655.0,15.0,84645.0,,,12.666666666666666,98398.33333333333,,,116665.0,127.0
Холодильник Bosch Serie 6 VitaFresh Plus,2025-03-04,Москва,Bosch,Бытовая техника,26,52940.0,85405.0,38.0,170.0,4.8,545.0,7.0,Воробьев Лимитед,False,False,1,3,1,13.0,95020.0,16.0,114520.0,,,16.0,77871.66666666667,,,90520.0,108.0
Холодильник Bosch Serie 6 VitaFresh Plus,2025-03-05,Москва,Bosch,Бытовая техника,61,99630.0,99630.0,0.0,256.0,4.5,474.0,4.0,НПО «Чернова Дементьева»,False,False,2,3,1,26.0,52940.0,9.0,85655.0,,,33.333333333333336,82530.0,,,100145.0,88.0
Холодильник Bosch Serie 6 VitaFresh Plus,2025-03-05,Самара,Bosch,Бытовая техника,13,97804.5,97804.5,0.0,192.0,4.75,514.0,4.5,РАО «Шестаков-Щербакова»,False,False,2,3,1,61.0,99630.0,13.0,95020.0,,,33.333333333333336,83458.16666666667,21.857142857142858,90030.64285714286,84689.0,92.0
Холодильник Bosch Serie 6 VitaFresh Plus,2025-03-05,Уфа,Bosch,Бытовая техника,4,117890.0,117890.0,0.0,190.0,4.4,514.0,1.0,АО «Фокин»,False,False,2,3,1,13.0,97804.5,26.0,52940.0,15.0,84645.0,26.0,105108.16666666667,20.285714285714285,94779.92857142857,100780.0,123.0
Холодильник Bosch Serie 6 VitaFresh Plus,2025-03-06,Новосибирск,Bosch,Бытовая техника,9,93630.0,93630.0,0.0,217.0,4.3,473.0,5.0,Мельникова Инкорпорэйтед,False,False,3,3,1,4.0,117890.0,61.0,99630.0,16.0,114520.0,8.666666666666666,103108.16666666667,19.285714285714285,91795.64285714286,92330.0,124.0
Холодильник Bosch Serie 6 VitaFresh Plus,2025-03-06,Ростов-на-Дону,Bosch,Бытовая техника,5,102530.0,102530.0,0.0,168.0,4.5,573.0,7.0,"АО «Родионова, Морозова и Родионов»",False,False,3,3,1,9.0,93630.0,13.0,97804.5,9.0,85655.0,6.0,104683.33333333333,18.714285714285715,94206.35714285714,105195.0,129.0
Холодильник Bosch Serie 6 VitaFresh Plus,2025-03-07,Екатеринбург,Bosch,Бытовая техника,9,116665.0,116665.0,0.0,259.0,4.6,532.0,3.0,ООО «Большаков»,False,False,4,3,1,5.0,102530.0,4.0,117890.0,13.0,95020.0,7.666666666666667,104275.0,18.142857142857142,97298.5,108670.0,137.0
Холодильник Bosch Serie 6 VitaFresh Plus,2025-03-07,Челябинск,Bosch,Бытовая техника,7,90520.0,90520.0,0.0,121.0,4.5,599.0,5.0,Гуляев Лтд,False,False,4,3,1,9.0,116665.0,9.0,93630.0,26.0,52940.0,7.0,103238.33333333333,15.428571428571429,102667.07142857143,101290.0,147.0
Холодильник Bosch Serie 6 VitaFresh Plus,2025-03-08,Москва,Bosch,Бытовая техника,41,100145.0,100145.0,0.0,323.0,4.6,392.0,3.0,ОАО «Никифоров-Кулакова»,True,True,5,3,1,7.0,90520.0,5.0,102530.0,61.0,99630.0,19.0,102443.33333333333,12.571428571428571,102740.64285714286,99990.0,126.0
Холодильник Bosch Serie 6 VitaFresh Plus,2025-03-08,Уфа,Bosch,Бытовая техника,17,84689.0,84689.0,0.0,207.0,4.7,378.0,3.0,"ИП «Ларионов, Матвеев и Одинцова»",True,True,5,3,1,41.0,100145.0,9.0,116665.0,13.0,97804.5,21.666666666666668,91784.66666666667,13.142857142857142,100867.0,111975.0,120.0
Холодильник Bosch Serie 6 VitaFresh Plus,2025-03-09,Москва,Bosch,Бытовая техника,35,100780.0,100780.0,0.0,213.0,4.5,594.0,3.0,ОАО «Бобров»,True,False,6,3,1,17.0,84689.0,7.0,90520.0,4.0,117890.0,31.0,95204.66666666667,17.571428571428573,98422.71428571429,85479.0,101.0
Холодильник Bosch Serie 6 VitaFresh Plus,2025-03-10,Екатеринбург,Bosch,Бытовая техника,10,92330.0,92330.0,0.0,164.0,4.6,499.0,2.0,ОАО «Алексеев Никифорова»,False,False,0,3,1,35.0,100780.0,41.0,100145.0,9.0,93630.0,20.666666666666668,92599.66666666667,17.714285714285715,98237.0,81845.0,105.0
Холодильник Bosch Serie 6 VitaFresh Plus,2025-03-10,Самара,Bosch,Бытовая техника,10,105195.0,105195.0,0.0,160.0,4.4,414.0,3.0,АО «Колесников Беляев»,False,False,0,3,1,10.0,92330.0,17.0,84689.0,5.0,102530.0,18.333333333333332,99435.0,18.428571428571427,98617.71428571429,105804.66666666667,128.0
Холодильник Bosch Serie 6 VitaFresh Plus,2025-03-10,Санкт-Петербург,Bosch,Бытовая техника,17,108670.0,108670.0,0.0,161.0,4.3,686.0,3.0,ИП «Носкова Миронов»,False,False,0,3,1,10.0,105195.0,35.0,100780.0,9.0,116665.0,12.333333333333334,102065.0,19.571428571428573,97475.57142857143,105530.0,131.0
Холодильник Bosch Serie 6 VitaFresh Plus,2025-03-11,Москва,Bosch,Бытовая техника,17,101290.0,101290.0,0.0,512.0,4.4,610.0,1.0,РАО «Захарова Зимин»,False,False,1,3,1,17.0,108670.0,10.0,92330.0,7.0,90520.0,14.666666666666666,105051.66666666667,21.0,99014.14285714286,78035.0,119.0
Холодильник Bosch Serie 6 VitaFresh Plus,2025-03-11,Новосибирск,Bosch,Бытовая техника,20,99990.0,99990.0,0.0,255.0,4.7,645.0,2.0,НПО «Исакова»,False,False,1,3,1,17.0,101290.0,10.0,105195.0,41.0,100145.0,18.0,103316.66666666667,18.0,98992.0,89859.0,120.0
Холодильник Bosch Serie 6 VitaFresh Plus,2025-03-11,Самара,Bosch,Бытовая техника,11,111975.0,111975.0,0.0,18.0,4.3,500.0,1.0,ООО «Носкова»,False,False,1,3,1,20.0,99990.0,17.0,108670.0,17.0,84689.0,16.0,104418.33333333333,17.142857142857142,102890.0,95190.0,117.0
Холодильник Bosch Serie 6 VitaFresh Plus,2025-03-11,Санкт-Петербург,Bosch,Бытовая техника,16,85479.0,85479.0,0.0,485.0,4.6,469.0,7.0,"РАО «Родионова, Колесникова и Блинов»",False,False,1,3,1,11.0,111975.0,17.0,101290.0,35.0,100780.0,15.666666666666666,99148.0,14.428571428571429,100704.14285714286,106432.5,130.0
Холодильник Bosch Serie 6 VitaFresh Plus,2025-03-12,Москва,Bosch,Бытовая техника,14,81845.0,97435.0,16.0,18.0,4.8,607.0,2.0,ЗАО «Дмитриева»,False,False,2,3,1,16.0,85479.0,20.0,99990.0,10.0,92330.0,13.666666666666666,93099.66666666667,15.0,99206.28571428571,92540.0,139.0
Холодильник Bosch Serie 6 VitaFresh Plus,2025-03-12,Нижний Новгород,Bosch,Бытовая техника,33,105804.66666666667,105804.66666666667,0.0,220.33333333333334,4.7,396.3333333333333,3.0,ООО «Самсонова-Харитонов»,False,False,2,3,1,14.0,81845.0,11.0,111975.0,10.0,105195.0,21.0,91042.88888888889,18.285714285714285,99293.38095238095,97625.0,124.0
Холодильник Bosch Serie 6 VitaFresh Plus,2025-03-12,Новосибирск,Bosch,Бытовая техника,20,105530.0,105530.0,0.0,491.0,4.8,523.0,3.0,ЛУКОЙЛ,False,False,2,3,1,33.0,105804.66666666667,16.0,85479.0,17.0,108670.0,22.333333333333332,97726.55555555556,18.714285714285715,98844.80952380951,95560.0,142.0
Холодильник Bosch Serie 6 VitaFresh Plus,2025-03-12,Ростов-на-Дону,Bosch,Бытовая техника,5,78035.0,82150.0,5.0,349.0,4.4,458.0,2.0,Полякова Групп,False,False,2,3,1,20.0,105530.0,14.0,81845.0,17.0,101290.0,19.333333333333332,96456.55555555556,17.0,95522.66666666666,85035.0,148.0
Холодильник Bosch Serie 6 VitaFresh Plus,2025-03-12,Санкт-Петербург,Bosch,Бытовая техника,21,89859.0,89859.0,0.0,310.5,4.699999999999999,445.5,4.5,Роснефть,False,False,2,3,1,5.0,78035.0,33.0,105804.66666666667,20.0,99990.0,15.333333333333334,91141.33333333333,17.142857142857142,94075.38095238095,91815.0,147.0
Холодильник Bosch Serie 6 VitaFresh Plus,2025-03-12,Уфа,Bosch,Бытовая техника,8,95190.0,95190.0,0.0,150.0,4.6,473.0,5.0,ОАО «Носков-Кононов»,False,False,2,3,1,21.0,89859.0,20.0,105530.0,11.0,111975.0,11.333333333333334,87694.66666666667,16.714285714285715,91677.5238095238,101930.0,164.0
Холодильник Bosch Serie 6 VitaFresh Plus,2025-03-13,Екатеринбург,Bosch,Бытовая техника,29,106432.5,106432.5,0.0,261.5,4.8,519.0,2.0,ИП «Евсеев»,False,False,3,3,1,8.0,95190.0,5.0,78035.0,16.0,85479.0,19.333333333333332,97160.5,18.571428571428573,94670.88095238095,117740.0,144.0
Холодильник Bosch Serie 6 VitaFresh Plus,2025-03-13,Москва,Bosch,Бытовая техника,23,92540.0,92540.0,0.0,393.0,4.7,635.0,2.0,ИП «Маркова Архипова»,False,False,3,3,1,29.0,106432.5,21.0,89859.0,14.0,81845.0,20.0,98054.16666666667,19.857142857142858,96198.73809523809,77859.0,142.0
Холодильник Bosch Serie 6 VitaFresh Plus,2025-03-13,Санкт-Петербург,Bosch,Бытовая техника,18,97625.0,97625.0,0.0,223.0,4.4,447.0,2.0,"РАО «Ершова, Цветков и Щербакова»",False,False,3,3,1,23.0,92540.0,8.0,95190.0,33.0,105804.66666666667,23.333333333333332,98865.83333333333,17.714285714285715,95030.21428571429,81720.0,137.0
Холодильник Bosch Serie 6 VitaFresh Plus,2025-03-15,Москва,Bosch,Бытовая техника,38,95560.0,95560.0,0.0,372.0,4.9,683.0,2.0,ЗАО «Евдокимова-Суворов»,True,False,5,3,1,18.0,97625.0,29.0,106432.5,20.0,105530.0,26.333333333333332,95241.66666666667,20.285714285714285,93605.92857142857,67810.0,103.0
Холодильник Bosch Serie 6 VitaFresh Plus,2025-03-15,Самара,Bosch,Бытовая техника,11,85035.0,85035.0,0.0,457.0,4.4,503.0,7.0,ЗАО «Исаев»,True,False,5,3,1,38.0,95560.0,23.0,92540.0,5.0,78035.0,22.333333333333332,92740.0,21.142857142857142,94605.92857142857,64810.0,104.0
Холодильник Bosch Serie 6 VitaFresh Plus,2025-03-15,Уфа,Bosch,Бытовая техника,20,91815.0,91815.0,0.0,163.0,4.7,536.0,3.0,ЗАО «Осипова-Соболева»,True,False,5,3,1,11.0,85035.0,18.0,97625.0,21.0,89859.0,23.0,90803.33333333333,21.0,94885.35714285714,84940.0,102.0
Холодильник Bosch Serie 6 VitaFresh Plus,2025-03-16,Екатеринбург,Bosch,Бытовая техника,25,101930.0,101930.0,0.0,446.0,4.8,659.0,3.0,Виноградов Лимитед,True,False,6,3,1,20.0,91815.0,38.0,95560.0,8.0,95190.0,18.666666666666668,92926.66666666667,23.428571428571427,95848.21428571429,61290.0,85.0
Холодильник Bosch Serie 6 VitaFresh Plus,2025-03-16,Нижний Новгород,Bosch,Бытовая техника,9,117740.0,117740.0,0.0,37.0,4.4,501.0,3.0,РАО «Дмитриева»,True,False,6,3,1,25.0,101930.0,11.0,85035.0,29.0,106432.5,18.0,103828.33333333333,20.571428571428573,97463.57142857143,86243.0,125.0
Холодильник Bosch Serie 6 VitaFresh Plus,2025-03-17,Москва,Bosch,Бытовая техника,21,77859.0,86510.0,10.0,305.0,4.5,569.0,2.0,РАО «Кириллов»,False,False,0,3,1,9.0,117740.0,20.0,91815.0,23.0,92540.0,18.333333333333332,99176.33333333333,20.285714285714285,95366.28571428571,111310.0,113.0
Холодильник Bosch Serie 6 VitaFresh Plus,2025-03-17,Нижний Новгород,Bosch,Бытовая техника,13,81720.0,89815.0,9.0,384.0,4.3,324.0,3.0,НПО «Шилова»,False,False,0,3,1,21.0,77859.0,25.0,101930.0,18.0,97625.0,14.333333333333334,92439.66666666667,19.571428571428573,93094.14285714286,109609.0,117.0
Холодильник Bosch Serie 6 VitaFresh Plus,2025-03-17,Уфа,Bosch,Бытовая техника,4,67810.0,105960.0,36.0,395.0,4.6,459.0,2.0,РАО «Сорокин-Рыбаков»,False,False,0,3,1,13.0,81720.0,9.0,117740.0,38.0,95560.0,12.666666666666666,75796.33333333333,14.714285714285714,89129.85714285714,89770.0,126.0
Холодильник Bosch Serie 6 VitaFresh Plus,2025-03-18,Казань,Bosch,Бытовая техника,12,64810.0,109840.0,41.0,164.0,4.6,507.0,5.0,Александрова Лимитед,False,False,1,3,1,4.0,67810.0,21.0,77859.0,11.0,85035.0,9.666666666666666,71446.66666666667,14.857142857142858,86240.57142857143,98800.0,128.0
Холодильник Bosch Serie 6 VitaFresh Plus,2025-03-18,Москва,Bosch,Бытовая техника,18,84940.0,99940.0,15.0,36.0,4.5,477.0,3.0,Субботин Инкорпорэйтед,False,False,1,3,1,12.0,64810.0,13.0,81720.0,20.0,91815.0,11.333333333333334,72520.0,14.571428571428571,85258.42857142857,114700.0,123.0
Холодильник Bosch Serie 6 VitaFresh Plus,2025-03-18,Новосибирск,Bosch,Бытовая техника,8,61290.0,102170.0,40.0,139.0,4.5,567.0,5.0,ООО «Пестова»,False,False,1,3,1,18.0,84940.0,4.0,67810.0,25.0,101930.0,12.666666666666666,70346.66666666667,12.142857142857142,79452.71428571429,68860.0,125.0
Холодильник Bosch Serie 6 VitaFresh Plus,2025-03-18,Санкт-Петербург,Bosch,Бытовая техника,49,86243.0,86243.0,0.0,370.6666666666667,4.633333333333334,445.6666666666667,2.6666666666666665,Группа Нэфис,False,False,1,3,1,8.0,61290.0,12.0,64810.0,9.0,117740.0,25.0,77491.0,17.857142857142858,74953.14285714286,71112.0,115.0
Холодильник Bosch Serie 6 VitaFresh Plus,2025-03-18,Челябинск,Bosch,Бытовая техника,9,111310.0,111310.0,0.0,244.0,4.7,457.0,2.0,НПО «Алексеева Тарасова»,False,False,1,3,1,49.0,86243.0,18.0,84940.0,21.0,77859.0,22.0,86281.0,16.142857142857142,79731.85714285714,92349.0,131.0
Холодильник Bosch Serie 6 VitaFresh Plus,2025-03-19,Москва,Bosch,Бытовая техника,17,109609.0,109609.0,0.0,430.0,4.8,581.0,7.0,ТД Интерторг,False,False,2,3,1,9.0,111310.0,8.0,61290.0,13.0,81720.0,25.0,102387.33333333333,16.714285714285715,83716.0,95459.0,126.0
Холодильник Bosch Serie 6 VitaFresh Plus,2025-03-19,Санкт-Петербург,Bosch,Бытовая техника,13,89770.0,89770.0,0.0,85.0,4.7,626.0,3.0,РАО «Никифоров Корнилова»,False,False,2,3,1,17.0,109609.0,49.0,86243.0,4.0,67810.0,13.0,103563.0,18.0,86853.14285714286,102045.0,147.0
Холодильник Bosch Serie 6 VitaFresh Plus,2025-03-19,Челябинск,Bosch,Бытовая техника,14,98800.0,98800.0,0.0,416.0,4.4,602.0,2.0,Восток-Запад,False,False,2,3,1,13.0,89770.0,9.0,111310.0,12.0,64810.0,14.666666666666666,99393.0,18.285714285714285,91708.85714285714,71970.0,164.0
Холодильник LG DoorCooling+ GC-B569,2025-03-01,Нижний Новгород,LG,Бытовая техника,42,96747.0,96747.0,0.0,290.5,4.85,409.0,3.0,ОАО «Калинин»,True,False,5,3,1,,,,,,,,,,,78860.0,220.0
Холодильник LG DoorCooling+ GC-B569,2025-03-02,Екатеринбург,LG,Бытовая техника,26,97090.0,97090.0,0.0,222.0,4.4,644.0,2.0,"РАО «Журавлева, Никитина и Веселов»",True,False,6,3,1,42.0,96747.0,,,,,,,,,78940.0,208.0
Холодильник LG DoorCooling+ GC-B569,2025-03-02,Казань,LG,Бытовая техника,33,87027.5,91240.0,5.0,60.5,4.75,419.0,3.5,Восточный экспресс банк,True,False,6,3,1,26.0,97090.0,,,,,33.666666666666664,93621.5,,,76129.0,202.0
Холодильник LG DoorCooling+ GC-B569,2025-03-02,Москва,LG,Бытовая техника,58,94797.0,94797.0,0.0,462.0,4.65,360.5,5.0,ЗАО «Сергеев»,True,False,6,3,1,33.0,87027.5,42.0,96747.0,,,39.0,92971.5,,,75870.0,161.0
Холодильник LG DoorCooling+ GC-B569,2025-03-03,Екатеринбург,LG,Бытовая техника,27,82919.0,82919.0,0.0,251.0,4.65,410.0,5.0,АО «Денисов-Колобова»,False,False,0,3,1,58.0,94797.0,26.0,97090.0,,,39.333333333333336,88247.83333333333,,,91410.0,150.0
Холодильник LG DoorCooling+ GC-B569,2025-03-03,Казань,LG,Бытовая техника,15,90060.0,90060.0,0.0,164.0,4.7,662.0,7.0,Гусев и партнеры,False,False,0,3,1,27.0,82919.0,33.0,87027.5,,,33.333333333333336,89258.66666666667,,,90900.0,150.0
Холодильник LG DoorCooling+ GC-B569,2025-03-03,Москва,LG,Бытовая техника,41,86852.5,92085.0,5.5,405.0,4.55,475.0,2.5,ОАО «Бирюков»,False,False,0,3,1,15.0,90060.0,58.0,94797.0,,,27.666666666666668,86610.5,34.57142857142857,90784.71428571429,72170.0,129.0
Холодильник LG DoorCooling+ GC-B569,2025-03-03,Новосибирск,LG,Бытовая техника,20,78860.0,78860.0,0.0,257.0,4.6,627.0,5.0,АО «Горбачева»,False,False,0,3,1,41.0,86852.5,27.0,82919.0,42.0,96747.0,25.333333333333332,85257.5,31.428571428571427,88229.42857142857,80209.0,129.0
Холодильник LG DoorCooling+ GC-B569,2025-03-04,Новосибирск,LG,Бытовая техника,14,78940.0,78940.0,0.0,352.0,4.9,677.0,2.0,ООО «Ситников Некрасова»,False,False,1,3,1,20.0,78860.0,15.0,90060.0,26.0,97090.0,25.0,81550.83333333333,29.714285714285715,85636.57142857143,90695.0,149.0
Холодильник LG DoorCooling+ GC-B569,2025-03-04,Санкт-Петербург,LG,Бытовая техника,27,76129.0,76129.0,0.0,332.0,4.9,571.0,1.0,ИП «Горшков Шаров»,False,False,1,3,1,14.0,78940.0,41.0,86852.5,33.0,87027.5,20.333333333333332,77976.33333333333,28.857142857142858,84079.64285714286,95389.0,141.0
Холодильник LG DoorCooling+ GC-B569,2025-03-05,Москва,LG,Бытовая техника,17,75870.0,75870.0,0.0,489.0,4.8,487.0,5.0,АО «Волков-Иванов»,False,False,2,3,1,27.0,76129.0,20.0,78860.0,58.0,94797.0,19.333333333333332,76979.66666666667,23.0,81375.78571428571,58509.0,140.0
Холодильник LG DoorCooling+ GC-B569,2025-03-06,Новосибирск,LG,Бытовая техника,16,91410.0,91410.0,0.0,126.0,4.5,691.0,5.0,Группа компаний МИЦ,False,False,3,3,1,17.0,75870.0,14.0,78940.0,27.0,82919.0,20.0,81136.33333333333,21.428571428571427,82588.78571428571,83787.0,158.0
Холодильник LG DoorCooling+ GC-B569,2025-03-06,Самара,LG,Бытовая техника,15,90900.0,98810.0,8.0,249.0,4.6,403.0,3.0,"ООО «Сысоева, Тимофеев и Сафонов»",False,False,3,3,1,16.0,91410.0,27.0,76129.0,15.0,90060.0,16.0,86060.0,21.428571428571427,82708.78571428571,53405.0,177.0
Холодильник LG DoorCooling+ GC-B569,2025-03-07,Екатеринбург,LG,Бытовая техника,20,72170.0,97539.0,26.0,79.0,4.9,610.0,3.0,ОАО «Наумова Авдеев»,False,False,4,3,1,15.0,90900.0,17.0,75870.0,41.0,86852.5,17.0,84826.66666666667,18.428571428571427,80611.28571428571,93925.0,174.0
Холодильник LG DoorCooling+ GC-B569,2025-03-07,Новосибирск,LG,Бытовая техника,20,80209.0,80209.0,0.0,177.0,4.6,419.0,2.0,АО «Крылова-Гусева»,False,False,4,3,1,20.0,72170.0,16.0,91410.0,20.0,78860.0,18.333333333333332,81093.0,18.428571428571427,80804.0,81820.0,176.0
Холодильник LG DoorCooling+ GC-B569,2025-03-08,Екатеринбург,LG,Бытовая техника,34,90695.0,90695.0,0.0,377.0,4.8,457.0,2.0,Гурьев Инк,True,True,5,3,1,20.0,80209.0,15.0,90900.0,14.0,78940.0,24.666666666666668,81024.66666666667,21.285714285714285,82483.28571428571,97489.0,151.0
Холодильник LG DoorCooling+ GC-B569,2025-03-08,Ростов-на-Дону,LG,Бытовая техника,19,95389.0,95389.0,0.0,497.0,4.9,285.0,7.0,ООО «Кабанова Алексеева»,True,True,5,3,1,34.0,90695.0,20.0,72170.0,27.0,76129.0,24.333333333333332,88764.33333333333,20.142857142857142,85234.71428571429,50247.5,181.0
Холодильник LG DoorCooling+ GC-B569,2025-03-08,Самара,LG,Бытовая техника,16,58509.0,104490.0,44.0,321.0,4.7,504.0,2.0,НПО «Суворов Лазарева»,True,True,5,3,1,19.0,95389.0,20.0,80209.0,17.0,75870.0,23.0,81531.0,20.0,82754.57142857143,83005.0,184.0
Холодильник LG DoorCooling+ GC-B569,2025-03-08,Челябинск,LG,Бытовая техника,34,83787.0,83787.0,0.0,438.5,4.4,606.0,3.5,Бристоль,True,True,5,3,1,16.0,58509.0,34.0,90695.0,16.0,91410.0,23.0,79228.33333333333,22.571428571428573,81665.57142857143,100059.0,159.0
Холодильник LG DoorCooling+ GC-B569,2025-03-09,Москва,LG,Бытовая техника,34,53405.0,77399.0,31.0,413.0,4.6,523.0,3.0,АО «Кулагин-Марков»,True,False,6,3,1,34.0,83787.0,19.0,95389.0,15.0,90900.0,28.0,65233.666666666664,25.285714285714285,76309.14285714286,78700.0,138.0
Холодильник LG DoorCooling+ GC-B569,2025-03-09,Нижний Новгород,LG,Бытовая техника,17,93925.0,93925.0,0.0,354.0,4.4,575.0,3.0,"ИП «Анисимова, Белова и Маслова»",True,False,6,3,1,34.0,53405.0,16.0,58509.0,20.0,72170.0,28.333333333333332,77039.0,24.857142857142858,79417.0,92225.0,135.0
Холодильник LG DoorCooling+ GC-B569,2025-03-09,Самара,LG,Бытовая техника,22,81820.0,81820.0,0.0,373.0,4.7,580.0,2.0,ОАО «Белоусова Ковалев»,True,False,6,3,1,17.0,93925.0,34.0,83787.0,20.0,80209.0,24.333333333333332,76383.33333333333,25.142857142857142,79647.14285714286,72324.5,151.0
Холодильник LG DoorCooling+ GC-B569,2025-03-10,Челябинск,LG,Бытовая техника,9,97489.0,102620.0,5.0,198.0,4.7,278.0,3.0,АО «Власов»,False,False,0,3,1,22.0,81820.0,34.0,53405.0,34.0,90695.0,16.0,91078.0,21.571428571428573,80617.71428571429,76430.0,151.0
Холодильник LG DoorCooling+ GC-B569,2025-03-11,Санкт-Петербург,LG,Бытовая техника,49,50247.5,89120.0,44.0,292.5,4.85,393.5,3.5,ИП «Аксенова-Рогова»,False,False,1,3,1,9.0,97489.0,17.0,93925.0,19.0,95389.0,26.666666666666668,76518.83333333333,25.857142857142858,74168.92857142857,73257.5,130.0
Холодильник LG DoorCooling+ GC-B569,2025-03-12,Екатеринбург,LG,Бытовая техника,19,83005.0,83005.0,0.0,276.0,4.5,253.0,1.0,СОГАЗ,False,False,2,3,1,49.0,50247.5,22.0,81820.0,16.0,58509.0,25.666666666666668,76913.83333333333,26.285714285714285,77668.35714285714,76870.0,119.0
Холодильник LG DoorCooling+ GC-B569,2025-03-12,Уфа,LG,Бытовая техника,9,100059.0,100059.0,0.0,200.0,4.5,621.0,3.0,Быкова Инкорпорэйтед,False,False,2,3,1,19.0,83005.0,9.0,97489.0,34.0,83787.0,25.666666666666668,77770.5,22.714285714285715,79992.92857142857,87047.5,132.0
Холодильник LG DoorCooling+ GC-B569,2025-03-12,Челябинск,LG,Бытовая техника,13,78700.0,78700.0,0.0,377.0,4.5,606.0,2.0,ИП «Артемьев-Быкова»,False,False,2,3,1,9.0,100059.0,49.0,50247.5,34.0,53405.0,13.666666666666666,87254.66666666667,19.714285714285715,83606.5,101869.0,147.0
Холодильник LG DoorCooling+ GC-B569,2025-03-13,Казань,LG,Бытовая техника,14,92225.0,92225.0,0.0,157.0,4.5,248.0,3.0,ИП «Федорова Игнатова»,False,False,3,3,1,13.0,78700.0,19.0,83005.0,17.0,93925.0,12.0,90328.0,19.285714285714285,83363.64285714286,102665.0,144.0
Холодильник LG DoorCooling+ GC-B569,2025-03-13,Москва,LG,Бытовая техника,38,72324.5,90962.0,21.5,394.5,4.8,511.0,2.0,"ОАО «Гусева, Федотов и Кошелева»",False,False,3,3,1,14.0,92225.0,9.0,100059.0,22.0,81820.0,21.666666666666668,81083.16666666667,21.571428571428573,82007.14285714286,77680.0,136.0
Холодильник LG DoorCooling+ GC-B569,2025-03-13,Ростов-на-Дону,LG,Бытовая техника,9,76430.0,76430.0,0.0,331.0,4.7,346.0,5.0,ЮниКредит Банк (UniCredit),False,False,3,3,1,38.0,72324.5,13.0,78700.0,9.0,97489.0,20.333333333333332,80326.5,21.571428571428573,78998.71428571429,87280.0,147.0
Холодильник LG DoorCooling+ GC-B569,2025-03-13,Санкт-Петербург,LG,Бытовая техника,28,73257.5,91295.0,23.0,361.0,4.6,528.5,2.5,ЗАО «Александрова»,False,False,3,3,1,9.0,76430.0,14.0,92225.0,49.0,50247.5,25.0,74004.0,18.571428571428573,82285.85714285714,89422.0,166.0
Холодильник LG DoorCooling+ GC-B569,2025-03-14,Челябинск,LG,Бытовая техника,8,76870.0,76870.0,0.0,458.0,5.0,614.0,3.0,"ОАО «Гусева, Ефремов и Блохин»",False,False,4,3,1,28.0,73257.5,38.0,72324.5,19.0,83005.0,15.0,75519.16666666667,17.0,81409.42857142857,73750.0,169.0
Холодильник LG DoorCooling+ GC-B569,2025-03-15,Казань,LG,Бытовая техника,22,87047.5,87047.5,0.0,213.0,4.550000000000001,614.0,2.0,РАО «Васильев-Логинов»,True,False,5,3,1,8.0,76870.0,9.0,76430.0,9.0,100059.0,19.333333333333332,79058.33333333333,18.857142857142858,79550.64285714286,83299.0,164.0
Холодильник LG DoorCooling+ GC-B569,2025-03-15,Москва,LG,Бытовая техника,28,101869.0,101869.0,0.0,379.0,4.7,418.0,5.0,ООО «Лаврентьев»,True,False,5,3,1,22.0,87047.5,28.0,73257.5,13.0,78700.0,19.333333333333332,88595.5,21.0,82860.5,79480.0,150.0
Холодильник LG DoorCooling+ GC-B569,2025-03-15,Нижний Новгород,LG,Бытовая техника,11,102665.0,102665.0,0.0,223.0,4.5,508.0,3.0,Металлоинвест,True,False,5,3,1,28.0,101869.0,8.0,76870.0,14.0,92225.0,20.333333333333332,97193.83333333333,20.571428571428573,84351.92857142857,86317.5,164.0
Холодильник LG DoorCooling+ GC-B569,2025-03-15,Санкт-Петербург,LG,Бытовая техника,30,77680.0,77680.0,0.0,183.0,4.5,358.0,7.0,ГК СНС,True,False,5,3,1,11.0,102665.0,22.0,87047.5,38.0,72324.5,23.0,94071.33333333333,19.428571428571427,85117.0,86675.0,152.0
Холодильник LG DoorCooling+ GC-B569,2025-03-16,Казань,LG,Бытовая техника,20,87280.0,87280.0,0.0,259.0,4.7,321.0,2.0,РАО «Лапин»,True,False,6,3,1,30.0,77680.0,28.0,101869.0,9.0,76430.0,20.333333333333332,89208.33333333333,21.0,86667.0,74870.0,169.0
Холодильник LG DoorCooling+ GC-B569,2025-03-17,Москва,LG,Бытовая техника,47,89422.0,89422.0,0.0,424.0,4.55,472.5,4.0,Технологии машиностроения (Техмаш),False,False,0,3,1,20.0,87280.0,11.0,102665.0,28.0,73257.5,32.333333333333336,84794.0,23.714285714285715,88976.21428571429,102729.0,140.0
Холодильник LG DoorCooling+ GC-B569,2025-03-17,Уфа,LG,Бытовая техника,11,73750.0,98349.0,25.0,85.0,4.7,558.0,3.0,РАО «Меркушева Носков»,False,False,0,3,1,47.0,89422.0,30.0,77680.0,8.0,76870.0,26.0,83484.0,24.142857142857142,88530.5,87575.0,168.0
Холодильник LG DoorCooling+ GC-B569,2025-03-18,Москва,LG,Бытовая техника,17,83299.0,100360.0,17.0,103.0,4.7,506.0,3.0,Совкомбанк,False,False,1,3,1,11.0,73750.0,20.0,87280.0,22.0,87047.5,25.0,82157.0,23.428571428571427,87995.0,100039.0,166.0
Холодильник LG DoorCooling+ GC-B569,2025-03-19,Челябинск,LG,Бытовая техника,14,79480.0,79480.0,0.0,384.0,4.7,638.0,5.0,Князев Инкорпорэйтед,False,False,2,3,1,17.0,83299.0,47.0,89422.0,28.0,101869.0,14.0,78843.0,21.428571428571427,84796.57142857143,57610.0,170.0
Холодильник Samsung Family Hub RF65,2025-03-01,Новосибирск,Samsung,Бытовая техника,18,122470.0,122470.0,0.0,194.0,4.8,328.0,3.0,Жукова и партнеры,True,False,5,3,1,,,,,,,,,,,132779.0,151.0
Холодильник Samsung Family Hub RF65,2025-03-01,Санкт-Петербург,Samsung,Бытовая техника,23,117799.0,117799.0,0.0,265.0,5.0,419.0,5.0,"РАО «Моисеев, Журавлев и Титова»",True,False,5,3,1,18.0,122470.0,,,,,,,,,88509.0,138.0
Холодильник Samsung Family Hub RF65,2025-03-01,Челябинск,Samsung,Бытовая техника,23,110569.0,110569.0,0.0,160.0,4.6,455.0,2.0,"НПО «Сергеева, Костина и Молчанова»",True,False,5,3,1,23.0,117799.0,,,,,21.333333333333332,116946.0,,,142915.0,130.0
Холодильник Samsung Family Hub RF65,2025-03-02,Москва,Samsung,Бытовая техника,37,129950.0,129950.0,0.0,480.0,4.8,526.0,2.0,НПО «Савина Зайцева»,True,False,6,3,1,23.0,110569.0,18.0,122470.0,,,27.666666666666668,119439.33333333333,,,115690.0,106.0
Холодильник Samsung Family Hub RF65,2025-03-02,Новосибирск,Samsung,Бытовая техника,20,148770.0,148770.0,0.0,366.0,4.7,328.0,3.0,Объединенная двигателестроительная корпорация,True,False,6,3,1,37.0,129950.0,23.0,117799.0,,,26.666666666666668,129763.0,,,145175.0,103.0
Холодильник Samsung Family Hub RF65,2025-03-03,Екатеринбург,Samsung,Бытовая техника,7,119219.0,119219.0,0.0,56.0,4.6,359.0,1.0,А Групп,False,False,0,3,1,20.0,148770.0,23.0,110569.0,,,21.333333333333332,132646.33333333334,,,132900.0,121.0
Холодильник Samsung Family Hub RF65,2025-03-03,Москва,Samsung,Бытовая техника,34,104305.0,113379.0,8.0,216.0,4.8,621.0,3.0,НПО «Зайцева-Харитонова»,False,False,0,3,1,7.0,119219.0,37.0,129950.0,,,20.333333333333332,124098.0,23.142857142857142,121868.85714285714,121330.0,98.0
Холодильник Samsung Family Hub RF65,2025-03-03,Нижний Новгород,Samsung,Бытовая техника,7,132779.0,132779.0,0.0,496.0,4.6,668.0,3.0,Фаберлик,False,False,0,3,1,34.0,104305.0,20.0,148770.0,18.0,122470.0,16.0,118767.66666666667,21.571428571428573,123341.57142857143,111070.0,101.0
Холодильник Samsung Family Hub RF65,2025-03-04,Казань,Samsung,Бытовая техника,10,88509.0,113479.0,22.0,202.0,4.5,551.0,1.0,Марвел КТ,False,False,1,3,1,7.0,132779.0,7.0,119219.0,23.0,117799.0,17.0,108531.0,19.714285714285715,119157.28571428571,84650.0,99.0
Холодильник Samsung Family Hub RF65,2025-03-04,Москва,Samsung,Бытовая техника,15,142915.0,142915.0,0.0,382.0,4.6,473.0,7.0,"ООО «Рогова, Воробьева и Моисеева»",False,False,1,3,1,10.0,88509.0,34.0,104305.0,23.0,110569.0,10.666666666666666,121401.0,18.571428571428573,123778.14285714286,106030.0,107.0
Холодильник Samsung Family Hub RF65,2025-03-04,Самара,Samsung,Бытовая техника,13,115690.0,115690.0,0.0,138.0,4.9,651.0,2.0,Мишина Лимитед,False,False,1,3,1,15.0,142915.0,7.0,132779.0,37.0,129950.0,12.666666666666666,115704.66666666667,15.142857142857142,121741.0,128750.0,145.0
Холодильник Samsung Family Hub RF65,2025-03-05,Новосибирск,Samsung,Бытовая техника,17,145175.0,145175.0,0.0,422.0,5.0,656.0,2.0,Комус,False,False,2,3,1,13.0,115690.0,10.0,88509.0,20.0,148770.0,15.0,134593.33333333334,14.714285714285714,121227.42857142857,120920.0,184.0
Холодильник Samsung Family Hub RF65,2025-03-05,Санкт-Петербург,Samsung,Бытовая техника,25,132900.0,132900.0,0.0,507.0,4.9,586.0,3.0,Группа компаний ПИК,False,False,2,3,1,17.0,145175.0,15.0,142915.0,7.0,119219.0,18.333333333333332,131255.0,17.285714285714285,123181.85714285714,137379.0,207.0
Холодильник Samsung Family Hub RF65,2025-03-05,Уфа,Samsung,Бытовая техника,11,121330.0,125545.0,3.0,228.0,4.6,319.5,3.5,РАО «Меркушев Морозов»,False,False,2,3,1,25.0,132900.0,13.0,115690.0,34.0,104305.0,17.666666666666668,133135.0,14.0,125614.0,97960.0,207.0
Холодильник Samsung Family Hub RF65,2025-03-06,Екатеринбург,Samsung,Бытовая техника,10,111070.0,111070.0,0.0,28.0,5.0,523.0,5.0,ИП «Александрова Красильников»,False,False,3,3,1,11.0,121330.0,17.0,145175.0,7.0,132779.0,15.333333333333334,121766.66666666667,14.428571428571429,122512.71428571429,124019.0,214.0
Холодильник Samsung Family Hub RF65,2025-03-07,Казань,Samsung,Бытовая техника,8,84650.0,130229.0,35.0,135.0,4.7,676.0,7.0,АО «Рыбаков»,False,False,4,3,1,10.0,111070.0,25.0,132900.0,10.0,88509.0,9.666666666666666,105683.33333333333,14.142857142857142,121961.42857142857,124680.0,213.0
Холодильник Samsung Family Hub RF65,2025-03-08,Екатеринбург,Samsung,Бытовая техника,23,106030.0,134215.0,21.0,308.0,4.5,456.0,2.0,"АО «Семенов, Осипов и Блохин»",True,True,5,3,1,8.0,84650.0,11.0,121330.0,15.0,142915.0,13.666666666666666,100583.33333333333,15.285714285714286,116692.14285714286,88282.5,235.0
Холодильник Samsung Family Hub RF65,2025-03-08,Москва,Samsung,Бытовая техника,51,128750.0,138449.0,7.0,232.0,5.0,675.0,1.0,ЗАО «Зуев-Симонов»,True,True,5,3,1,23.0,106030.0,10.0,111070.0,13.0,115690.0,27.333333333333332,106476.66666666667,20.714285714285715,118557.85714285714,146305.0,193.0
Холодильник Samsung Family Hub RF65,2025-03-08,Новосибирск,Samsung,Бытовая техника,56,120920.0,120920.0,0.0,29.0,4.7,414.0,2.0,АО «Туров»,True,True,5,3,1,51.0,128750.0,8.0,84650.0,17.0,145175.0,43.333333333333336,118566.66666666667,26.285714285714285,115092.85714285714,88600.0,149.0
Холодильник Samsung Family Hub RF65,2025-03-08,Самара,Samsung,Бытовая техника,48,137379.0,137379.0,0.0,156.0,4.9,344.0,2.0,Группа Магнезит,True,True,5,3,1,56.0,120920.0,23.0,106030.0,25.0,132900.0,51.666666666666664,129016.33333333333,29.571428571428573,115732.71428571429,149825.0,115.0
Холодильник Samsung Family Hub RF65,2025-03-09,Нижний Новгород,Samsung,Бытовая техника,11,97960.0,127240.0,23.0,407.0,5.0,260.0,1.0,НПО «Борисов Баранов»,True,False,6,3,1,48.0,137379.0,51.0,128750.0,11.0,121330.0,38.333333333333336,118753.0,29.571428571428573,112394.14285714286,128724.5,133.0
Холодильник Samsung Family Hub RF65,2025-03-09,Новосибирск,Samsung,Бытовая техника,17,124019.0,124019.0,0.0,29.0,4.8,441.0,2.0,"ООО «Крюков, Брагин и Панова»",True,False,6,3,1,11.0,97960.0,56.0,120920.0,10.0,111070.0,25.333333333333332,119786.0,30.571428571428573,114244.0,140760.0,129.0
Холодильник Samsung Family Hub RF65,2025-03-10,Екатеринбург,Samsung,Бытовая техника,7,124680.0,124680.0,0.0,407.0,5.0,585.0,5.0,Фокин Групп,False,False,0,3,1,17.0,124019.0,48.0,137379.0,8.0,84650.0,11.666666666666666,115553.0,30.428571428571427,119962.57142857143,74869.0,139.0
Холодильник Samsung Family Hub RF65,2025-03-10,Москва,Samsung,Бытовая техника,45,88282.5,120150.0,25.0,329.5,4.6,512.5,6.0,РАО «Абрамов Емельянова»,False,False,0,3,1,7.0,124680.0,11.0,97960.0,23.0,106030.0,23.0,112327.16666666667,33.57142857142857,117427.21428571429,75650.0,114.0
Холодильник Samsung Family Hub RF65,2025-03-10,Челябинск,Samsung,Бытовая техника,9,146305.0,146305.0,0.0,358.0,4.7,300.0,2.0,ЗАО «Никонов-Михайлова»,False,False,0,3,1,45.0,88282.5,17.0,124019.0,51.0,128750.0,20.333333333333332,119755.83333333333,27.571428571428573,119935.07142857143,126800.0,121.0
Холодильник Samsung Family Hub RF65,2025-03-11,Казань,Samsung,Бытовая техника,12,88600.0,140639.0,37.0,142.0,4.7,562.0,3.0,ЗАО «Казаков»,False,False,1,3,1,9.0,146305.0,7.0,124680.0,56.0,120920.0,22.0,107729.16666666667,21.285714285714285,115317.92857142857,131660.0,119.0
Холодильник Samsung Family Hub RF65,2025-03-12,Москва,Samsung,Бытовая техника,14,149825.0,149825.0,0.0,454.0,4.9,607.0,3.0,ООО «Николаева Якушева»,False,False,2,3,1,12.0,88600.0,45.0,88282.5,48.0,137379.0,11.666666666666666,128243.33333333333,16.428571428571427,117095.92857142857,114145.0,122.0
Холодильник Samsung Family Hub RF65,2025-03-13,Новосибирск,Samsung,Бытовая техника,29,128724.5,128724.5,0.0,391.5,4.85,648.5,4.0,Соколова Инк,False,False,3,3,1,14.0,149825.0,9.0,146305.0,11.0,97960.0,18.333333333333332,122383.16666666667,19.0,121490.85714285714,137189.0,110.0
Холодильник Samsung Family Hub RF65,2025-03-13,Уфа,Samsung,Бытовая техника,13,140760.0,140760.0,0.0,106.0,4.8,639.0,5.0,Емельянов Лтд,False,False,3,3,1,29.0,128724.5,12.0,88600.0,17.0,124019.0,18.666666666666668,139769.83333333334,18.428571428571427,123882.42857142857,148100.0,116.0
Холодильник Samsung Family Hub RF65,2025-03-14,Нижний Новгород,Samsung,Бытовая техника,17,74869.0,149745.0,50.0,38.0,4.8,270.0,2.0,Зуев Инкорпорэйтед,False,False,4,3,1,13.0,140760.0,14.0,149825.0,7.0,124680.0,19.666666666666668,114784.5,19.857142857142858,116766.57142857143,121980.0,111.0
Холодильник Samsung Family Hub RF65,2025-03-15,Самара,Samsung,Бытовая техника,20,75650.0,145499.0,48.0,331.0,4.9,668.0,3.0,НПО «Кошелева-Васильева»,True,False,5,3,1,17.0,74869.0,29.0,128724.5,45.0,88282.5,16.666666666666668,97093.0,16.285714285714285,114961.92857142857,141200.0,99.0
Холодильник Samsung Family Hub RF65,2025-03-15,Санкт-Петербург,Samsung,Бытовая техника,16,126800.0,126800.0,0.0,76.0,5.0,674.0,3.0,Хендэ Мотор СНГ (Hyundai),True,False,5,3,1,20.0,75650.0,13.0,140760.0,9.0,146305.0,17.666666666666668,92439.66666666667,17.285714285714285,112175.5,146649.0,97.0
Холодильник Samsung Family Hub RF65,2025-03-16,Самара,Samsung,Бытовая техника,10,131660.0,131660.0,0.0,232.0,4.6,468.0,1.0,ИП «Носова»,True,False,6,3,1,16.0,126800.0,17.0,74869.0,12.0,88600.0,15.333333333333334,111370.0,17.0,118326.92857142857,137719.0,100.0
Холодильник Samsung Family Hub RF65,2025-03-17,Новосибирск,Samsung,Бытовая техника,17,114145.0,114145.0,0.0,396.0,4.9,552.0,2.0,ООО «Харитонов-Новиков»,False,False,0,3,1,10.0,131660.0,20.0,75650.0,14.0,149825.0,14.333333333333334,124201.66666666667,17.428571428571427,113229.78571428571,122259.0,89.0
Холодильник Samsung Family Hub RF65,2025-03-18,Екатеринбург,Samsung,Бытовая техника,17,137189.0,137189.0,0.0,272.0,4.5,431.0,7.0,НПО «Зуев Ларионова»,False,False,1,3,1,17.0,114145.0,16.0,126800.0,29.0,128724.5,14.666666666666666,127664.66666666667,15.714285714285714,114439.0,148950.0,88.0
Холодильник Samsung Family Hub RF65,2025-03-19,Екатеринбург,Samsung,Бытовая техника,19,148100.0,148100.0,0.0,213.0,5.0,530.0,3.0,"ЗАО «Тихонова, Журавлева и Хохлова»",False,False,2,3,1,17.0,137189.0,10.0,131660.0,13.0,140760.0,17.666666666666668,133144.66666666666,16.571428571428573,115487.57142857143,110060.0,86.0
Холодильник Samsung Family Hub RF65,2025-03-19,Санкт-Петербург,Samsung,Бытовая техника,12,121980.0,121980.0,0.0,304.0,4.8,671.0,7.0,ЗАО «Якушева Якушев»,False,False,2,3,1,19.0,148100.0,17.0,114145.0,17.0,74869.0,16.0,135756.33333333334,15.857142857142858,122217.71428571429,137389.0,110.0
Холодильник Samsung Family Hub RF65,2025-03-19,Уфа,Samsung,Бытовая техника,8,141200.0,141200.0,0.0,159.0,4.8,416.0,3.0,НПО «Андреева Волкова»,False,False,2,3,1,12.0,121980.0,17.0,137189.0,20.0,75650.0,13.0,137093.33333333334,14.142857142857142,131582.0,75970.0,117.0
